2024-12-27 07:12:57,873 - INFO - Note: NumExpr detected 24 cores but "NUMEXPR_MAX_THREADS" not set, so enforcing safe limit of 8.
2024-12-27 07:12:57,873 - INFO - NumExpr defaulting to 8 threads.
2024-12-27 07:13:20,364 - INFO - Epoch: 1, Loss: 9.663134761154652
2024-12-27 07:14:26,873 - INFO - Note: NumExpr detected 24 cores but "NUMEXPR_MAX_THREADS" not set, so enforcing safe limit of 8.
2024-12-27 07:14:26,873 - INFO - NumExpr defaulting to 8 threads.
2024-12-27 07:14:49,338 - INFO - Epoch: 1, Loss: 9.571980848908424
2024-12-27 07:14:49,379 - INFO - Cosine Similarity: 0.03272837623953819, Variance: 2.4574086666107178
2024-12-27 07:14:57,235 - INFO - Epoch: 2, Loss: 9.409369431436062
2024-12-27 07:14:57,265 - INFO - Cosine Similarity: -0.045054750004783276, Variance: 2.4590506553649902
2024-12-27 07:15:05,127 - INFO - Epoch: 3, Loss: 9.390830114483833
2024-12-27 07:15:05,157 - INFO - Cosine Similarity: 0.00013604797422885894, Variance: 2.458164930343628
2024-12-27 07:15:12,981 - INFO - Epoch: 4, Loss: 9.404705241322517
2024-12-27 07:15:13,020 - INFO - Cosine Similarity: 0.032987323962152, Variance: 2.4573769569396973
2024-12-27 07:15:20,798 - INFO - Epoch: 5, Loss: 9.387401826679707
2024-12-27 07:15:20,839 - INFO - Cosine Similarity: 0.01578013338148594, Variance: 2.4578261375427246
2024-12-27 07:15:28,528 - INFO - Epoch: 6, Loss: 9.396890856325626
2024-12-27 07:15:28,561 - INFO - Cosine Similarity: -0.0016248051077127456, Variance: 2.4581398963928223
2024-12-27 07:15:35,961 - INFO - Epoch: 7, Loss: 9.391358345746994
2024-12-27 07:15:36,004 - INFO - Cosine Similarity: 0.007453275471925735, Variance: 2.458001136779785
2024-12-27 07:15:43,445 - INFO - Epoch: 8, Loss: 9.388529874384403
2024-12-27 07:15:43,475 - INFO - Cosine Similarity: -0.0565240167081356, Variance: 2.4589779376983643
2024-12-27 07:15:51,139 - INFO - Epoch: 9, Loss: 9.388380073010921
2024-12-27 07:15:51,172 - INFO - Cosine Similarity: 0.010230654291808606, Variance: 2.4579555988311768
2024-12-27 07:15:58,963 - INFO - Epoch: 10, Loss: 9.366281270980835
2024-12-27 07:15:58,996 - INFO - Cosine Similarity: -0.013542390242218972, Variance: 2.4583358764648438
2024-12-27 07:16:21,621 - INFO - Epoch: 1, Loss: 7.5301380679011345
2024-12-27 07:16:21,656 - INFO - Cosine Similarity: -0.00639166533946991, Variance: 1.915140151977539
2024-12-27 07:16:29,496 - INFO - Epoch: 2, Loss: 7.458582930266857
2024-12-27 07:16:29,530 - INFO - Cosine Similarity: -0.012081766501069069, Variance: 1.9158157110214233
2024-12-27 07:16:37,362 - INFO - Epoch: 3, Loss: 7.477060049772263
2024-12-27 07:16:37,406 - INFO - Cosine Similarity: 0.01367600541561842, Variance: 1.9149574041366577
2024-12-27 07:16:45,346 - INFO - Epoch: 4, Loss: 7.455943554639816
2024-12-27 07:16:45,387 - INFO - Cosine Similarity: -0.003508133627474308, Variance: 1.9151136875152588
2024-12-27 07:16:53,246 - INFO - Epoch: 5, Loss: 7.463232055306435
2024-12-27 07:16:53,282 - INFO - Cosine Similarity: -0.018999515241011976, Variance: 1.9153016805648804
2024-12-27 07:17:01,156 - INFO - Epoch: 6, Loss: 7.477277390658855
2024-12-27 07:17:01,179 - INFO - Cosine Similarity: 0.013608401268720626, Variance: 1.9149582386016846
2024-12-27 07:17:09,047 - INFO - Epoch: 7, Loss: 7.475931391119957
2024-12-27 07:17:09,082 - INFO - Cosine Similarity: 0.00370304686948657, Variance: 1.9150569438934326
2024-12-27 07:17:16,927 - INFO - Epoch: 8, Loss: 7.469145819544792
2024-12-27 07:17:16,956 - INFO - Cosine Similarity: -0.010300363693386317, Variance: 1.9153928756713867
2024-12-27 07:17:24,805 - INFO - Epoch: 9, Loss: 7.482213757932186
2024-12-27 07:17:24,836 - INFO - Cosine Similarity: -0.0728474823758006, Variance: 1.915862798690796
2024-12-27 07:17:32,673 - INFO - Epoch: 10, Loss: 7.470251128077507
2024-12-27 07:17:32,704 - INFO - Cosine Similarity: 0.045204455009661616, Variance: 1.914648413658142
2024-12-27 07:17:54,600 - INFO - Epoch: 1, Loss: 6.810848370194435
2024-12-27 07:17:54,638 - INFO - Cosine Similarity: 0.007563204225152731, Variance: 1.7172231674194336
2024-12-27 07:18:02,533 - INFO - Epoch: 2, Loss: 6.764196068048477
2024-12-27 07:18:02,564 - INFO - Cosine Similarity: 0.04207448847591877, Variance: 1.716978669166565
2024-12-27 07:18:10,471 - INFO - Epoch: 3, Loss: 6.7692044749855995
2024-12-27 07:18:10,506 - INFO - Cosine Similarity: -0.04599161967635155, Variance: 1.717644453048706
2024-12-27 07:18:18,413 - INFO - Epoch: 4, Loss: 6.766418062150478
2024-12-27 07:18:18,446 - INFO - Cosine Similarity: 0.0014132960699498654, Variance: 1.7172561883926392
2024-12-27 07:18:26,314 - INFO - Epoch: 5, Loss: 6.7786000072956085
2024-12-27 07:18:26,347 - INFO - Cosine Similarity: 0.06696274802088738, Variance: 1.7165601253509521
2024-12-27 07:18:34,233 - INFO - Epoch: 6, Loss: 6.778649069368839
2024-12-27 07:18:34,264 - INFO - Cosine Similarity: 0.027390247210860252, Variance: 1.7170671224594116
2024-12-27 07:18:42,181 - INFO - Epoch: 7, Loss: 6.775454215705395
2024-12-27 07:18:42,221 - INFO - Cosine Similarity: -0.004360878933221101, Variance: 1.7172998189926147
2024-12-27 07:18:50,232 - INFO - Epoch: 8, Loss: 6.774374186992645
2024-12-27 07:18:50,263 - INFO - Cosine Similarity: 0.034765039850026366, Variance: 1.7169345617294312
2024-12-27 07:18:58,213 - INFO - Epoch: 9, Loss: 6.7764028161764145
2024-12-27 07:18:58,249 - INFO - Cosine Similarity: -0.027628007531166076, Variance: 1.7175458669662476
2024-12-27 07:19:06,133 - INFO - Epoch: 10, Loss: 6.775353774428368
2024-12-27 07:19:06,164 - INFO - Cosine Similarity: 0.011731498874723911, Variance: 1.7171945571899414
2024-12-27 07:19:28,022 - INFO - Epoch: 1, Loss: 6.391891777515411
2024-12-27 07:19:28,055 - INFO - Cosine Similarity: -0.023763305321335793, Variance: 1.6635957956314087
2024-12-27 07:19:35,968 - INFO - Epoch: 2, Loss: 6.356485277414322
2024-12-27 07:19:35,997 - INFO - Cosine Similarity: 0.021730664372444152, Variance: 1.663374662399292
2024-12-27 07:19:43,913 - INFO - Epoch: 3, Loss: 6.377501457929611
2024-12-27 07:19:43,947 - INFO - Cosine Similarity: 0.051345090568065646, Variance: 1.6632442474365234
2024-12-27 07:19:51,814 - INFO - Epoch: 4, Loss: 6.362136363983154
2024-12-27 07:19:51,848 - INFO - Cosine Similarity: -0.012120629101991654, Variance: 1.663553237915039
2024-12-27 07:19:59,707 - INFO - Epoch: 5, Loss: 6.37073227763176
2024-12-27 07:19:59,730 - INFO - Cosine Similarity: -0.0283799447119236, Variance: 1.6637026071548462
2024-12-27 07:20:07,616 - INFO - Epoch: 6, Loss: 6.366461604833603
2024-12-27 07:20:07,650 - INFO - Cosine Similarity: -0.00909897182136774, Variance: 1.6636022329330444
2024-12-27 07:20:15,531 - INFO - Epoch: 7, Loss: 6.372241981327534
2024-12-27 07:20:15,568 - INFO - Cosine Similarity: 0.04381529055535793, Variance: 1.6631847620010376
2024-12-27 07:20:23,464 - INFO - Epoch: 8, Loss: 6.375226184725761
2024-12-27 07:20:23,500 - INFO - Cosine Similarity: -0.03126396182924509, Variance: 1.6637378931045532
2024-12-27 07:20:31,349 - INFO - Epoch: 9, Loss: 6.368860773742199
2024-12-27 07:20:31,390 - INFO - Cosine Similarity: -0.00726296603679657, Variance: 1.663568139076233
2024-12-27 07:20:39,291 - INFO - Epoch: 10, Loss: 6.369154669344425
2024-12-27 07:20:39,327 - INFO - Cosine Similarity: -0.004626860655844211, Variance: 1.6635611057281494
2024-12-27 07:21:01,749 - INFO - Epoch: 1, Loss: 6.084022700786591
2024-12-27 07:21:01,791 - INFO - Cosine Similarity: 0.045833303779363635, Variance: 1.58112370967865
2024-12-27 07:21:09,772 - INFO - Epoch: 2, Loss: 6.0594838336110115
2024-12-27 07:21:09,814 - INFO - Cosine Similarity: 0.012795341946184636, Variance: 1.581228494644165
2024-12-27 07:21:17,764 - INFO - Epoch: 3, Loss: 6.071342267096043
2024-12-27 07:21:17,797 - INFO - Cosine Similarity: 0.013348590210080146, Variance: 1.5812019109725952
2024-12-27 07:21:25,709 - INFO - Epoch: 4, Loss: 6.069102466106415
2024-12-27 07:21:25,733 - INFO - Cosine Similarity: -0.01720019243657589, Variance: 1.5813583135604858
2024-12-27 07:21:33,612 - INFO - Epoch: 5, Loss: 6.063331410288811
2024-12-27 07:21:33,644 - INFO - Cosine Similarity: -0.003510341141372919, Variance: 1.5812890529632568
2024-12-27 07:21:41,544 - INFO - Epoch: 6, Loss: 6.071843206882477
2024-12-27 07:21:41,581 - INFO - Cosine Similarity: 0.0009812647476792336, Variance: 1.581284761428833
2024-12-27 07:21:49,498 - INFO - Epoch: 7, Loss: 6.06714154407382
2024-12-27 07:21:49,540 - INFO - Cosine Similarity: -0.014768715016543865, Variance: 1.581372857093811
2024-12-27 07:21:57,430 - INFO - Epoch: 8, Loss: 6.077731434255838
2024-12-27 07:21:57,468 - INFO - Cosine Similarity: -0.051560729183256625, Variance: 1.5816380977630615
2024-12-27 07:22:05,359 - INFO - Epoch: 9, Loss: 6.080714039504528
2024-12-27 07:22:05,398 - INFO - Cosine Similarity: -0.026072199270129204, Variance: 1.5814296007156372
2024-12-27 07:22:13,300 - INFO - Epoch: 10, Loss: 6.061215531080961
2024-12-27 07:22:13,339 - INFO - Cosine Similarity: 0.018427499011158942, Variance: 1.5811948776245117
2024-12-27 07:22:35,056 - INFO - Epoch: 1, Loss: 5.860806230455637
2024-12-27 07:22:35,088 - INFO - Cosine Similarity: 0.04864224148914218, Variance: 1.5806679725646973
2024-12-27 07:22:43,022 - INFO - Epoch: 2, Loss: 5.839124117046595
2024-12-27 07:22:43,064 - INFO - Cosine Similarity: 0.01633294764906168, Variance: 1.580747365951538
2024-12-27 07:22:51,040 - INFO - Epoch: 3, Loss: 5.846366912126541
2024-12-27 07:22:51,072 - INFO - Cosine Similarity: 0.029573414102196695, Variance: 1.5806084871292114
2024-12-27 07:22:59,033 - INFO - Epoch: 4, Loss: 5.853223968297243
2024-12-27 07:22:59,083 - INFO - Cosine Similarity: -0.013944377005100251, Variance: 1.5810153484344482
2024-12-27 07:23:07,031 - INFO - Epoch: 5, Loss: 5.853092323988676
2024-12-27 07:23:07,064 - INFO - Cosine Similarity: 0.005372782610356808, Variance: 1.580810546875
2024-12-27 07:23:15,014 - INFO - Epoch: 6, Loss: 5.846323382109404
2024-12-27 07:23:15,065 - INFO - Cosine Similarity: 0.051486090011894706, Variance: 1.5806008577346802
2024-12-27 07:23:22,983 - INFO - Epoch: 7, Loss: 5.845729406923056
2024-12-27 07:23:23,016 - INFO - Cosine Similarity: -0.0358754204120487, Variance: 1.5809738636016846
2024-12-27 07:23:30,933 - INFO - Epoch: 8, Loss: 5.840468514710665
2024-12-27 07:23:30,968 - INFO - Cosine Similarity: 0.006635484099388122, Variance: 1.5808069705963135
2024-12-27 07:23:38,842 - INFO - Epoch: 9, Loss: 5.85088300332427
2024-12-27 07:23:38,873 - INFO - Cosine Similarity: 0.012663651816546917, Variance: 1.5807230472564697
2024-12-27 07:23:46,815 - INFO - Epoch: 10, Loss: 5.858403421938419
2024-12-27 07:23:46,848 - INFO - Cosine Similarity: -0.0190006549237296, Variance: 1.5809433460235596
2024-12-27 07:24:08,619 - INFO - Epoch: 1, Loss: 5.673317488282919
2024-12-27 07:24:08,649 - INFO - Cosine Similarity: -0.0021872539073228836, Variance: 1.6100953817367554
2024-12-27 07:24:16,623 - INFO - Epoch: 2, Loss: 5.653224714100361
2024-12-27 07:24:16,648 - INFO - Cosine Similarity: -0.011477281991392373, Variance: 1.6101257801055908
2024-12-27 07:24:24,616 - INFO - Epoch: 3, Loss: 5.663415018469095
2024-12-27 07:24:24,651 - INFO - Cosine Similarity: -0.037575885513797404, Variance: 1.6102813482284546
2024-12-27 07:24:32,597 - INFO - Epoch: 4, Loss: 5.6658658012747765
2024-12-27 07:24:32,623 - INFO - Cosine Similarity: -0.012870942987501622, Variance: 1.6101903915405273
2024-12-27 07:24:40,558 - INFO - Epoch: 5, Loss: 5.6613183952867985
2024-12-27 07:24:40,591 - INFO - Cosine Similarity: 0.0355441827327013, Variance: 1.6099374294281006
2024-12-27 07:24:48,627 - INFO - Epoch: 6, Loss: 5.654011506587267
2024-12-27 07:24:48,661 - INFO - Cosine Similarity: 0.00955414641648531, Variance: 1.610059142112732
2024-12-27 07:24:56,718 - INFO - Epoch: 7, Loss: 5.667015288025141
2024-12-27 07:24:56,751 - INFO - Cosine Similarity: -0.012974042445421219, Variance: 1.610184907913208
2024-12-27 07:25:04,833 - INFO - Epoch: 8, Loss: 5.671571254730225
2024-12-27 07:25:04,873 - INFO - Cosine Similarity: 0.041131231002509594, Variance: 1.609923005104065
2024-12-27 07:25:12,885 - INFO - Epoch: 9, Loss: 5.664843402802944
2024-12-27 07:25:12,921 - INFO - Cosine Similarity: 0.03277293276041746, Variance: 1.60996413230896
2024-12-27 07:25:20,867 - INFO - Epoch: 10, Loss: 5.660907179117203
2024-12-27 07:25:20,906 - INFO - Cosine Similarity: 0.027693542838096618, Variance: 1.6099703311920166
2024-12-27 07:25:42,882 - INFO - Epoch: 1, Loss: 5.527024280279875
2024-12-27 07:25:42,918 - INFO - Cosine Similarity: -0.02407502233982086, Variance: 1.5347169637680054
2024-12-27 07:25:50,832 - INFO - Epoch: 2, Loss: 5.513473130762577
2024-12-27 07:25:50,867 - INFO - Cosine Similarity: -0.02223210856318474, Variance: 1.534749984741211
2024-12-27 07:25:58,798 - INFO - Epoch: 3, Loss: 5.511090531945229
2024-12-27 07:25:58,832 - INFO - Cosine Similarity: 0.0025708381086587905, Variance: 1.5346744060516357
2024-12-27 07:26:06,758 - INFO - Epoch: 4, Loss: 5.527507346123457
2024-12-27 07:26:06,795 - INFO - Cosine Similarity: 0.015478414902463555, Variance: 1.5345690250396729
2024-12-27 07:26:14,708 - INFO - Epoch: 5, Loss: 5.525418251752853
2024-12-27 07:26:14,732 - INFO - Cosine Similarity: 0.05224319454282522, Variance: 1.5344014167785645
2024-12-27 07:26:22,667 - INFO - Epoch: 6, Loss: 5.5210342817008495
2024-12-27 07:26:22,699 - INFO - Cosine Similarity: -0.027973060309886933, Variance: 1.534789800643921
2024-12-27 07:26:30,604 - INFO - Epoch: 7, Loss: 5.5189445205032825
2024-12-27 07:26:30,639 - INFO - Cosine Similarity: 0.04746229201555252, Variance: 1.5344399213790894
2024-12-27 07:26:38,551 - INFO - Epoch: 8, Loss: 5.5105329267680645
2024-12-27 07:26:38,583 - INFO - Cosine Similarity: -0.02020221445709467, Variance: 1.534718632698059
2024-12-27 07:26:46,574 - INFO - Epoch: 9, Loss: 5.511139292269945
2024-12-27 07:26:46,600 - INFO - Cosine Similarity: -0.020761756226420403, Variance: 1.534772276878357
2024-12-27 07:26:54,633 - INFO - Epoch: 10, Loss: 5.52389719337225
2024-12-27 07:26:54,666 - INFO - Cosine Similarity: -0.033878305461257696, Variance: 1.5349273681640625
2024-12-27 07:27:16,701 - INFO - Epoch: 1, Loss: 5.390158329159021
2024-12-27 07:27:16,736 - INFO - Cosine Similarity: -0.011835371609777212, Variance: 1.5361254215240479
2024-12-27 07:27:24,674 - INFO - Epoch: 2, Loss: 5.375916518270969
2024-12-27 07:27:24,716 - INFO - Cosine Similarity: -0.0387173896189779, Variance: 1.5361723899841309
2024-12-27 07:27:32,684 - INFO - Epoch: 3, Loss: 5.381593305617571
2024-12-27 07:27:32,737 - INFO - Cosine Similarity: 0.012307659909129142, Variance: 1.5360482931137085
2024-12-27 07:27:40,666 - INFO - Epoch: 4, Loss: 5.384510036557913
2024-12-27 07:27:40,707 - INFO - Cosine Similarity: -0.036271467246115206, Variance: 1.5362958908081055
2024-12-27 07:27:48,658 - INFO - Epoch: 5, Loss: 5.383202344179153
2024-12-27 07:27:48,701 - INFO - Cosine Similarity: -0.05116952396929264, Variance: 1.5363575220108032
2024-12-27 07:27:56,634 - INFO - Epoch: 6, Loss: 5.382039733231068
2024-12-27 07:27:56,676 - INFO - Cosine Similarity: -0.03074575811624527, Variance: 1.536179780960083
2024-12-27 07:28:04,626 - INFO - Epoch: 7, Loss: 5.383384630084038
2024-12-27 07:28:04,658 - INFO - Cosine Similarity: -0.028778953291475774, Variance: 1.5362281799316406
2024-12-27 07:28:12,616 - INFO - Epoch: 8, Loss: 5.390635538846254
2024-12-27 07:28:12,656 - INFO - Cosine Similarity: -0.041625000163912775, Variance: 1.5364829301834106
2024-12-27 07:28:20,587 - INFO - Epoch: 9, Loss: 5.390810463577509
2024-12-27 07:28:20,616 - INFO - Cosine Similarity: 0.006435360945761204, Variance: 1.5360695123672485
2024-12-27 07:28:28,563 - INFO - Epoch: 10, Loss: 5.389543443918228
2024-12-27 07:28:28,595 - INFO - Cosine Similarity: 0.007057349756360054, Variance: 1.5360631942749023
2024-12-27 07:28:50,268 - INFO - Epoch: 1, Loss: 5.188321847468615
2024-12-27 07:28:50,304 - INFO - Cosine Similarity: 0.028836493939161302, Variance: 1.4877229928970337
2024-12-27 07:28:58,249 - INFO - Epoch: 2, Loss: 5.194149490445852
2024-12-27 07:28:58,283 - INFO - Cosine Similarity: 0.01659359410405159, Variance: 1.4877153635025024
2024-12-27 07:29:06,249 - INFO - Epoch: 3, Loss: 5.183265183120966
2024-12-27 07:29:06,283 - INFO - Cosine Similarity: -0.018016431666910648, Variance: 1.4878299236297607
2024-12-27 07:29:14,224 - INFO - Epoch: 4, Loss: 5.183087054640055
2024-12-27 07:29:14,262 - INFO - Cosine Similarity: -0.03782977797091007, Variance: 1.4879381656646729
2024-12-27 07:29:22,201 - INFO - Epoch: 5, Loss: 5.182125732302666
2024-12-27 07:29:22,235 - INFO - Cosine Similarity: -0.029380839318037033, Variance: 1.4879357814788818
2024-12-27 07:29:30,184 - INFO - Epoch: 6, Loss: 5.18749687448144
2024-12-27 07:29:30,220 - INFO - Cosine Similarity: 0.0037495912984013557, Variance: 1.4877744913101196
2024-12-27 07:29:38,166 - INFO - Epoch: 7, Loss: 5.192283391952515
2024-12-27 07:29:38,200 - INFO - Cosine Similarity: -0.03592611961066723, Variance: 1.4879764318466187
2024-12-27 07:29:46,152 - INFO - Epoch: 8, Loss: 5.187254797667265
2024-12-27 07:29:46,191 - INFO - Cosine Similarity: -0.008943388983607293, Variance: 1.4878404140472412
2024-12-27 07:29:54,091 - INFO - Epoch: 9, Loss: 5.191238787025213
2024-12-27 07:29:54,124 - INFO - Cosine Similarity: 0.020490295067429543, Variance: 1.487694501876831
2024-12-27 07:30:02,044 - INFO - Epoch: 10, Loss: 5.193346671760082
2024-12-27 07:30:02,074 - INFO - Cosine Similarity: 0.06839227620512248, Variance: 1.4875620603561401
2024-12-27 07:30:23,852 - INFO - Epoch: 1, Loss: 5.018578264862299
2024-12-27 07:30:23,890 - INFO - Cosine Similarity: -0.02663526125252247, Variance: 1.4939017295837402
2024-12-27 07:30:31,796 - INFO - Epoch: 2, Loss: 5.01899104192853
2024-12-27 07:30:31,832 - INFO - Cosine Similarity: -0.012333946116268635, Variance: 1.4938557147979736
2024-12-27 07:30:39,758 - INFO - Epoch: 3, Loss: 5.00689934194088
2024-12-27 07:30:39,793 - INFO - Cosine Similarity: -0.02656231978908181, Variance: 1.4938876628875732
2024-12-27 07:30:47,750 - INFO - Epoch: 4, Loss: 5.01484452188015
2024-12-27 07:30:47,800 - INFO - Cosine Similarity: 0.03244213983416557, Variance: 1.493646502494812
2024-12-27 07:30:55,791 - INFO - Epoch: 5, Loss: 5.018337804824114
2024-12-27 07:30:55,819 - INFO - Cosine Similarity: 0.04822327550500631, Variance: 1.4935203790664673
2024-12-27 07:31:03,860 - INFO - Epoch: 6, Loss: 5.017485346645117
2024-12-27 07:31:03,891 - INFO - Cosine Similarity: -0.10101646035909653, Variance: 1.4942114353179932
2024-12-27 07:31:11,885 - INFO - Epoch: 7, Loss: 5.018432680517435
2024-12-27 07:31:11,916 - INFO - Cosine Similarity: -0.013683190196752548, Variance: 1.493868112564087
2024-12-27 07:31:19,854 - INFO - Epoch: 8, Loss: 5.014297425746918
2024-12-27 07:31:19,898 - INFO - Cosine Similarity: -0.0291603846475482, Variance: 1.493869423866272
2024-12-27 07:31:27,805 - INFO - Epoch: 9, Loss: 5.007217306643724
2024-12-27 07:31:27,841 - INFO - Cosine Similarity: 0.013308806717395783, Variance: 1.4937684535980225
2024-12-27 07:31:35,759 - INFO - Epoch: 10, Loss: 5.016886446624994
2024-12-27 07:31:35,803 - INFO - Cosine Similarity: -0.032268678024411204, Variance: 1.4939242601394653
2024-12-27 07:31:57,611 - INFO - Epoch: 1, Loss: 4.906919147819281
2024-12-27 07:31:57,636 - INFO - Cosine Similarity: -0.01393520962446928, Variance: 1.4480944871902466
2024-12-27 07:32:05,533 - INFO - Epoch: 2, Loss: 4.893025700002909
2024-12-27 07:32:05,567 - INFO - Cosine Similarity: -0.017934134788811208, Variance: 1.448129653930664
2024-12-27 07:32:13,453 - INFO - Epoch: 3, Loss: 4.91218288987875
2024-12-27 07:32:13,486 - INFO - Cosine Similarity: -0.017614384926855565, Variance: 1.4481418132781982
2024-12-27 07:32:21,386 - INFO - Epoch: 4, Loss: 4.908108126372099
2024-12-27 07:32:21,425 - INFO - Cosine Similarity: 0.007094968110322952, Variance: 1.4480535984039307
2024-12-27 07:32:29,300 - INFO - Epoch: 5, Loss: 4.90064686909318
2024-12-27 07:32:29,343 - INFO - Cosine Similarity: -0.019618719443678857, Variance: 1.4481185674667358
2024-12-27 07:32:37,252 - INFO - Epoch: 6, Loss: 4.90087578073144
2024-12-27 07:32:37,289 - INFO - Cosine Similarity: -0.03852081843651831, Variance: 1.4481984376907349
2024-12-27 07:32:45,252 - INFO - Epoch: 7, Loss: 4.90231753513217
2024-12-27 07:32:45,283 - INFO - Cosine Similarity: -0.02339840177446604, Variance: 1.448150634765625
2024-12-27 07:32:53,267 - INFO - Epoch: 8, Loss: 4.914726488292217
2024-12-27 07:32:53,303 - INFO - Cosine Similarity: -0.044610815867781636, Variance: 1.4483541250228882
2024-12-27 07:33:01,283 - INFO - Epoch: 9, Loss: 4.905451446771622
2024-12-27 07:33:01,326 - INFO - Cosine Similarity: -0.011533866822719573, Variance: 1.4481247663497925
2024-12-27 07:33:09,305 - INFO - Epoch: 10, Loss: 4.9067887887358665
2024-12-27 07:33:09,342 - INFO - Cosine Similarity: 0.0297860749065876, Variance: 1.4479748010635376
2024-12-27 07:33:31,633 - INFO - Epoch: 1, Loss: 4.79496156796813
2024-12-27 07:33:31,672 - INFO - Cosine Similarity: 0.001487000472843647, Variance: 1.4455575942993164
2024-12-27 07:33:39,555 - INFO - Epoch: 2, Loss: 4.784899823367596
2024-12-27 07:33:39,592 - INFO - Cosine Similarity: -0.013782663643360138, Variance: 1.4455983638763428
2024-12-27 07:33:47,503 - INFO - Epoch: 3, Loss: 4.790929365903139
2024-12-27 07:33:47,533 - INFO - Cosine Similarity: -0.01891299309208989, Variance: 1.4456861019134521
2024-12-27 07:33:55,435 - INFO - Epoch: 4, Loss: 4.793549075722694
2024-12-27 07:33:55,484 - INFO - Cosine Similarity: 0.002507045934908092, Variance: 1.4455549716949463
2024-12-27 07:34:03,367 - INFO - Epoch: 5, Loss: 4.793414048850536
2024-12-27 07:34:03,409 - INFO - Cosine Similarity: -0.00693258186802268, Variance: 1.4456112384796143
2024-12-27 07:34:11,331 - INFO - Epoch: 6, Loss: 4.793928116559982
2024-12-27 07:34:11,365 - INFO - Cosine Similarity: -0.04573613442480564, Variance: 1.4457675218582153
2024-12-27 07:34:19,295 - INFO - Epoch: 7, Loss: 4.784864611923695
2024-12-27 07:34:19,327 - INFO - Cosine Similarity: -0.010333356633782386, Variance: 1.4456027746200562
2024-12-27 07:34:27,236 - INFO - Epoch: 8, Loss: 4.7907989248633385
2024-12-27 07:34:27,300 - INFO - Cosine Similarity: -0.009744000993669033, Variance: 1.445600986480713
2024-12-27 07:34:35,178 - INFO - Epoch: 9, Loss: 4.790539961308241
2024-12-27 07:34:35,218 - INFO - Cosine Similarity: -0.029359064996242523, Variance: 1.445645809173584
2024-12-27 07:34:43,142 - INFO - Epoch: 10, Loss: 4.795773915946484
2024-12-27 07:34:43,176 - INFO - Cosine Similarity: -0.010134885087609291, Variance: 1.445675015449524
2024-12-27 07:35:05,326 - INFO - Epoch: 1, Loss: 4.691125310957432
2024-12-27 07:35:05,366 - INFO - Cosine Similarity: -0.017389608174562456, Variance: 1.452622652053833
2024-12-27 07:35:13,325 - INFO - Epoch: 2, Loss: 4.679211109876633
2024-12-27 07:35:13,368 - INFO - Cosine Similarity: -0.010191286355257035, Variance: 1.4526195526123047
2024-12-27 07:35:21,303 - INFO - Epoch: 3, Loss: 4.685556150972843
2024-12-27 07:35:21,341 - INFO - Cosine Similarity: -0.00021046288311481475, Variance: 1.4526164531707764
2024-12-27 07:35:29,265 - INFO - Epoch: 4, Loss: 4.68666648119688
2024-12-27 07:35:29,297 - INFO - Cosine Similarity: -0.01153357643634081, Variance: 1.452667236328125
2024-12-27 07:35:37,203 - INFO - Epoch: 5, Loss: 4.686156705021858
2024-12-27 07:35:37,236 - INFO - Cosine Similarity: -0.022960826009511947, Variance: 1.4526687860488892
2024-12-27 07:35:45,158 - INFO - Epoch: 6, Loss: 4.687350653111935
2024-12-27 07:35:45,194 - INFO - Cosine Similarity: -0.014971909020096064, Variance: 1.4526476860046387
2024-12-27 07:35:53,103 - INFO - Epoch: 7, Loss: 4.6819489523768425
2024-12-27 07:35:53,143 - INFO - Cosine Similarity: 0.014084337279200554, Variance: 1.452568531036377
2024-12-27 07:36:01,053 - INFO - Epoch: 8, Loss: 4.678604893386364
2024-12-27 07:36:01,088 - INFO - Cosine Similarity: -0.019010764174163343, Variance: 1.452664852142334
2024-12-27 07:36:08,970 - INFO - Epoch: 9, Loss: 4.68311296030879
2024-12-27 07:36:09,009 - INFO - Cosine Similarity: 0.010401849448680878, Variance: 1.4525805711746216
2024-12-27 07:36:16,929 - INFO - Epoch: 10, Loss: 4.683696363121271
2024-12-27 07:36:16,962 - INFO - Cosine Similarity: 0.007272776216268539, Variance: 1.4525833129882812
2024-12-27 07:36:38,791 - INFO - Epoch: 1, Loss: 4.611121404916048
2024-12-27 07:36:38,818 - INFO - Cosine Similarity: 0.008577016741037368, Variance: 1.483205795288086
2024-12-27 07:36:46,812 - INFO - Epoch: 2, Loss: 4.60547386482358
2024-12-27 07:36:46,844 - INFO - Cosine Similarity: -0.019608162250369786, Variance: 1.4832690954208374
2024-12-27 07:36:54,884 - INFO - Epoch: 3, Loss: 4.611839424818754
2024-12-27 07:36:54,919 - INFO - Cosine Similarity: -0.012474635476246476, Variance: 1.4833152294158936
2024-12-27 07:37:02,943 - INFO - Epoch: 4, Loss: 4.620242115110159
2024-12-27 07:37:02,977 - INFO - Cosine Similarity: 0.030159321427345277, Variance: 1.4830811023712158
2024-12-27 07:37:10,957 - INFO - Epoch: 5, Loss: 4.60658311471343
2024-12-27 07:37:10,985 - INFO - Cosine Similarity: 0.005358841177076102, Variance: 1.4832165241241455
2024-12-27 07:37:18,903 - INFO - Epoch: 6, Loss: 4.611308671534061
2024-12-27 07:37:18,939 - INFO - Cosine Similarity: 0.028195751830935478, Variance: 1.4831912517547607
2024-12-27 07:37:26,844 - INFO - Epoch: 7, Loss: 4.601455502212048
2024-12-27 07:37:26,876 - INFO - Cosine Similarity: 0.007979604229331017, Variance: 1.4832090139389038
2024-12-27 07:37:34,776 - INFO - Epoch: 8, Loss: 4.612682558596134
2024-12-27 07:37:34,818 - INFO - Cosine Similarity: -0.028303053602576254, Variance: 1.483451008796692
2024-12-27 07:37:42,710 - INFO - Epoch: 9, Loss: 4.619660176336765
2024-12-27 07:37:42,744 - INFO - Cosine Similarity: 0.0016677573323249817, Variance: 1.4832271337509155
2024-12-27 07:37:50,628 - INFO - Epoch: 10, Loss: 4.609793957322836
2024-12-27 07:37:50,661 - INFO - Cosine Similarity: 0.004264217242598534, Variance: 1.4832135438919067
2024-12-27 07:39:14,386 - INFO - Epoch: 1, Loss: 45.76195529103279
2024-12-27 07:39:14,427 - INFO - Cosine Similarity: 0.01446448378264904, Variance: 1.9513576030731201
2024-12-27 07:39:22,328 - INFO - Epoch: 2, Loss: 45.446513652801514
2024-12-27 07:39:22,366 - INFO - Cosine Similarity: -0.00496239666827023, Variance: 1.9519951343536377
2024-12-27 07:39:30,282 - INFO - Epoch: 3, Loss: 45.39149957895279
2024-12-27 07:39:30,314 - INFO - Cosine Similarity: 0.014364237280096859, Variance: 1.9514024257659912
2024-12-27 07:39:38,244 - INFO - Epoch: 4, Loss: 45.36431032419205
2024-12-27 07:39:38,285 - INFO - Cosine Similarity: -0.027231567539274693, Variance: 1.9524691104888916
2024-12-27 07:39:46,248 - INFO - Epoch: 5, Loss: 45.42622035741806
2024-12-27 07:39:46,283 - INFO - Cosine Similarity: 0.014179875189438463, Variance: 1.9513585567474365
2024-12-27 07:39:54,202 - INFO - Epoch: 6, Loss: 45.36645579338074
2024-12-27 07:39:54,238 - INFO - Cosine Similarity: -0.020065223705023526, Variance: 1.95242440700531
2024-12-27 07:40:02,138 - INFO - Epoch: 7, Loss: 45.37758073210716
2024-12-27 07:40:02,175 - INFO - Cosine Similarity: -0.02723356746137142, Variance: 1.9526376724243164
2024-12-27 07:40:10,119 - INFO - Epoch: 8, Loss: 45.428089290857315
2024-12-27 07:40:10,160 - INFO - Cosine Similarity: -0.02793128164485097, Variance: 1.952967882156372
2024-12-27 07:40:18,104 - INFO - Epoch: 9, Loss: 45.295155227184296
2024-12-27 07:40:18,144 - INFO - Cosine Similarity: -0.02023913860321045, Variance: 1.952018141746521
2024-12-27 07:40:26,081 - INFO - Epoch: 10, Loss: 45.42795971035957
2024-12-27 07:40:26,110 - INFO - Cosine Similarity: 0.00185069777071476, Variance: 1.9518043994903564
2024-12-27 07:41:48,701 - INFO - Epoch: 1, Loss: 39.44992533326149
2024-12-27 07:41:48,736 - INFO - Cosine Similarity: 0.006151997111737728, Variance: 1.3109232187271118
2024-12-27 07:41:56,654 - INFO - Epoch: 2, Loss: 39.37281748652458
2024-12-27 07:41:56,686 - INFO - Cosine Similarity: 0.04787993310019374, Variance: 1.3097926378250122
2024-12-27 07:42:04,604 - INFO - Epoch: 3, Loss: 39.35188114643097
2024-12-27 07:42:04,639 - INFO - Cosine Similarity: 0.05760713741183281, Variance: 1.309056043624878
2024-12-27 07:42:12,553 - INFO - Epoch: 4, Loss: 39.392313718795776
2024-12-27 07:42:12,587 - INFO - Cosine Similarity: -0.05302020832896233, Variance: 1.3118994235992432
2024-12-27 07:42:20,505 - INFO - Epoch: 5, Loss: 39.358180433511734
2024-12-27 07:42:20,544 - INFO - Cosine Similarity: 0.002214430645108223, Variance: 1.31105637550354
2024-12-27 07:42:28,438 - INFO - Epoch: 6, Loss: 39.35489138960838
2024-12-27 07:42:28,474 - INFO - Cosine Similarity: 0.025476708216592668, Variance: 1.3105003833770752
2024-12-27 07:42:36,386 - INFO - Epoch: 7, Loss: 39.354540318250656
2024-12-27 07:42:36,428 - INFO - Cosine Similarity: -0.0806636594235897, Variance: 1.3121691942214966
2024-12-27 07:42:44,394 - INFO - Epoch: 8, Loss: 39.39096677303314
2024-12-27 07:42:44,444 - INFO - Cosine Similarity: 0.024819440860301255, Variance: 1.3104766607284546
2024-12-27 07:42:52,527 - INFO - Epoch: 9, Loss: 39.31716775894165
2024-12-27 07:42:52,571 - INFO - Cosine Similarity: -0.014600520534440876, Variance: 1.3117237091064453
2024-12-27 07:43:00,586 - INFO - Epoch: 10, Loss: 39.41113069653511
2024-12-27 07:43:00,619 - INFO - Cosine Similarity: -0.03202873505651951, Variance: 1.312455654144287
2024-12-27 07:44:23,705 - INFO - Epoch: 1, Loss: 38.86066988110542
2024-12-27 07:44:23,737 - INFO - Cosine Similarity: 0.024197067692875864, Variance: 1.138936996459961
2024-12-27 07:44:31,663 - INFO - Epoch: 2, Loss: 38.83162906765938
2024-12-27 07:44:31,697 - INFO - Cosine Similarity: 0.010852472204715014, Variance: 1.139796495437622
2024-12-27 07:44:39,607 - INFO - Epoch: 3, Loss: 38.91153368353844
2024-12-27 07:44:39,636 - INFO - Cosine Similarity: -0.020674150483682752, Variance: 1.1399571895599365
2024-12-27 07:44:47,653 - INFO - Epoch: 4, Loss: 38.880536168813705
2024-12-27 07:44:47,687 - INFO - Cosine Similarity: 0.009836342930793763, Variance: 1.1392244100570679
2024-12-27 07:44:55,786 - INFO - Epoch: 5, Loss: 38.87407746911049
2024-12-27 07:44:55,820 - INFO - Cosine Similarity: -0.01627279557287693, Variance: 1.1396164894104004
2024-12-27 07:45:03,887 - INFO - Epoch: 6, Loss: 38.88810893893242
2024-12-27 07:45:03,922 - INFO - Cosine Similarity: 0.0034698966890573503, Variance: 1.1394022703170776
2024-12-27 07:45:11,987 - INFO - Epoch: 7, Loss: 38.81369706988335
2024-12-27 07:45:12,029 - INFO - Cosine Similarity: 0.02118594078347087, Variance: 1.1389497518539429
2024-12-27 07:45:19,946 - INFO - Epoch: 8, Loss: 38.8566038608551
2024-12-27 07:45:19,984 - INFO - Cosine Similarity: 0.04838991332799196, Variance: 1.1386092901229858
2024-12-27 07:45:27,873 - INFO - Epoch: 9, Loss: 38.808183670043945
2024-12-27 07:45:27,921 - INFO - Cosine Similarity: 0.06354170367121696, Variance: 1.138068437576294
2024-12-27 07:45:35,845 - INFO - Epoch: 10, Loss: 38.891712069511414
2024-12-27 07:45:35,883 - INFO - Cosine Similarity: 0.05332960933446884, Variance: 1.1381046772003174
2024-12-27 07:46:59,687 - INFO - Epoch: 1, Loss: 39.10306590795517
2024-12-27 07:46:59,720 - INFO - Cosine Similarity: 0.04461670964956284, Variance: 1.173678994178772
2024-12-27 07:47:07,715 - INFO - Epoch: 2, Loss: 39.05293142795563
2024-12-27 07:47:07,770 - INFO - Cosine Similarity: -0.019649296626448633, Variance: 1.1747788190841675
2024-12-27 07:47:15,763 - INFO - Epoch: 3, Loss: 39.07183703780174
2024-12-27 07:47:15,795 - INFO - Cosine Similarity: -0.02669060677289963, Variance: 1.175194501876831
2024-12-27 07:47:23,774 - INFO - Epoch: 4, Loss: 39.04611325263977
2024-12-27 07:47:23,809 - INFO - Cosine Similarity: 0.023100427351891994, Variance: 1.1742427349090576
2024-12-27 07:47:31,741 - INFO - Epoch: 5, Loss: 39.05507254600525
2024-12-27 07:47:31,783 - INFO - Cosine Similarity: -0.025170719623565672, Variance: 1.1785719394683838
2024-12-27 07:47:39,722 - INFO - Epoch: 6, Loss: 39.019252330064774
2024-12-27 07:47:39,766 - INFO - Cosine Similarity: -0.06056482829153538, Variance: 1.1762807369232178
2024-12-27 07:47:47,749 - INFO - Epoch: 7, Loss: 39.03848800063133
2024-12-27 07:47:47,782 - INFO - Cosine Similarity: -0.03745001796633005, Variance: 1.1754142045974731
2024-12-27 07:47:55,728 - INFO - Epoch: 8, Loss: 39.091473400592804
2024-12-27 07:47:55,764 - INFO - Cosine Similarity: -0.049411218240857126, Variance: 1.1762409210205078
2024-12-27 07:48:03,720 - INFO - Epoch: 9, Loss: 39.12310507893562
2024-12-27 07:48:03,748 - INFO - Cosine Similarity: -0.014326104521751403, Variance: 1.1751153469085693
2024-12-27 07:48:11,706 - INFO - Epoch: 10, Loss: 39.1099516749382
2024-12-27 07:48:11,749 - INFO - Cosine Similarity: 0.011449954099953174, Variance: 1.1744897365570068
2024-12-27 07:49:34,261 - INFO - Epoch: 1, Loss: 39.741864413022995
2024-12-27 07:49:34,299 - INFO - Cosine Similarity: -0.035235146060585976, Variance: 1.0913962125778198
2024-12-27 07:49:42,226 - INFO - Epoch: 2, Loss: 39.61628884077072
2024-12-27 07:49:42,264 - INFO - Cosine Similarity: -0.030804616585373878, Variance: 1.0919269323349
2024-12-27 07:49:50,238 - INFO - Epoch: 3, Loss: 39.55906441807747
2024-12-27 07:49:50,280 - INFO - Cosine Similarity: -0.033774048229679464, Variance: 1.091755747795105
2024-12-27 07:49:58,215 - INFO - Epoch: 4, Loss: 39.65201339125633
2024-12-27 07:49:58,247 - INFO - Cosine Similarity: 0.04345214366912842, Variance: 1.0900286436080933
2024-12-27 07:50:06,174 - INFO - Epoch: 5, Loss: 39.6807661652565
2024-12-27 07:50:06,207 - INFO - Cosine Similarity: 0.06988797783851623, Variance: 1.0889545679092407
2024-12-27 07:50:14,163 - INFO - Epoch: 6, Loss: 39.59369632601738
2024-12-27 07:50:14,195 - INFO - Cosine Similarity: 0.012971718376502395, Variance: 1.0908231735229492
2024-12-27 07:50:22,173 - INFO - Epoch: 7, Loss: 39.570235192775726
2024-12-27 07:50:22,212 - INFO - Cosine Similarity: -0.06196984145790339, Variance: 1.0920701026916504
2024-12-27 07:50:30,188 - INFO - Epoch: 8, Loss: 39.577482432127
2024-12-27 07:50:30,224 - INFO - Cosine Similarity: -0.019549181498587132, Variance: 1.0912039279937744
2024-12-27 07:50:38,186 - INFO - Epoch: 9, Loss: 39.588127344846725
2024-12-27 07:50:38,221 - INFO - Cosine Similarity: -0.013409604877233505, Variance: 1.0930774211883545
2024-12-27 07:50:46,238 - INFO - Epoch: 10, Loss: 39.60668224096298
2024-12-27 07:50:46,279 - INFO - Cosine Similarity: 0.02815258353948593, Variance: 1.0904462337493896
2024-12-27 07:52:09,621 - INFO - Epoch: 1, Loss: 40.33526757359505
2024-12-27 07:52:09,656 - INFO - Cosine Similarity: 0.05334991756826639, Variance: 0.9966341257095337
2024-12-27 07:52:17,606 - INFO - Epoch: 2, Loss: 40.299883276224136
2024-12-27 07:52:17,640 - INFO - Cosine Similarity: -0.013008633628487587, Variance: 0.998703122138977
2024-12-27 07:52:25,598 - INFO - Epoch: 3, Loss: 40.35476562380791
2024-12-27 07:52:25,635 - INFO - Cosine Similarity: -0.03153670318424702, Variance: 0.9983283877372742
2024-12-27 07:52:33,579 - INFO - Epoch: 4, Loss: 40.26711031794548
2024-12-27 07:52:33,613 - INFO - Cosine Similarity: 0.06872864551842213, Variance: 0.9963451623916626
2024-12-27 07:52:41,527 - INFO - Epoch: 5, Loss: 40.21565294265747
2024-12-27 07:52:41,565 - INFO - Cosine Similarity: 0.023364833649247886, Variance: 0.9971215128898621
2024-12-27 07:52:49,508 - INFO - Epoch: 6, Loss: 40.42202669382095
2024-12-27 07:52:49,543 - INFO - Cosine Similarity: 0.012823926890268922, Variance: 0.9986348152160645
2024-12-27 07:52:57,505 - INFO - Epoch: 7, Loss: 40.24769723415375
2024-12-27 07:52:57,538 - INFO - Cosine Similarity: -0.02112049199640751, Variance: 0.9982478022575378
2024-12-27 07:53:05,485 - INFO - Epoch: 8, Loss: 40.20093134045601
2024-12-27 07:53:05,522 - INFO - Cosine Similarity: 0.013332041539251804, Variance: 0.9974220991134644
2024-12-27 07:53:13,466 - INFO - Epoch: 9, Loss: 40.23077601194382
2024-12-27 07:53:13,518 - INFO - Cosine Similarity: 0.03559630569070578, Variance: 0.9968839883804321
2024-12-27 07:53:21,492 - INFO - Epoch: 10, Loss: 40.231247931718826
2024-12-27 07:53:21,522 - INFO - Cosine Similarity: 0.014737007766962051, Variance: 0.9973128437995911
2024-12-27 07:54:44,097 - INFO - Epoch: 1, Loss: 40.69367364048958
2024-12-27 07:54:44,142 - INFO - Cosine Similarity: -0.027539672702550887, Variance: 1.0507606267929077
2024-12-27 07:54:52,217 - INFO - Epoch: 2, Loss: 40.73425501585007
2024-12-27 07:54:52,248 - INFO - Cosine Similarity: 0.0035393960773944856, Variance: 1.050480842590332
2024-12-27 07:55:00,341 - INFO - Epoch: 3, Loss: 40.85372111201286
2024-12-27 07:55:00,372 - INFO - Cosine Similarity: -0.024317584559321405, Variance: 1.0515273809432983
2024-12-27 07:55:08,466 - INFO - Epoch: 4, Loss: 40.71075600385666
2024-12-27 07:55:08,515 - INFO - Cosine Similarity: 0.06612775214016438, Variance: 1.0487630367279053
2024-12-27 07:55:16,547 - INFO - Epoch: 5, Loss: 40.725219547748566
2024-12-27 07:55:16,580 - INFO - Cosine Similarity: -0.06441039089113473, Variance: 1.0518978834152222
2024-12-27 07:55:24,557 - INFO - Epoch: 6, Loss: 40.793412923812866
2024-12-27 07:55:24,600 - INFO - Cosine Similarity: -0.0015516972169280052, Variance: 1.0517164468765259
2024-12-27 07:55:32,572 - INFO - Epoch: 7, Loss: 40.77559643983841
2024-12-27 07:55:32,606 - INFO - Cosine Similarity: 0.047631118446588516, Variance: 1.0492591857910156
2024-12-27 07:55:40,573 - INFO - Epoch: 8, Loss: 40.744316935539246
2024-12-27 07:55:40,617 - INFO - Cosine Similarity: -0.014061678387224674, Variance: 1.053912878036499
2024-12-27 07:55:48,594 - INFO - Epoch: 9, Loss: 40.777214735746384
2024-12-27 07:55:48,623 - INFO - Cosine Similarity: 0.07711606826633215, Variance: 1.0485948324203491
2024-12-27 07:55:56,606 - INFO - Epoch: 10, Loss: 40.75180500745773
2024-12-27 07:55:56,630 - INFO - Cosine Similarity: 0.022206390649080275, Variance: 1.0501660108566284
2024-12-27 07:57:20,982 - INFO - Epoch: 1, Loss: 40.78789594769478
2024-12-27 07:57:21,016 - INFO - Cosine Similarity: 0.0008263938128948211, Variance: 1.0183402299880981
2024-12-27 07:57:29,111 - INFO - Epoch: 2, Loss: 40.81309127807617
2024-12-27 07:57:29,156 - INFO - Cosine Similarity: -0.045461606606841086, Variance: 1.0203840732574463
2024-12-27 07:57:37,173 - INFO - Epoch: 3, Loss: 40.8309209048748
2024-12-27 07:57:37,206 - INFO - Cosine Similarity: 0.01926120286807418, Variance: 1.0180771350860596
2024-12-27 07:57:45,217 - INFO - Epoch: 4, Loss: 40.91122484207153
2024-12-27 07:57:45,256 - INFO - Cosine Similarity: 0.05711319297552109, Variance: 1.0168325901031494
2024-12-27 07:57:53,248 - INFO - Epoch: 5, Loss: 40.88556331396103
2024-12-27 07:57:53,281 - INFO - Cosine Similarity: -0.009520052373409272, Variance: 1.0186687707901
2024-12-27 07:58:01,277 - INFO - Epoch: 6, Loss: 40.79552409052849
2024-12-27 07:58:01,314 - INFO - Cosine Similarity: 0.07066433355212212, Variance: 1.0166224241256714
2024-12-27 07:58:09,316 - INFO - Epoch: 7, Loss: 40.776337414979935
2024-12-27 07:58:09,352 - INFO - Cosine Similarity: 0.010949007142335177, Variance: 1.0189193487167358
2024-12-27 07:58:17,373 - INFO - Epoch: 8, Loss: 40.91757434606552
2024-12-27 07:58:17,407 - INFO - Cosine Similarity: -0.012623490020632743, Variance: 1.018673062324524
2024-12-27 07:58:25,416 - INFO - Epoch: 9, Loss: 40.917261719703674
2024-12-27 07:58:25,452 - INFO - Cosine Similarity: 0.03371443431824446, Variance: 1.0176535844802856
2024-12-27 07:58:33,482 - INFO - Epoch: 10, Loss: 40.86275988817215
2024-12-27 07:58:33,524 - INFO - Cosine Similarity: -0.04256847910583019, Variance: 1.019126057624817
2024-12-27 07:59:56,876 - INFO - Epoch: 1, Loss: 41.188261300325394
2024-12-27 07:59:56,921 - INFO - Cosine Similarity: 0.03716241903603077, Variance: 1.0580471754074097
2024-12-27 08:00:04,951 - INFO - Epoch: 2, Loss: 41.020239174366
2024-12-27 08:00:04,992 - INFO - Cosine Similarity: 0.042457056045532224, Variance: 1.0583311319351196
2024-12-27 08:00:13,021 - INFO - Epoch: 3, Loss: 41.24294990301132
2024-12-27 08:00:13,060 - INFO - Cosine Similarity: -0.0004757910966873169, Variance: 1.0599567890167236
2024-12-27 08:00:21,073 - INFO - Epoch: 4, Loss: 41.23509356379509
2024-12-27 08:00:21,114 - INFO - Cosine Similarity: -0.05116435438394547, Variance: 1.0611340999603271
2024-12-27 08:00:29,110 - INFO - Epoch: 5, Loss: 41.15389674901962
2024-12-27 08:00:29,142 - INFO - Cosine Similarity: -0.0056428730487823485, Variance: 1.0590049028396606
2024-12-27 08:00:37,170 - INFO - Epoch: 6, Loss: 41.06986081600189
2024-12-27 08:00:37,204 - INFO - Cosine Similarity: -0.04210015833377838, Variance: 1.0607924461364746
2024-12-27 08:00:45,279 - INFO - Epoch: 7, Loss: 41.210423827171326
2024-12-27 08:00:45,316 - INFO - Cosine Similarity: -0.019460945017635824, Variance: 1.0595645904541016
2024-12-27 08:00:53,468 - INFO - Epoch: 8, Loss: 41.14827448129654
2024-12-27 08:00:53,508 - INFO - Cosine Similarity: -0.028264511562883853, Variance: 1.0621782541275024
2024-12-27 08:01:01,622 - INFO - Epoch: 9, Loss: 41.217382311820984
2024-12-27 08:01:01,658 - INFO - Cosine Similarity: -0.011571234464645386, Variance: 1.0593595504760742
2024-12-27 08:01:09,742 - INFO - Epoch: 10, Loss: 41.20441743731499
2024-12-27 08:01:09,773 - INFO - Cosine Similarity: 0.0038204438984394073, Variance: 1.0588639974594116
2024-12-27 08:02:31,324 - INFO - Epoch: 1, Loss: 41.59800931811333
2024-12-27 08:02:31,355 - INFO - Cosine Similarity: 0.02800314836204052, Variance: 1.058927297592163
2024-12-27 08:02:38,993 - INFO - Epoch: 2, Loss: 41.614389181137085
2024-12-27 08:02:39,024 - INFO - Cosine Similarity: 0.0888041915372014, Variance: 1.0571858882904053
2024-12-27 08:02:46,824 - INFO - Epoch: 3, Loss: 41.677152156829834
2024-12-27 08:02:46,856 - INFO - Cosine Similarity: 0.013789870031177997, Variance: 1.0591543912887573
2024-12-27 08:02:54,717 - INFO - Epoch: 4, Loss: 41.613133788108826
2024-12-27 08:02:54,738 - INFO - Cosine Similarity: 0.026252659037709236, Variance: 1.0590156316757202
2024-12-27 08:03:02,578 - INFO - Epoch: 5, Loss: 41.6663900911808
2024-12-27 08:03:02,611 - INFO - Cosine Similarity: -0.04961247993633151, Variance: 1.0608835220336914
2024-12-27 08:03:10,495 - INFO - Epoch: 6, Loss: 41.63443595170975
2024-12-27 08:03:10,526 - INFO - Cosine Similarity: -0.04230360351502895, Variance: 1.0615293979644775
2024-12-27 08:03:18,167 - INFO - Epoch: 7, Loss: 41.557894974946976
2024-12-27 08:03:18,204 - INFO - Cosine Similarity: 0.035354315862059595, Variance: 1.058720350265503
2024-12-27 08:03:25,847 - INFO - Epoch: 8, Loss: 41.72018077969551
2024-12-27 08:03:25,881 - INFO - Cosine Similarity: 0.08723337668925524, Variance: 1.056607961654663
2024-12-27 08:03:33,524 - INFO - Epoch: 9, Loss: 41.6292544901371
2024-12-27 08:03:33,566 - INFO - Cosine Similarity: 0.01998913288116455, Variance: 1.0593526363372803
2024-12-27 08:03:41,239 - INFO - Epoch: 10, Loss: 41.54238301515579
2024-12-27 08:03:41,267 - INFO - Cosine Similarity: 0.007463732361793518, Variance: 1.0592703819274902
2024-12-27 08:05:02,114 - INFO - Epoch: 1, Loss: 41.63816741108894
2024-12-27 08:05:02,141 - INFO - Cosine Similarity: -0.05129552958533168, Variance: 0.9999805688858032
2024-12-27 08:05:09,926 - INFO - Epoch: 2, Loss: 41.640338480472565
2024-12-27 08:05:09,973 - INFO - Cosine Similarity: -0.015123761631548405, Variance: 0.9990411996841431
2024-12-27 08:05:17,677 - INFO - Epoch: 3, Loss: 41.73900726437569
2024-12-27 08:05:17,722 - INFO - Cosine Similarity: -0.0756369549781084, Variance: 1.0044463872909546
2024-12-27 08:05:25,595 - INFO - Epoch: 4, Loss: 41.74984470009804
2024-12-27 08:05:25,627 - INFO - Cosine Similarity: -0.02857776340097189, Variance: 0.9996601939201355
2024-12-27 08:05:33,331 - INFO - Epoch: 5, Loss: 41.68212515115738
2024-12-27 08:05:33,372 - INFO - Cosine Similarity: -0.02247689999639988, Variance: 0.9996918439865112
2024-12-27 08:05:41,043 - INFO - Epoch: 6, Loss: 41.62073203921318
2024-12-27 08:05:41,075 - INFO - Cosine Similarity: 0.060530918277800085, Variance: 0.9977768659591675
2024-12-27 08:05:48,703 - INFO - Epoch: 7, Loss: 41.6455212533474
2024-12-27 08:05:48,725 - INFO - Cosine Similarity: 0.06108405627310276, Variance: 0.9972880482673645
2024-12-27 08:05:56,267 - INFO - Epoch: 8, Loss: 41.71172761917114
2024-12-27 08:05:56,290 - INFO - Cosine Similarity: 0.031117971055209637, Variance: 0.9981173276901245
2024-12-27 08:06:03,774 - INFO - Epoch: 9, Loss: 41.70309764146805
2024-12-27 08:06:03,810 - INFO - Cosine Similarity: -0.045542922988533976, Variance: 0.9991744756698608
2024-12-27 08:06:11,267 - INFO - Epoch: 10, Loss: 41.6130950152874
2024-12-27 08:06:11,288 - INFO - Cosine Similarity: -0.024883630499243737, Variance: 0.9990245699882507
2024-12-27 08:07:30,825 - INFO - Epoch: 1, Loss: 42.04214784502983
2024-12-27 08:07:30,866 - INFO - Cosine Similarity: 5.112327635288238e-05, Variance: 1.0721333026885986
2024-12-27 08:07:38,391 - INFO - Epoch: 2, Loss: 42.021718084812164
2024-12-27 08:07:38,442 - INFO - Cosine Similarity: -0.05232242904603481, Variance: 1.0739110708236694
2024-12-27 08:07:45,967 - INFO - Epoch: 3, Loss: 41.83754679560661
2024-12-27 08:07:45,988 - INFO - Cosine Similarity: -0.020969800278544427, Variance: 1.073828101158142
2024-12-27 08:07:53,508 - INFO - Epoch: 4, Loss: 42.07782971858978
2024-12-27 08:07:53,539 - INFO - Cosine Similarity: 0.0073472760617733, Variance: 1.0725321769714355
2024-12-27 08:08:01,066 - INFO - Epoch: 5, Loss: 41.90136778354645
2024-12-27 08:08:01,104 - INFO - Cosine Similarity: 0.0024634793400764464, Variance: 1.072304606437683
2024-12-27 08:08:08,715 - INFO - Epoch: 6, Loss: 42.024681985378265
2024-12-27 08:08:08,750 - INFO - Cosine Similarity: 0.015204687416553498, Variance: 1.0720250606536865
2024-12-27 08:08:16,428 - INFO - Epoch: 7, Loss: 41.98047345876694
2024-12-27 08:08:16,458 - INFO - Cosine Similarity: -0.07879550205543637, Variance: 1.0753707885742188
2024-12-27 08:08:24,207 - INFO - Epoch: 8, Loss: 41.89813241362572
2024-12-27 08:08:24,244 - INFO - Cosine Similarity: -0.011664579063653946, Variance: 1.0725057125091553
2024-12-27 08:08:31,976 - INFO - Epoch: 9, Loss: 42.01426827907562
2024-12-27 08:08:32,008 - INFO - Cosine Similarity: 0.037961513921618464, Variance: 1.0711966753005981
2024-12-27 08:08:39,675 - INFO - Epoch: 10, Loss: 42.005647361278534
2024-12-27 08:08:39,725 - INFO - Cosine Similarity: -0.08458979204297065, Variance: 1.0745556354522705
2024-12-27 08:10:01,040 - INFO - Epoch: 1, Loss: 42.28639340400696
2024-12-27 08:10:01,066 - INFO - Cosine Similarity: -0.019259913731366395, Variance: 1.040076494216919
2024-12-27 08:10:08,773 - INFO - Epoch: 2, Loss: 42.19190299510956
2024-12-27 08:10:08,818 - INFO - Cosine Similarity: -0.027538765221834183, Variance: 1.0401341915130615
2024-12-27 08:10:16,524 - INFO - Epoch: 3, Loss: 42.15109658241272
2024-12-27 08:10:16,579 - INFO - Cosine Similarity: 0.04021894261240959, Variance: 1.0385265350341797
2024-12-27 08:10:24,276 - INFO - Epoch: 4, Loss: 42.270940870046616
2024-12-27 08:10:24,324 - INFO - Cosine Similarity: -0.03199989460408688, Variance: 1.0438297986984253
2024-12-27 08:10:31,995 - INFO - Epoch: 5, Loss: 42.403528332710266
2024-12-27 08:10:32,026 - INFO - Cosine Similarity: 0.0013189621269702912, Variance: 1.0394392013549805
2024-12-27 08:10:39,691 - INFO - Epoch: 6, Loss: 42.07223588228226
2024-12-27 08:10:39,728 - INFO - Cosine Similarity: 0.004572519194334745, Variance: 1.0393699407577515
2024-12-27 08:10:47,459 - INFO - Epoch: 7, Loss: 42.15273001790047
2024-12-27 08:10:47,490 - INFO - Cosine Similarity: 0.03067437168210745, Variance: 1.0388596057891846
2024-12-27 08:10:55,224 - INFO - Epoch: 8, Loss: 42.44082269072533
2024-12-27 08:10:55,271 - INFO - Cosine Similarity: -0.03738561738282442, Variance: 1.0403223037719727
2024-12-27 08:11:03,058 - INFO - Epoch: 9, Loss: 42.179906487464905
2024-12-27 08:11:03,090 - INFO - Cosine Similarity: 0.0007759831845760345, Variance: 1.039939522743225
2024-12-27 08:11:10,807 - INFO - Epoch: 10, Loss: 42.20496881008148
2024-12-27 08:11:10,826 - INFO - Cosine Similarity: -0.014672855660319329, Variance: 1.039812445640564
2024-12-27 08:12:31,557 - INFO - Epoch: 1, Loss: 42.53438240289688
2024-12-27 08:12:31,595 - INFO - Cosine Similarity: -0.016574381850659847, Variance: 1.036372423171997
2024-12-27 08:12:39,227 - INFO - Epoch: 2, Loss: 42.41262385249138
2024-12-27 08:12:39,258 - INFO - Cosine Similarity: 0.04941481500864029, Variance: 1.0349913835525513
2024-12-27 08:12:47,028 - INFO - Epoch: 3, Loss: 42.54042366147041
2024-12-27 08:12:47,059 - INFO - Cosine Similarity: 0.06719868928194046, Variance: 1.0344676971435547
2024-12-27 08:12:54,961 - INFO - Epoch: 4, Loss: 42.75069606304169
2024-12-27 08:12:54,992 - INFO - Cosine Similarity: -0.057748933974653485, Variance: 1.0393341779708862
2024-12-27 08:13:02,908 - INFO - Epoch: 5, Loss: 42.487973153591156
2024-12-27 08:13:02,943 - INFO - Cosine Similarity: 0.087082130741328, Variance: 1.0337189435958862
2024-12-27 08:13:10,810 - INFO - Epoch: 6, Loss: 42.64009237289429
2024-12-27 08:13:10,842 - INFO - Cosine Similarity: -0.05008165016770363, Variance: 1.0401400327682495
2024-12-27 08:13:18,511 - INFO - Epoch: 7, Loss: 42.62271386384964
2024-12-27 08:13:18,527 - INFO - Cosine Similarity: -0.07494675074703991, Variance: 1.0401840209960938
2024-12-27 08:13:26,162 - INFO - Epoch: 8, Loss: 42.50568553805351
2024-12-27 08:13:26,209 - INFO - Cosine Similarity: 0.026225736550986766, Variance: 1.0356829166412354
2024-12-27 08:13:33,841 - INFO - Epoch: 9, Loss: 42.49102857708931
2024-12-27 08:13:33,867 - INFO - Cosine Similarity: 0.03478509047999978, Variance: 1.0354276895523071
2024-12-27 08:13:41,503 - INFO - Epoch: 10, Loss: 42.651248067617416
2024-12-27 08:13:41,545 - INFO - Cosine Similarity: -0.02415260598063469, Variance: 1.0362493991851807
2024-12-27 08:15:02,673 - INFO - Epoch: 1, Loss: 42.95040866732597
2024-12-27 08:15:02,710 - INFO - Cosine Similarity: 0.03030489766970277, Variance: 1.178305745124817
2024-12-27 08:15:10,577 - INFO - Epoch: 2, Loss: 42.71835172176361
2024-12-27 08:15:10,610 - INFO - Cosine Similarity: 0.03352121952921152, Variance: 1.178317666053772
2024-12-27 08:15:18,260 - INFO - Epoch: 3, Loss: 42.791584849357605
2024-12-27 08:15:18,310 - INFO - Cosine Similarity: -0.007743452675640583, Variance: 1.1791837215423584
2024-12-27 08:15:25,925 - INFO - Epoch: 4, Loss: 42.77122539281845
2024-12-27 08:15:25,960 - INFO - Cosine Similarity: -0.053434938099235295, Variance: 1.185773491859436
2024-12-27 08:15:33,575 - INFO - Epoch: 5, Loss: 42.72479721903801
2024-12-27 08:15:33,605 - INFO - Cosine Similarity: -0.037618841789662835, Variance: 1.1803958415985107
2024-12-27 08:15:41,222 - INFO - Epoch: 6, Loss: 42.89528486132622
2024-12-27 08:15:41,255 - INFO - Cosine Similarity: 0.0013670668005943299, Variance: 1.1788256168365479
2024-12-27 08:15:48,903 - INFO - Epoch: 7, Loss: 42.77878877520561
2024-12-27 08:15:48,925 - INFO - Cosine Similarity: -0.024865959491580724, Variance: 1.1798834800720215
2024-12-27 08:15:56,525 - INFO - Epoch: 8, Loss: 42.67285913228989
2024-12-27 08:15:56,567 - INFO - Cosine Similarity: 0.006930280104279518, Variance: 1.1788829565048218
2024-12-27 08:16:04,176 - INFO - Epoch: 9, Loss: 42.709467470645905
2024-12-27 08:16:04,208 - INFO - Cosine Similarity: -0.08256563199684024, Variance: 1.187021255493164
2024-12-27 08:16:11,813 - INFO - Epoch: 10, Loss: 42.89608412981033
2024-12-27 08:16:11,843 - INFO - Cosine Similarity: 0.01294418703764677, Variance: 1.1787257194519043
2024-12-27 11:43:43,857 - INFO - Note: NumExpr detected 24 cores but "NUMEXPR_MAX_THREADS" not set, so enforcing safe limit of 8.
2024-12-27 11:43:43,857 - INFO - NumExpr defaulting to 8 threads.
2024-12-27 11:44:07,116 - INFO - Epoch: 1, Loss: 9.562019303441048
2024-12-27 11:44:07,157 - INFO - Cosine Similarity: 0.04965237081050873, Variance: 2.3366012573242188
2024-12-27 11:44:15,043 - INFO - Epoch: 2, Loss: 9.381082683801651
2024-12-27 11:44:15,073 - INFO - Cosine Similarity: -0.029206305742263794, Variance: 2.338662624359131
2024-12-27 11:44:22,959 - INFO - Epoch: 3, Loss: 9.330447882413864
2024-12-27 11:44:23,006 - INFO - Cosine Similarity: -0.009764108527451753, Variance: 2.3379666805267334
2024-12-27 11:44:30,918 - INFO - Epoch: 4, Loss: 9.304223172366619
2024-12-27 11:44:30,951 - INFO - Cosine Similarity: 0.002360270172357559, Variance: 2.3377132415771484
2024-12-27 11:44:38,874 - INFO - Epoch: 5, Loss: 9.29547031223774
2024-12-27 11:44:38,926 - INFO - Cosine Similarity: -0.009790289122611285, Variance: 2.3380117416381836
2024-12-27 11:44:46,883 - INFO - Epoch: 6, Loss: 9.310300774872303
2024-12-27 11:44:46,909 - INFO - Cosine Similarity: -0.031475691590458155, Variance: 2.338317632675171
2024-12-27 11:44:54,891 - INFO - Epoch: 7, Loss: 9.30769257247448
2024-12-27 11:44:54,936 - INFO - Cosine Similarity: -0.03604883514344692, Variance: 2.338325023651123
2024-12-27 11:45:02,874 - INFO - Epoch: 8, Loss: 9.307909995317459
2024-12-27 11:45:02,909 - INFO - Cosine Similarity: 0.017826644261367618, Variance: 2.3374056816101074
2024-12-27 11:45:10,885 - INFO - Epoch: 9, Loss: 9.288613110780716
2024-12-27 11:45:10,924 - INFO - Cosine Similarity: -0.03386744055896997, Variance: 2.338291645050049
2024-12-27 11:45:18,807 - INFO - Epoch: 10, Loss: 9.295556157827377
2024-12-27 11:45:18,848 - INFO - Cosine Similarity: -0.02460989966057241, Variance: 2.338252305984497
2024-12-27 11:45:41,175 - INFO - Epoch: 1, Loss: 7.345631532371044
2024-12-27 11:45:41,207 - INFO - Cosine Similarity: -0.006134356930851936, Variance: 1.8249356746673584
2024-12-27 11:45:49,049 - INFO - Epoch: 2, Loss: 7.28318789601326
2024-12-27 11:45:49,092 - INFO - Cosine Similarity: -0.038917322363704446, Variance: 1.825283408164978
2024-12-27 11:45:56,941 - INFO - Epoch: 3, Loss: 7.291510134935379
2024-12-27 11:45:56,974 - INFO - Cosine Similarity: 0.01868502190336585, Variance: 1.824631929397583
2024-12-27 11:46:04,959 - INFO - Epoch: 4, Loss: 7.298365019261837
2024-12-27 11:46:05,003 - INFO - Cosine Similarity: 0.019784309901297092, Variance: 1.824647307395935
2024-12-27 11:46:13,017 - INFO - Epoch: 5, Loss: 7.3057685270905495
2024-12-27 11:46:13,048 - INFO - Cosine Similarity: -0.027400967851281165, Variance: 1.825237512588501
2024-12-27 11:46:20,924 - INFO - Epoch: 6, Loss: 7.30642356723547
2024-12-27 11:46:20,966 - INFO - Cosine Similarity: -0.047881679609417915, Variance: 1.8253300189971924
2024-12-27 11:46:28,858 - INFO - Epoch: 7, Loss: 7.284846119582653
2024-12-27 11:46:28,894 - INFO - Cosine Similarity: 0.02068244069814682, Variance: 1.8246374130249023
2024-12-27 11:46:36,763 - INFO - Epoch: 8, Loss: 7.288425080478191
2024-12-27 11:46:36,799 - INFO - Cosine Similarity: -0.03984273569658399, Variance: 1.8253021240234375
2024-12-27 11:46:44,667 - INFO - Epoch: 9, Loss: 7.293489888310432
2024-12-27 11:46:44,704 - INFO - Cosine Similarity: -0.03501013834029436, Variance: 1.8251850605010986
2024-12-27 11:46:52,618 - INFO - Epoch: 10, Loss: 7.287923067808151
2024-12-27 11:46:52,650 - INFO - Cosine Similarity: 0.024284164328128098, Variance: 1.8246186971664429
2024-12-27 11:47:15,042 - INFO - Epoch: 1, Loss: 6.627471812069416
2024-12-27 11:47:15,083 - INFO - Cosine Similarity: 0.007550818473100662, Variance: 1.6691808700561523
2024-12-27 11:47:23,061 - INFO - Epoch: 2, Loss: 6.581029653549194
2024-12-27 11:47:23,099 - INFO - Cosine Similarity: 0.04501927001401782, Variance: 1.668906569480896
2024-12-27 11:47:31,092 - INFO - Epoch: 3, Loss: 6.592063866555691
2024-12-27 11:47:31,125 - INFO - Cosine Similarity: -0.019564742967486382, Variance: 1.669390082359314
2024-12-27 11:47:39,094 - INFO - Epoch: 4, Loss: 6.595796458423138
2024-12-27 11:47:39,141 - INFO - Cosine Similarity: 0.003340502083301544, Variance: 1.6692047119140625
2024-12-27 11:47:47,113 - INFO - Epoch: 5, Loss: 6.601366028189659
2024-12-27 11:47:47,153 - INFO - Cosine Similarity: 0.03494779299944639, Variance: 1.6689294576644897
2024-12-27 11:47:55,178 - INFO - Epoch: 6, Loss: 6.60612665861845
2024-12-27 11:47:55,210 - INFO - Cosine Similarity: -0.023329127207398416, Variance: 1.6694138050079346
2024-12-27 11:48:03,060 - INFO - Epoch: 7, Loss: 6.604693673551083
2024-12-27 11:48:03,099 - INFO - Cosine Similarity: -0.03785604555159807, Variance: 1.6695106029510498
2024-12-27 11:48:10,757 - INFO - Epoch: 8, Loss: 6.5894580706954
2024-12-27 11:48:10,780 - INFO - Cosine Similarity: -0.01925792433321476, Variance: 1.6693658828735352
2024-12-27 11:48:18,393 - INFO - Epoch: 9, Loss: 6.5967420265078545
2024-12-27 11:48:18,425 - INFO - Cosine Similarity: 0.021636638231575488, Variance: 1.669080376625061
2024-12-27 11:48:26,002 - INFO - Epoch: 10, Loss: 6.595680393278599
2024-12-27 11:48:26,042 - INFO - Cosine Similarity: -0.017839340772479773, Variance: 1.6693483591079712
2024-12-27 11:48:47,652 - INFO - Epoch: 1, Loss: 6.1948387287557125
2024-12-27 11:48:47,677 - INFO - Cosine Similarity: 0.04475112278014422, Variance: 1.6631790399551392
2024-12-27 11:48:55,558 - INFO - Epoch: 2, Loss: 6.165147878229618
2024-12-27 11:48:55,592 - INFO - Cosine Similarity: -0.010813913680613041, Variance: 1.6634995937347412
2024-12-27 11:49:03,425 - INFO - Epoch: 3, Loss: 6.163678448647261
2024-12-27 11:49:03,459 - INFO - Cosine Similarity: 0.06405834071338176, Variance: 1.6630442142486572
2024-12-27 11:49:11,275 - INFO - Epoch: 4, Loss: 6.171598989516497
2024-12-27 11:49:11,318 - INFO - Cosine Similarity: -0.01566915512084961, Variance: 1.6636295318603516
2024-12-27 11:49:18,942 - INFO - Epoch: 5, Loss: 6.185849480330944
2024-12-27 11:49:18,975 - INFO - Cosine Similarity: 0.022470353171229362, Variance: 1.6633180379867554
2024-12-27 11:49:26,575 - INFO - Epoch: 6, Loss: 6.172575581818819
2024-12-27 11:49:26,609 - INFO - Cosine Similarity: 0.01580197699368, Variance: 1.6633756160736084
2024-12-27 11:49:34,221 - INFO - Epoch: 7, Loss: 6.17656734213233
2024-12-27 11:49:34,255 - INFO - Cosine Similarity: -0.02101391740143299, Variance: 1.6637006998062134
2024-12-27 11:49:41,859 - INFO - Epoch: 8, Loss: 6.184458199888468
2024-12-27 11:49:41,892 - INFO - Cosine Similarity: 0.008181817829608917, Variance: 1.6634050607681274
2024-12-27 11:49:49,511 - INFO - Epoch: 9, Loss: 6.179626237601042
2024-12-27 11:49:49,542 - INFO - Cosine Similarity: -0.02525557316839695, Variance: 1.6636947393417358
2024-12-27 11:49:57,159 - INFO - Epoch: 10, Loss: 6.174718756228685
2024-12-27 11:49:57,192 - INFO - Cosine Similarity: -0.05102291870862245, Variance: 1.6638094186782837
2024-12-27 11:50:18,725 - INFO - Epoch: 1, Loss: 5.902301903814077
2024-12-27 11:50:18,772 - INFO - Cosine Similarity: -0.02071561603806913, Variance: 1.55678129196167
2024-12-27 11:50:26,409 - INFO - Epoch: 2, Loss: 5.8796809911727905
2024-12-27 11:50:26,441 - INFO - Cosine Similarity: 0.04334417656064034, Variance: 1.5564346313476562
2024-12-27 11:50:34,075 - INFO - Epoch: 3, Loss: 5.881148040294647
2024-12-27 11:50:34,125 - INFO - Cosine Similarity: 0.018702895380556583, Variance: 1.556566596031189
2024-12-27 11:50:41,764 - INFO - Epoch: 4, Loss: 5.888350836932659
2024-12-27 11:50:41,804 - INFO - Cosine Similarity: 0.009683354571461678, Variance: 1.5566086769104004
2024-12-27 11:50:49,628 - INFO - Epoch: 5, Loss: 5.889610473066568
2024-12-27 11:50:49,659 - INFO - Cosine Similarity: 0.04367972332984209, Variance: 1.556401014328003
2024-12-27 11:50:57,495 - INFO - Epoch: 6, Loss: 5.885465271770954
2024-12-27 11:50:57,526 - INFO - Cosine Similarity: -0.023116790503263474, Variance: 1.5567538738250732
2024-12-27 11:51:05,354 - INFO - Epoch: 7, Loss: 5.8867639265954494
2024-12-27 11:51:05,388 - INFO - Cosine Similarity: -0.0013485878705978393, Variance: 1.5566848516464233
2024-12-27 11:51:13,176 - INFO - Epoch: 8, Loss: 5.88600904121995
2024-12-27 11:51:13,209 - INFO - Cosine Similarity: -0.03677022196352482, Variance: 1.5568084716796875
2024-12-27 11:51:20,809 - INFO - Epoch: 9, Loss: 5.884989615529776
2024-12-27 11:51:20,852 - INFO - Cosine Similarity: 0.06665668357163668, Variance: 1.5563160181045532
2024-12-27 11:51:28,475 - INFO - Epoch: 10, Loss: 5.882761474698782
2024-12-27 11:51:28,530 - INFO - Cosine Similarity: 0.003815482556819916, Variance: 1.5566489696502686
2024-12-27 11:51:50,153 - INFO - Epoch: 1, Loss: 5.705470554530621
2024-12-27 11:51:50,193 - INFO - Cosine Similarity: 0.014488451741635799, Variance: 1.5885169506072998
2024-12-27 11:51:57,843 - INFO - Epoch: 2, Loss: 5.6860088892281055
2024-12-27 11:51:57,879 - INFO - Cosine Similarity: -0.003379613533616066, Variance: 1.5885761976242065
2024-12-27 11:52:05,553 - INFO - Epoch: 3, Loss: 5.693426299840212
2024-12-27 11:52:05,578 - INFO - Cosine Similarity: 0.027495267754420637, Variance: 1.5883574485778809
2024-12-27 11:52:13,226 - INFO - Epoch: 4, Loss: 5.702773608267307
2024-12-27 11:52:13,253 - INFO - Cosine Similarity: 0.005975780263543129, Variance: 1.588528037071228
2024-12-27 11:52:20,894 - INFO - Epoch: 5, Loss: 5.697497770190239
2024-12-27 11:52:20,936 - INFO - Cosine Similarity: 0.011059447191655636, Variance: 1.5885064601898193
2024-12-27 11:52:28,593 - INFO - Epoch: 6, Loss: 5.691758960485458
2024-12-27 11:52:28,642 - INFO - Cosine Similarity: -0.032347001135349274, Variance: 1.5887194871902466
2024-12-27 11:52:36,276 - INFO - Epoch: 7, Loss: 5.691760066896677
2024-12-27 11:52:36,309 - INFO - Cosine Similarity: 0.02136531360447407, Variance: 1.588472604751587
2024-12-27 11:52:43,976 - INFO - Epoch: 8, Loss: 5.690354455262423
2024-12-27 11:52:44,026 - INFO - Cosine Similarity: 0.017514941282570362, Variance: 1.5884919166564941
2024-12-27 11:52:51,741 - INFO - Epoch: 9, Loss: 5.695687394589186
2024-12-27 11:52:51,778 - INFO - Cosine Similarity: 0.007541548088192939, Variance: 1.5885188579559326
2024-12-27 11:52:59,476 - INFO - Epoch: 10, Loss: 5.702156603336334
2024-12-27 11:52:59,509 - INFO - Cosine Similarity: -0.007841119170188903, Variance: 1.5886136293411255
2024-12-27 11:53:20,920 - INFO - Epoch: 1, Loss: 5.513490542769432
2024-12-27 11:53:20,962 - INFO - Cosine Similarity: -0.01881195862079039, Variance: 1.518432378768921
2024-12-27 11:53:28,628 - INFO - Epoch: 2, Loss: 5.497958779335022
2024-12-27 11:53:28,676 - INFO - Cosine Similarity: -0.016143590584397315, Variance: 1.5184142589569092
2024-12-27 11:53:36,328 - INFO - Epoch: 3, Loss: 5.500450022518635
2024-12-27 11:53:36,359 - INFO - Cosine Similarity: -0.049168439209461214, Variance: 1.5185267925262451
2024-12-27 11:53:43,993 - INFO - Epoch: 4, Loss: 5.50009835511446
2024-12-27 11:53:44,033 - INFO - Cosine Similarity: 0.01629744507372379, Variance: 1.5182881355285645
2024-12-27 11:53:51,693 - INFO - Epoch: 5, Loss: 5.505963232368231
2024-12-27 11:53:51,735 - INFO - Cosine Similarity: 0.007817768561653792, Variance: 1.5183502435684204
2024-12-27 11:53:59,402 - INFO - Epoch: 6, Loss: 5.5025168396532536
2024-12-27 11:53:59,438 - INFO - Cosine Similarity: 0.021027839928865432, Variance: 1.518271565437317
2024-12-27 11:54:07,077 - INFO - Epoch: 7, Loss: 5.500812396407127
2024-12-27 11:54:07,110 - INFO - Cosine Similarity: 0.014699700102210046, Variance: 1.5183292627334595
2024-12-27 11:54:14,760 - INFO - Epoch: 8, Loss: 5.49862115085125
2024-12-27 11:54:14,810 - INFO - Cosine Similarity: 0.047808440029621126, Variance: 1.5182002782821655
2024-12-27 11:54:22,444 - INFO - Epoch: 9, Loss: 5.509706679731607
2024-12-27 11:54:22,476 - INFO - Cosine Similarity: 0.0209190359339118, Variance: 1.5182963609695435
2024-12-27 11:54:30,139 - INFO - Epoch: 10, Loss: 5.502170819789171
2024-12-27 11:54:30,160 - INFO - Cosine Similarity: 0.026200129091739653, Variance: 1.518227458000183
2024-12-27 11:54:51,895 - INFO - Epoch: 1, Loss: 5.37685814499855
2024-12-27 11:54:51,936 - INFO - Cosine Similarity: -0.07092291172593831, Variance: 1.5311771631240845
2024-12-27 11:54:59,797 - INFO - Epoch: 2, Loss: 5.370658751577139
2024-12-27 11:54:59,841 - INFO - Cosine Similarity: 0.04680673144757748, Variance: 1.5308150053024292
2024-12-27 11:55:07,710 - INFO - Epoch: 3, Loss: 5.374807510524988
2024-12-27 11:55:07,760 - INFO - Cosine Similarity: 0.06793748252093793, Variance: 1.530836582183838
2024-12-27 11:55:15,517 - INFO - Epoch: 4, Loss: 5.369995009154081
2024-12-27 11:55:15,550 - INFO - Cosine Similarity: 0.00032657608389854433, Variance: 1.5310546159744263
2024-12-27 11:55:23,215 - INFO - Epoch: 5, Loss: 5.376051325351
2024-12-27 11:55:23,260 - INFO - Cosine Similarity: -0.04416653718799353, Variance: 1.531266450881958
2024-12-27 11:55:30,893 - INFO - Epoch: 6, Loss: 5.375484738498926
2024-12-27 11:55:30,935 - INFO - Cosine Similarity: -0.030408623442053796, Variance: 1.531207799911499
2024-12-27 11:55:38,571 - INFO - Epoch: 7, Loss: 5.374227486550808
2024-12-27 11:55:38,604 - INFO - Cosine Similarity: -0.024067431315779687, Variance: 1.531136393547058
2024-12-27 11:55:46,244 - INFO - Epoch: 8, Loss: 5.369290091097355
2024-12-27 11:55:46,277 - INFO - Cosine Similarity: 0.03401240911334753, Variance: 1.530910849571228
2024-12-27 11:55:53,944 - INFO - Epoch: 9, Loss: 5.36978093162179
2024-12-27 11:55:53,980 - INFO - Cosine Similarity: 0.02255805842578411, Variance: 1.5309832096099854
2024-12-27 11:56:01,637 - INFO - Epoch: 10, Loss: 5.3730107843875885
2024-12-27 11:56:01,677 - INFO - Cosine Similarity: -0.028184179775416852, Variance: 1.5311800241470337
2024-12-27 11:56:23,560 - INFO - Epoch: 1, Loss: 5.24390422180295
2024-12-27 11:56:23,610 - INFO - Cosine Similarity: 0.02492322102189064, Variance: 1.4885152578353882
2024-12-27 11:56:31,261 - INFO - Epoch: 2, Loss: 5.22632797434926
2024-12-27 11:56:31,303 - INFO - Cosine Similarity: -0.016626586345955728, Variance: 1.4885843992233276
2024-12-27 11:56:38,960 - INFO - Epoch: 3, Loss: 5.23045426607132
2024-12-27 11:56:38,993 - INFO - Cosine Similarity: 0.005640412122011185, Variance: 1.4885457754135132
2024-12-27 11:56:46,779 - INFO - Epoch: 4, Loss: 5.2305152751505375
2024-12-27 11:56:46,810 - INFO - Cosine Similarity: -0.015015264973044395, Variance: 1.4886114597320557
2024-12-27 11:56:54,729 - INFO - Epoch: 5, Loss: 5.236518885940313
2024-12-27 11:56:54,772 - INFO - Cosine Similarity: -0.032776602730154994, Variance: 1.4887840747833252
2024-12-27 11:57:02,553 - INFO - Epoch: 6, Loss: 5.244925815612078
2024-12-27 11:57:02,577 - INFO - Cosine Similarity: 0.01531604528427124, Variance: 1.488485336303711
2024-12-27 11:57:10,403 - INFO - Epoch: 7, Loss: 5.240626964718103
2024-12-27 11:57:10,439 - INFO - Cosine Similarity: 0.026423090882599354, Variance: 1.488458275794983
2024-12-27 11:57:18,127 - INFO - Epoch: 8, Loss: 5.231792692095041
2024-12-27 11:57:18,165 - INFO - Cosine Similarity: -0.0011164810508489608, Variance: 1.4885767698287964
2024-12-27 11:57:25,811 - INFO - Epoch: 9, Loss: 5.22986077144742
2024-12-27 11:57:25,853 - INFO - Cosine Similarity: -0.04827419901266694, Variance: 1.488771677017212
2024-12-27 11:57:33,511 - INFO - Epoch: 10, Loss: 5.23419976234436
2024-12-27 11:57:33,561 - INFO - Cosine Similarity: 0.06473899316042661, Variance: 1.4883161783218384
2024-12-27 11:57:55,761 - INFO - Epoch: 1, Loss: 5.103932645171881
2024-12-27 11:57:55,794 - INFO - Cosine Similarity: -0.0041575849056243895, Variance: 1.5117361545562744
2024-12-27 11:58:03,431 - INFO - Epoch: 2, Loss: 5.093687701970339
2024-12-27 11:58:03,461 - INFO - Cosine Similarity: -0.024332312867045403, Variance: 1.5118310451507568
2024-12-27 11:58:11,099 - INFO - Epoch: 3, Loss: 5.108953952789307
2024-12-27 11:58:11,131 - INFO - Cosine Similarity: 0.009661215415690094, Variance: 1.5116887092590332
2024-12-27 11:58:18,778 - INFO - Epoch: 4, Loss: 5.10173898935318
2024-12-27 11:58:18,812 - INFO - Cosine Similarity: 0.025994641333818437, Variance: 1.5116571187973022
2024-12-27 11:58:26,445 - INFO - Epoch: 5, Loss: 5.097319386899471
2024-12-27 11:58:26,479 - INFO - Cosine Similarity: -0.020399029925465585, Variance: 1.5117981433868408
2024-12-27 11:58:34,094 - INFO - Epoch: 6, Loss: 5.100492361932993
2024-12-27 11:58:34,135 - INFO - Cosine Similarity: -0.003113158140331507, Variance: 1.5117356777191162
2024-12-27 11:58:41,765 - INFO - Epoch: 7, Loss: 5.092992812395096
2024-12-27 11:58:41,803 - INFO - Cosine Similarity: 0.045905071496963504, Variance: 1.5115258693695068
2024-12-27 11:58:49,561 - INFO - Epoch: 8, Loss: 5.098270621150732
2024-12-27 11:58:49,594 - INFO - Cosine Similarity: 0.026874371990561485, Variance: 1.5115575790405273
2024-12-27 11:58:57,278 - INFO - Epoch: 9, Loss: 5.102710172533989
2024-12-27 11:58:57,311 - INFO - Cosine Similarity: 0.04913192773237825, Variance: 1.5115673542022705
2024-12-27 11:59:05,044 - INFO - Epoch: 10, Loss: 5.097783770412207
2024-12-27 11:59:05,077 - INFO - Cosine Similarity: 0.013417917024344205, Variance: 1.511690378189087
2024-12-27 11:59:26,829 - INFO - Epoch: 1, Loss: 5.000264976173639
2024-12-27 11:59:26,861 - INFO - Cosine Similarity: -0.01338348388671875, Variance: 1.5253351926803589
2024-12-27 11:59:34,511 - INFO - Epoch: 2, Loss: 4.98920015245676
2024-12-27 11:59:34,561 - INFO - Cosine Similarity: 0.020223630173131824, Variance: 1.5252103805541992
2024-12-27 11:59:42,212 - INFO - Epoch: 3, Loss: 4.993815902620554
2024-12-27 11:59:42,253 - INFO - Cosine Similarity: -0.010123400203883647, Variance: 1.52535080909729
2024-12-27 11:59:49,862 - INFO - Epoch: 4, Loss: 4.992503400892019
2024-12-27 11:59:49,897 - INFO - Cosine Similarity: -0.03513060156255961, Variance: 1.5254286527633667
2024-12-27 11:59:57,535 - INFO - Epoch: 5, Loss: 5.000317204743624
2024-12-27 11:59:57,561 - INFO - Cosine Similarity: 0.02368256002664566, Variance: 1.525239109992981
2024-12-27 12:00:05,211 - INFO - Epoch: 6, Loss: 4.986900236457586
2024-12-27 12:00:05,260 - INFO - Cosine Similarity: 0.02472470551729202, Variance: 1.5251896381378174
2024-12-27 12:00:12,911 - INFO - Epoch: 7, Loss: 4.997540347278118
2024-12-27 12:00:12,946 - INFO - Cosine Similarity: 0.016436516772955656, Variance: 1.5252259969711304
2024-12-27 12:00:20,578 - INFO - Epoch: 8, Loss: 5.000636871904135
2024-12-27 12:00:20,611 - INFO - Cosine Similarity: 0.005248576682060957, Variance: 1.5252976417541504
2024-12-27 12:00:28,263 - INFO - Epoch: 9, Loss: 4.998101871460676
2024-12-27 12:00:28,295 - INFO - Cosine Similarity: 0.004563128016889096, Variance: 1.525301218032837
2024-12-27 12:00:35,947 - INFO - Epoch: 10, Loss: 4.991848833858967
2024-12-27 12:00:35,978 - INFO - Cosine Similarity: 0.0049620458856225015, Variance: 1.5253021717071533
2024-12-27 12:00:57,845 - INFO - Epoch: 1, Loss: 4.880634807050228
2024-12-27 12:00:57,878 - INFO - Cosine Similarity: 0.014648124761879443, Variance: 1.4715936183929443
2024-12-27 12:01:05,728 - INFO - Epoch: 2, Loss: 4.870271023362875
2024-12-27 12:01:05,761 - INFO - Cosine Similarity: 0.019100217334926128, Variance: 1.4715899229049683
2024-12-27 12:01:13,578 - INFO - Epoch: 3, Loss: 4.877660892903805
2024-12-27 12:01:13,611 - INFO - Cosine Similarity: 0.01560398582369089, Variance: 1.4715367555618286
2024-12-27 12:01:21,230 - INFO - Epoch: 4, Loss: 4.885171838104725
2024-12-27 12:01:21,262 - INFO - Cosine Similarity: 0.0011178290471434594, Variance: 1.4716345071792603
2024-12-27 12:01:28,914 - INFO - Epoch: 5, Loss: 4.881650175899267
2024-12-27 12:01:28,945 - INFO - Cosine Similarity: -0.003262773808091879, Variance: 1.4716461896896362
2024-12-27 12:01:36,561 - INFO - Epoch: 6, Loss: 4.870319329202175
2024-12-27 12:01:36,604 - INFO - Cosine Similarity: 0.001457817107439041, Variance: 1.4716224670410156
2024-12-27 12:01:44,261 - INFO - Epoch: 7, Loss: 4.872625079005957
2024-12-27 12:01:44,295 - INFO - Cosine Similarity: 0.027890365477651356, Variance: 1.471557855606079
2024-12-27 12:01:51,955 - INFO - Epoch: 8, Loss: 4.8749217092990875
2024-12-27 12:01:51,995 - INFO - Cosine Similarity: 0.028270430862903595, Variance: 1.4715460538864136
2024-12-27 12:01:59,629 - INFO - Epoch: 9, Loss: 4.874399308115244
2024-12-27 12:01:59,678 - INFO - Cosine Similarity: -0.02479444146156311, Variance: 1.471675992012024
2024-12-27 12:02:07,328 - INFO - Epoch: 10, Loss: 4.872101183980703
2024-12-27 12:02:07,362 - INFO - Cosine Similarity: 0.029026449471712113, Variance: 1.4715521335601807
2024-12-27 12:02:28,837 - INFO - Epoch: 1, Loss: 4.8019530810415745
2024-12-27 12:02:28,878 - INFO - Cosine Similarity: -0.05431164428591728, Variance: 1.4779069423675537
2024-12-27 12:02:36,504 - INFO - Epoch: 2, Loss: 4.7936582788825035
2024-12-27 12:02:36,545 - INFO - Cosine Similarity: -0.024163476191461086, Variance: 1.4778685569763184
2024-12-27 12:02:44,229 - INFO - Epoch: 3, Loss: 4.796205930411816
2024-12-27 12:02:44,262 - INFO - Cosine Similarity: 0.05562471151351929, Variance: 1.477543592453003
2024-12-27 12:02:52,205 - INFO - Epoch: 4, Loss: 4.801017060875893
2024-12-27 12:02:52,230 - INFO - Cosine Similarity: -0.03737244252115488, Variance: 1.47794508934021
2024-12-27 12:03:00,055 - INFO - Epoch: 5, Loss: 4.797920074313879
2024-12-27 12:03:00,079 - INFO - Cosine Similarity: -0.02776801697909832, Variance: 1.4778988361358643
2024-12-27 12:03:08,014 - INFO - Epoch: 6, Loss: 4.7979591563344
2024-12-27 12:03:08,046 - INFO - Cosine Similarity: 0.010491206124424935, Variance: 1.4777748584747314
2024-12-27 12:03:15,761 - INFO - Epoch: 7, Loss: 4.799557000398636
2024-12-27 12:03:15,805 - INFO - Cosine Similarity: 0.0036085061728954315, Variance: 1.477806806564331
2024-12-27 12:03:23,429 - INFO - Epoch: 8, Loss: 4.7956174574792385
2024-12-27 12:03:23,462 - INFO - Cosine Similarity: -0.032045524567365646, Variance: 1.4779844284057617
2024-12-27 12:03:31,112 - INFO - Epoch: 9, Loss: 4.802387870848179
2024-12-27 12:03:31,161 - INFO - Cosine Similarity: 0.08373250737786293, Variance: 1.4775320291519165
2024-12-27 12:03:38,795 - INFO - Epoch: 10, Loss: 4.798843000084162
2024-12-27 12:03:38,829 - INFO - Cosine Similarity: 0.0333270569331944, Variance: 1.4776952266693115
2024-12-27 12:04:00,762 - INFO - Epoch: 1, Loss: 4.722623098641634
2024-12-27 12:04:00,798 - INFO - Cosine Similarity: -0.022807766683399677, Variance: 1.4862346649169922
2024-12-27 12:04:08,505 - INFO - Epoch: 2, Loss: 4.714025225490332
2024-12-27 12:04:08,529 - INFO - Cosine Similarity: -0.011302769370377063, Variance: 1.486269235610962
2024-12-27 12:04:16,229 - INFO - Epoch: 3, Loss: 4.71396704390645
2024-12-27 12:04:16,262 - INFO - Cosine Similarity: -0.005084416642785072, Variance: 1.4862252473831177
2024-12-27 12:04:23,929 - INFO - Epoch: 4, Loss: 4.717694014310837
2024-12-27 12:04:23,962 - INFO - Cosine Similarity: 0.011432029749266803, Variance: 1.4861546754837036
2024-12-27 12:04:31,645 - INFO - Epoch: 5, Loss: 4.725292343646288
2024-12-27 12:04:31,700 - INFO - Cosine Similarity: 0.002685743011534214, Variance: 1.4861993789672852
2024-12-27 12:04:39,380 - INFO - Epoch: 6, Loss: 4.719811927527189
2024-12-27 12:04:39,412 - INFO - Cosine Similarity: 0.03197264932096004, Variance: 1.4861117601394653
2024-12-27 12:04:47,147 - INFO - Epoch: 7, Loss: 4.710342466831207
2024-12-27 12:04:47,179 - INFO - Cosine Similarity: -0.0017566165886819362, Variance: 1.4862116575241089
2024-12-27 12:04:54,912 - INFO - Epoch: 8, Loss: 4.714402124285698
2024-12-27 12:04:54,955 - INFO - Cosine Similarity: -0.005633893515914678, Variance: 1.4862219095230103
2024-12-27 12:05:02,705 - INFO - Epoch: 9, Loss: 4.719063472002745
2024-12-27 12:05:02,729 - INFO - Cosine Similarity: -0.010621449630707502, Variance: 1.4863097667694092
2024-12-27 12:05:10,512 - INFO - Epoch: 10, Loss: 4.7198343724012375
2024-12-27 12:05:10,555 - INFO - Cosine Similarity: 0.029399563930928706, Variance: 1.4860600233078003
2024-12-27 12:05:32,672 - INFO - Epoch: 1, Loss: 4.610639702528715
2024-12-27 12:05:32,713 - INFO - Cosine Similarity: -0.006922606937587261, Variance: 1.523967981338501
2024-12-27 12:05:40,813 - INFO - Epoch: 2, Loss: 4.601908303797245
2024-12-27 12:05:40,846 - INFO - Cosine Similarity: -0.003967208974063397, Variance: 1.523970603942871
2024-12-27 12:05:48,963 - INFO - Epoch: 3, Loss: 4.611284248530865
2024-12-27 12:05:49,005 - INFO - Cosine Similarity: -8.003916591405868e-05, Variance: 1.5239592790603638
2024-12-27 12:05:57,245 - INFO - Epoch: 4, Loss: 4.604543726891279
2024-12-27 12:05:57,279 - INFO - Cosine Similarity: -0.02457818277180195, Variance: 1.5240769386291504
2024-12-27 12:06:05,545 - INFO - Epoch: 5, Loss: 4.604913018643856
2024-12-27 12:06:05,585 - INFO - Cosine Similarity: -0.015549110621213913, Variance: 1.5240031480789185
2024-12-27 12:06:13,721 - INFO - Epoch: 6, Loss: 4.603583127260208
2024-12-27 12:06:13,755 - INFO - Cosine Similarity: 0.03164311444852501, Variance: 1.5238914489746094
2024-12-27 12:06:21,906 - INFO - Epoch: 7, Loss: 4.603219285607338
2024-12-27 12:06:21,939 - INFO - Cosine Similarity: 0.030752142146229743, Variance: 1.5238815546035767
2024-12-27 12:06:30,179 - INFO - Epoch: 8, Loss: 4.603611391037703
2024-12-27 12:06:30,206 - INFO - Cosine Similarity: -0.017822020687162876, Variance: 1.5240156650543213
2024-12-27 12:06:38,246 - INFO - Epoch: 9, Loss: 4.60589237511158
2024-12-27 12:06:38,282 - INFO - Cosine Similarity: -0.031579780578613284, Variance: 1.5240905284881592
2024-12-27 12:06:46,209 - INFO - Epoch: 10, Loss: 4.605897292494774
2024-12-27 12:06:46,248 - INFO - Cosine Similarity: 0.018920668214559556, Variance: 1.5238991975784302
2024-12-27 12:08:07,496 - INFO - Epoch: 1, Loss: 45.5311743915081
2024-12-27 12:08:07,530 - INFO - Cosine Similarity: 0.01361858865711838, Variance: 1.9028499126434326
2024-12-27 12:08:15,138 - INFO - Epoch: 2, Loss: 45.24649053812027
2024-12-27 12:08:15,172 - INFO - Cosine Similarity: -0.040180543810129164, Variance: 1.9041461944580078
2024-12-27 12:08:23,018 - INFO - Epoch: 3, Loss: 45.245782881975174
2024-12-27 12:08:23,060 - INFO - Cosine Similarity: -0.017794101405888794, Variance: 1.9034993648529053
2024-12-27 12:08:30,788 - INFO - Epoch: 4, Loss: 45.38244426250458
2024-12-27 12:08:30,821 - INFO - Cosine Similarity: 0.014451754186302424, Variance: 1.9028269052505493
2024-12-27 12:08:38,744 - INFO - Epoch: 5, Loss: 45.248421370983124
2024-12-27 12:08:38,780 - INFO - Cosine Similarity: 0.005121302977204323, Variance: 1.9030424356460571
2024-12-27 12:08:46,789 - INFO - Epoch: 6, Loss: 45.266802191734314
2024-12-27 12:08:46,824 - INFO - Cosine Similarity: -0.014229600317776203, Variance: 1.903423547744751
2024-12-27 12:08:54,496 - INFO - Epoch: 7, Loss: 45.19438371062279
2024-12-27 12:08:54,536 - INFO - Cosine Similarity: -0.030450209463015198, Variance: 1.903734803199768
2024-12-27 12:09:02,306 - INFO - Epoch: 8, Loss: 45.29498127102852
2024-12-27 12:09:02,337 - INFO - Cosine Similarity: -0.0005275571718811988, Variance: 1.9031270742416382
2024-12-27 12:09:10,168 - INFO - Epoch: 9, Loss: 45.22953748703003
2024-12-27 12:09:10,207 - INFO - Cosine Similarity: -0.007744844909757376, Variance: 1.9032093286514282
2024-12-27 12:09:18,052 - INFO - Epoch: 10, Loss: 45.23531886935234
2024-12-27 12:09:18,087 - INFO - Cosine Similarity: 0.0165341354906559, Variance: 1.9028005599975586
2024-12-27 12:10:39,053 - INFO - Epoch: 1, Loss: 38.2605174779892
2024-12-27 12:10:39,090 - INFO - Cosine Similarity: -0.004123246856033802, Variance: 1.3085116147994995
2024-12-27 12:10:46,963 - INFO - Epoch: 2, Loss: 38.190255016088486
2024-12-27 12:10:46,995 - INFO - Cosine Similarity: 0.008105938881635666, Variance: 1.3083550930023193
2024-12-27 12:10:54,888 - INFO - Epoch: 3, Loss: 38.16727092862129
2024-12-27 12:10:54,919 - INFO - Cosine Similarity: 0.035810882784426214, Variance: 1.3079099655151367
2024-12-27 12:11:02,741 - INFO - Epoch: 4, Loss: 38.1358639895916
2024-12-27 12:11:02,775 - INFO - Cosine Similarity: 0.0342149596195668, Variance: 1.307723879814148
2024-12-27 12:11:10,691 - INFO - Epoch: 5, Loss: 38.22263351082802
2024-12-27 12:11:10,727 - INFO - Cosine Similarity: 0.06773377021308988, Variance: 1.3061907291412354
2024-12-27 12:11:18,698 - INFO - Epoch: 6, Loss: 38.156376630067825
2024-12-27 12:11:18,732 - INFO - Cosine Similarity: 0.03164533488452435, Variance: 1.3077633380889893
2024-12-27 12:11:26,739 - INFO - Epoch: 7, Loss: 38.22479212284088
2024-12-27 12:11:26,777 - INFO - Cosine Similarity: -0.04823672818019986, Variance: 1.3106359243392944
2024-12-27 12:11:34,793 - INFO - Epoch: 8, Loss: 38.1475670337677
2024-12-27 12:11:34,822 - INFO - Cosine Similarity: -0.0471203139051795, Variance: 1.309402585029602
2024-12-27 12:11:42,717 - INFO - Epoch: 9, Loss: 38.18221500515938
2024-12-27 12:11:42,747 - INFO - Cosine Similarity: 0.009158785454928875, Variance: 1.3082711696624756
2024-12-27 12:11:50,686 - INFO - Epoch: 10, Loss: 38.157400608062744
2024-12-27 12:11:50,717 - INFO - Cosine Similarity: 0.014445501985028386, Variance: 1.3081884384155273
2024-12-27 12:13:12,444 - INFO - Epoch: 1, Loss: 37.33800685405731
2024-12-27 12:13:12,483 - INFO - Cosine Similarity: -0.004759944789111614, Variance: 1.173919916152954
2024-12-27 12:13:20,417 - INFO - Epoch: 2, Loss: 37.21389874815941
2024-12-27 12:13:20,457 - INFO - Cosine Similarity: -0.0020840801298618317, Variance: 1.174072265625
2024-12-27 12:13:28,406 - INFO - Epoch: 3, Loss: 37.20779898762703
2024-12-27 12:13:28,442 - INFO - Cosine Similarity: 0.0034902937710285186, Variance: 1.173783540725708
2024-12-27 12:13:36,399 - INFO - Epoch: 4, Loss: 37.291129261255264
2024-12-27 12:13:36,431 - INFO - Cosine Similarity: -0.025389436795376242, Variance: 1.1745479106903076
2024-12-27 12:13:44,349 - INFO - Epoch: 5, Loss: 37.22813841700554
2024-12-27 12:13:44,394 - INFO - Cosine Similarity: 0.01804691655561328, Variance: 1.173542857170105
2024-12-27 12:13:52,322 - INFO - Epoch: 6, Loss: 37.27323967218399
2024-12-27 12:13:52,358 - INFO - Cosine Similarity: 0.04540300033986568, Variance: 1.1731590032577515
2024-12-27 12:14:00,322 - INFO - Epoch: 7, Loss: 37.20501556992531
2024-12-27 12:14:00,359 - INFO - Cosine Similarity: -0.025570619478821756, Variance: 1.1747747659683228
2024-12-27 12:14:08,296 - INFO - Epoch: 8, Loss: 37.27557972073555
2024-12-27 12:14:08,332 - INFO - Cosine Similarity: 0.005536856502294541, Variance: 1.1738923788070679
2024-12-27 12:14:16,248 - INFO - Epoch: 9, Loss: 37.25445881485939
2024-12-27 12:14:16,282 - INFO - Cosine Similarity: 0.027468667924404146, Variance: 1.173314094543457
2024-12-27 12:14:24,206 - INFO - Epoch: 10, Loss: 37.24776953458786
2024-12-27 12:14:24,248 - INFO - Cosine Similarity: -0.00471862405538559, Variance: 1.1738700866699219
2024-12-27 12:15:45,317 - INFO - Epoch: 1, Loss: 37.17690807580948
2024-12-27 12:15:45,360 - INFO - Cosine Similarity: 0.0012301649898290635, Variance: 1.0518248081207275
2024-12-27 12:15:53,328 - INFO - Epoch: 2, Loss: 37.019101202487946
2024-12-27 12:15:53,365 - INFO - Cosine Similarity: -0.02349985521286726, Variance: 1.0522797107696533
2024-12-27 12:16:01,316 - INFO - Epoch: 3, Loss: 37.04399436712265
2024-12-27 12:16:01,348 - INFO - Cosine Similarity: 0.02308760955929756, Variance: 1.0514304637908936
2024-12-27 12:16:09,316 - INFO - Epoch: 4, Loss: 37.09500402212143
2024-12-27 12:16:09,359 - INFO - Cosine Similarity: 0.020945505425333976, Variance: 1.0514838695526123
2024-12-27 12:16:17,258 - INFO - Epoch: 5, Loss: 37.04705372452736
2024-12-27 12:16:17,300 - INFO - Cosine Similarity: -0.036369338631629944, Variance: 1.0524775981903076
2024-12-27 12:16:25,216 - INFO - Epoch: 6, Loss: 37.08443596959114
2024-12-27 12:16:25,259 - INFO - Cosine Similarity: 0.005597247369587421, Variance: 1.051735281944275
2024-12-27 12:16:33,189 - INFO - Epoch: 7, Loss: 37.05118405818939
2024-12-27 12:16:33,240 - INFO - Cosine Similarity: 0.02275235913693905, Variance: 1.0514719486236572
2024-12-27 12:16:41,204 - INFO - Epoch: 8, Loss: 36.995922684669495
2024-12-27 12:16:41,232 - INFO - Cosine Similarity: -0.04100344330072403, Variance: 1.0528614521026611
2024-12-27 12:16:49,190 - INFO - Epoch: 9, Loss: 37.12575110793114
2024-12-27 12:16:49,223 - INFO - Cosine Similarity: 0.039716902375221255, Variance: 1.0513018369674683
2024-12-27 12:16:57,190 - INFO - Epoch: 10, Loss: 37.06987687945366
2024-12-27 12:16:57,223 - INFO - Cosine Similarity: -0.06366799175739288, Variance: 1.053023099899292
2024-12-27 12:18:19,375 - INFO - Epoch: 1, Loss: 37.523126155138016
2024-12-27 12:18:19,409 - INFO - Cosine Similarity: -0.04960380472475663, Variance: 1.0035353899002075
2024-12-27 12:18:27,357 - INFO - Epoch: 2, Loss: 37.556943625211716
2024-12-27 12:18:27,390 - INFO - Cosine Similarity: -0.002394553180783987, Variance: 1.0033506155014038
2024-12-27 12:18:35,365 - INFO - Epoch: 3, Loss: 37.48038825392723
2024-12-27 12:18:35,399 - INFO - Cosine Similarity: -0.028712350130081176, Variance: 1.0038597583770752
2024-12-27 12:18:43,407 - INFO - Epoch: 4, Loss: 37.48725110292435
2024-12-27 12:18:43,442 - INFO - Cosine Similarity: 0.018274421617388726, Variance: 1.0029195547103882
2024-12-27 12:18:51,421 - INFO - Epoch: 5, Loss: 37.54929327964783
2024-12-27 12:18:51,457 - INFO - Cosine Similarity: -0.051759050041437146, Variance: 1.0036946535110474
2024-12-27 12:18:59,484 - INFO - Epoch: 6, Loss: 37.466754496097565
2024-12-27 12:18:59,520 - INFO - Cosine Similarity: -0.04783773254603148, Variance: 1.0039935111999512
2024-12-27 12:19:07,609 - INFO - Epoch: 7, Loss: 37.53335490822792
2024-12-27 12:19:07,640 - INFO - Cosine Similarity: 0.02704962734133005, Variance: 1.0027199983596802
2024-12-27 12:19:15,665 - INFO - Epoch: 8, Loss: 37.50927644968033
2024-12-27 12:19:15,701 - INFO - Cosine Similarity: -0.02519108559936285, Variance: 1.004238247871399
2024-12-27 12:19:23,632 - INFO - Epoch: 9, Loss: 37.54707485437393
2024-12-27 12:19:23,676 - INFO - Cosine Similarity: 0.0017680007964372634, Variance: 1.0034230947494507
2024-12-27 12:19:31,617 - INFO - Epoch: 10, Loss: 37.4742586016655
2024-12-27 12:19:31,649 - INFO - Cosine Similarity: 0.0026372069492936133, Variance: 1.0031657218933105
2024-12-27 12:20:53,181 - INFO - Epoch: 1, Loss: 37.850421726703644
2024-12-27 12:20:53,215 - INFO - Cosine Similarity: -0.028866962436586617, Variance: 1.0217034816741943
2024-12-27 12:21:01,252 - INFO - Epoch: 2, Loss: 37.8766870200634
2024-12-27 12:21:01,284 - INFO - Cosine Similarity: 0.03789545316249132, Variance: 1.0196247100830078
2024-12-27 12:21:09,303 - INFO - Epoch: 3, Loss: 37.719729244709015
2024-12-27 12:21:09,359 - INFO - Cosine Similarity: -0.028178493771702052, Variance: 1.0213119983673096
2024-12-27 12:21:17,328 - INFO - Epoch: 4, Loss: 37.81590601801872
2024-12-27 12:21:17,366 - INFO - Cosine Similarity: 0.04435281716287136, Variance: 1.0193251371383667
2024-12-27 12:21:25,276 - INFO - Epoch: 5, Loss: 37.81479650735855
2024-12-27 12:21:25,325 - INFO - Cosine Similarity: -0.010466121882200242, Variance: 1.0226224660873413
2024-12-27 12:21:33,278 - INFO - Epoch: 6, Loss: 37.86148411035538
2024-12-27 12:21:33,316 - INFO - Cosine Similarity: 0.006935955956578255, Variance: 1.0202852487564087
2024-12-27 12:21:41,250 - INFO - Epoch: 7, Loss: 37.741602659225464
2024-12-27 12:21:41,293 - INFO - Cosine Similarity: -0.044485355541110036, Variance: 1.0210257768630981
2024-12-27 12:21:49,241 - INFO - Epoch: 8, Loss: 37.767344146966934
2024-12-27 12:21:49,276 - INFO - Cosine Similarity: -0.011130785569548607, Variance: 1.0210095643997192
2024-12-27 12:21:57,204 - INFO - Epoch: 9, Loss: 37.85527744889259
2024-12-27 12:21:57,237 - INFO - Cosine Similarity: -0.041839273273944856, Variance: 1.0213086605072021
2024-12-27 12:22:05,178 - INFO - Epoch: 10, Loss: 37.80112048983574
2024-12-27 12:22:05,214 - INFO - Cosine Similarity: -0.03167671812698245, Variance: 1.0213005542755127
2024-12-27 12:23:26,626 - INFO - Epoch: 1, Loss: 38.075637102127075
2024-12-27 12:23:26,671 - INFO - Cosine Similarity: -0.05756055116653443, Variance: 0.9685561060905457
2024-12-27 12:23:34,624 - INFO - Epoch: 2, Loss: 38.016263127326965
2024-12-27 12:23:34,662 - INFO - Cosine Similarity: 0.02875324822962284, Variance: 0.9671627879142761
2024-12-27 12:23:42,634 - INFO - Epoch: 3, Loss: 38.05821716785431
2024-12-27 12:23:42,677 - INFO - Cosine Similarity: 0.021988578513264655, Variance: 0.967190146446228
2024-12-27 12:23:50,650 - INFO - Epoch: 4, Loss: 38.16381832957268
2024-12-27 12:23:50,691 - INFO - Cosine Similarity: 0.02370241917669773, Variance: 0.9672914743423462
2024-12-27 12:23:58,637 - INFO - Epoch: 5, Loss: 38.07336097955704
2024-12-27 12:23:58,670 - INFO - Cosine Similarity: 0.04557747356593609, Variance: 0.9667437672615051
2024-12-27 12:24:06,636 - INFO - Epoch: 6, Loss: 38.01521870493889
2024-12-27 12:24:06,684 - INFO - Cosine Similarity: -0.0004993282724171877, Variance: 0.9674727320671082
2024-12-27 12:24:14,654 - INFO - Epoch: 7, Loss: 38.01415926218033
2024-12-27 12:24:14,691 - INFO - Cosine Similarity: -0.07462303061038256, Variance: 0.968732476234436
2024-12-27 12:24:22,668 - INFO - Epoch: 8, Loss: 38.02749401330948
2024-12-27 12:24:22,700 - INFO - Cosine Similarity: 0.050055323354899886, Variance: 0.9663910865783691
2024-12-27 12:24:30,671 - INFO - Epoch: 9, Loss: 38.10668969154358
2024-12-27 12:24:30,711 - INFO - Cosine Similarity: -0.00532692987471819, Variance: 0.9676240682601929
2024-12-27 12:24:38,667 - INFO - Epoch: 10, Loss: 38.03483659029007
2024-12-27 12:24:38,709 - INFO - Cosine Similarity: 0.0335163464769721, Variance: 0.9669405817985535
2024-12-27 12:25:59,824 - INFO - Epoch: 1, Loss: 38.491114139556885
2024-12-27 12:25:59,867 - INFO - Cosine Similarity: 0.035240485519170764, Variance: 1.0595825910568237
2024-12-27 12:26:07,828 - INFO - Epoch: 2, Loss: 38.444274723529816
2024-12-27 12:26:07,863 - INFO - Cosine Similarity: 0.059044865518808366, Variance: 1.0590813159942627
2024-12-27 12:26:15,835 - INFO - Epoch: 3, Loss: 38.43482446670532
2024-12-27 12:26:15,871 - INFO - Cosine Similarity: -0.013890580274164677, Variance: 1.062017798423767
2024-12-27 12:26:23,959 - INFO - Epoch: 4, Loss: 38.53954666852951
2024-12-27 12:26:23,986 - INFO - Cosine Similarity: -0.05414995327591896, Variance: 1.0608336925506592
2024-12-27 12:26:31,967 - INFO - Epoch: 5, Loss: 38.41434159874916
2024-12-27 12:26:32,009 - INFO - Cosine Similarity: -0.07853953205049038, Variance: 1.06201171875
2024-12-27 12:26:39,935 - INFO - Epoch: 6, Loss: 38.43413257598877
2024-12-27 12:26:39,959 - INFO - Cosine Similarity: 0.049876969680190085, Variance: 1.0594793558120728
2024-12-27 12:26:47,933 - INFO - Epoch: 7, Loss: 38.453044414520264
2024-12-27 12:26:47,974 - INFO - Cosine Similarity: 0.03683189712464809, Variance: 1.0592429637908936
2024-12-27 12:26:55,991 - INFO - Epoch: 8, Loss: 38.482107758522034
2024-12-27 12:26:56,034 - INFO - Cosine Similarity: 0.028371732123196124, Variance: 1.0595966577529907
2024-12-27 12:27:04,034 - INFO - Epoch: 9, Loss: 38.47831070423126
2024-12-27 12:27:04,066 - INFO - Cosine Similarity: 0.022809723438695074, Variance: 1.0596768856048584
2024-12-27 12:27:12,100 - INFO - Epoch: 10, Loss: 38.388486325740814
2024-12-27 12:27:12,142 - INFO - Cosine Similarity: -0.017218907549977302, Variance: 1.060417890548706
2024-12-27 12:28:33,124 - INFO - Epoch: 1, Loss: 38.86414638161659
2024-12-27 12:28:33,159 - INFO - Cosine Similarity: -0.0076407244428992275, Variance: 0.9681702852249146
2024-12-27 12:28:41,066 - INFO - Epoch: 2, Loss: 38.880173951387405
2024-12-27 12:28:41,095 - INFO - Cosine Similarity: -0.06437459588050842, Variance: 0.9689211845397949
2024-12-27 12:28:49,026 - INFO - Epoch: 3, Loss: 38.92966628074646
2024-12-27 12:28:49,067 - INFO - Cosine Similarity: -0.05732641201466322, Variance: 0.969395637512207
2024-12-27 12:28:57,018 - INFO - Epoch: 4, Loss: 39.01530587673187
2024-12-27 12:28:57,061 - INFO - Cosine Similarity: 0.010853506624698639, Variance: 0.9681243896484375
2024-12-27 12:29:05,010 - INFO - Epoch: 5, Loss: 38.99128344655037
2024-12-27 12:29:05,048 - INFO - Cosine Similarity: 0.007982145994901657, Variance: 0.9680485725402832
2024-12-27 12:29:12,985 - INFO - Epoch: 6, Loss: 38.89152634143829
2024-12-27 12:29:13,008 - INFO - Cosine Similarity: -0.008383446047082544, Variance: 0.9684894680976868
2024-12-27 12:29:20,935 - INFO - Epoch: 7, Loss: 38.917585492134094
2024-12-27 12:29:20,972 - INFO - Cosine Similarity: 0.012217385694384575, Variance: 0.9679797291755676
2024-12-27 12:29:28,875 - INFO - Epoch: 8, Loss: 38.91760119795799
2024-12-27 12:29:28,912 - INFO - Cosine Similarity: 0.02625500485301018, Variance: 0.9677524566650391
2024-12-27 12:29:36,817 - INFO - Epoch: 9, Loss: 38.90274664759636
2024-12-27 12:29:36,853 - INFO - Cosine Similarity: 0.019238156825304033, Variance: 0.9678663015365601
2024-12-27 12:29:44,763 - INFO - Epoch: 10, Loss: 38.91909769177437
2024-12-27 12:29:44,793 - INFO - Cosine Similarity: 0.06792191928252578, Variance: 0.9675113558769226
2024-12-27 12:31:06,080 - INFO - Epoch: 1, Loss: 39.125992834568024
2024-12-27 12:31:06,109 - INFO - Cosine Similarity: -0.022166244499385358, Variance: 1.045229196548462
2024-12-27 12:31:14,145 - INFO - Epoch: 2, Loss: 39.153353065252304
2024-12-27 12:31:14,178 - INFO - Cosine Similarity: -0.06320079267024994, Variance: 1.0467089414596558
2024-12-27 12:31:22,201 - INFO - Epoch: 3, Loss: 39.19853073358536
2024-12-27 12:31:22,235 - INFO - Cosine Similarity: -0.01299322759732604, Variance: 1.0456867218017578
2024-12-27 12:31:30,295 - INFO - Epoch: 4, Loss: 39.158739537000656
2024-12-27 12:31:30,328 - INFO - Cosine Similarity: -0.046067153289914134, Variance: 1.0476959943771362
2024-12-27 12:31:38,239 - INFO - Epoch: 5, Loss: 39.1193445622921
2024-12-27 12:31:38,270 - INFO - Cosine Similarity: 0.06001950111240149, Variance: 1.043067216873169
2024-12-27 12:31:46,204 - INFO - Epoch: 6, Loss: 39.14857089519501
2024-12-27 12:31:46,235 - INFO - Cosine Similarity: 0.019780948758125305, Variance: 1.044637680053711
2024-12-27 12:31:54,160 - INFO - Epoch: 7, Loss: 39.08601999282837
2024-12-27 12:31:54,193 - INFO - Cosine Similarity: 0.04703776873648167, Variance: 1.0441182851791382
2024-12-27 12:32:02,138 - INFO - Epoch: 8, Loss: 39.24657064676285
2024-12-27 12:32:02,174 - INFO - Cosine Similarity: 0.06165429819375277, Variance: 1.0437489748001099
2024-12-27 12:32:10,070 - INFO - Epoch: 9, Loss: 39.17057195305824
2024-12-27 12:32:10,104 - INFO - Cosine Similarity: 0.046929060108959676, Variance: 1.044231653213501
2024-12-27 12:32:18,027 - INFO - Epoch: 10, Loss: 39.20541971921921
2024-12-27 12:32:18,054 - INFO - Cosine Similarity: -0.07316920384764672, Variance: 1.0473514795303345
2024-12-27 12:33:38,713 - INFO - Epoch: 1, Loss: 39.400563299655914
2024-12-27 12:33:38,743 - INFO - Cosine Similarity: 0.01087167588993907, Variance: 0.9849276542663574
2024-12-27 12:33:46,702 - INFO - Epoch: 2, Loss: 39.33733186125755
2024-12-27 12:33:46,737 - INFO - Cosine Similarity: 0.028272567596286536, Variance: 0.9845279455184937
2024-12-27 12:33:54,779 - INFO - Epoch: 3, Loss: 39.31467831134796
2024-12-27 12:33:54,822 - INFO - Cosine Similarity: 0.03466061907820404, Variance: 0.9842466115951538
2024-12-27 12:34:02,798 - INFO - Epoch: 4, Loss: 39.31449940800667
2024-12-27 12:34:02,831 - INFO - Cosine Similarity: -0.06292435871437192, Variance: 0.9879169464111328
2024-12-27 12:34:10,767 - INFO - Epoch: 5, Loss: 39.30222365260124
2024-12-27 12:34:10,800 - INFO - Cosine Similarity: 0.011761661805212497, Variance: 0.9848023653030396
2024-12-27 12:34:18,720 - INFO - Epoch: 6, Loss: 39.377905666828156
2024-12-27 12:34:18,761 - INFO - Cosine Similarity: 0.017165949754416942, Variance: 0.9849339723587036
2024-12-27 12:34:26,735 - INFO - Epoch: 7, Loss: 39.414779990911484
2024-12-27 12:34:26,769 - INFO - Cosine Similarity: 0.02985111325979233, Variance: 0.9843572378158569
2024-12-27 12:34:34,755 - INFO - Epoch: 8, Loss: 39.379870891571045
2024-12-27 12:34:34,785 - INFO - Cosine Similarity: 0.01709362305700779, Variance: 0.9846718907356262
2024-12-27 12:34:42,712 - INFO - Epoch: 9, Loss: 39.24063488841057
2024-12-27 12:34:42,762 - INFO - Cosine Similarity: -0.01739399805665016, Variance: 0.9850482940673828
2024-12-27 12:34:50,753 - INFO - Epoch: 10, Loss: 39.39793410897255
2024-12-27 12:34:50,791 - INFO - Cosine Similarity: 0.01009597908705473, Variance: 0.9849268198013306
2024-12-27 12:36:13,513 - INFO - Epoch: 1, Loss: 39.651270151138306
2024-12-27 12:36:13,547 - INFO - Cosine Similarity: -0.022674957290291786, Variance: 1.0330770015716553
2024-12-27 12:36:21,555 - INFO - Epoch: 2, Loss: 39.691317677497864
2024-12-27 12:36:21,587 - INFO - Cosine Similarity: -0.029743145778775217, Variance: 1.0331604480743408
2024-12-27 12:36:29,608 - INFO - Epoch: 3, Loss: 39.82978594303131
2024-12-27 12:36:29,636 - INFO - Cosine Similarity: 0.044059405103325844, Variance: 1.0315669775009155
2024-12-27 12:36:37,653 - INFO - Epoch: 4, Loss: 39.76724201440811
2024-12-27 12:36:37,687 - INFO - Cosine Similarity: 0.06378469606861473, Variance: 1.0310522317886353
2024-12-27 12:36:45,665 - INFO - Epoch: 5, Loss: 39.75582072138786
2024-12-27 12:36:45,694 - INFO - Cosine Similarity: -0.002835337072610855, Variance: 1.0326573848724365
2024-12-27 12:36:53,754 - INFO - Epoch: 6, Loss: 39.7667430639267
2024-12-27 12:36:53,787 - INFO - Cosine Similarity: -0.0013962088152766228, Variance: 1.0330302715301514
2024-12-27 12:37:01,864 - INFO - Epoch: 7, Loss: 39.741128236055374
2024-12-27 12:37:01,903 - INFO - Cosine Similarity: 0.034967346023768185, Variance: 1.0320768356323242
2024-12-27 12:37:09,953 - INFO - Epoch: 8, Loss: 39.659194737672806
2024-12-27 12:37:09,978 - INFO - Cosine Similarity: -0.019586122781038284, Variance: 1.032880187034607
2024-12-27 12:37:17,988 - INFO - Epoch: 9, Loss: 39.765562921762466
2024-12-27 12:37:18,028 - INFO - Cosine Similarity: 0.0029651384800672533, Variance: 1.032535195350647
2024-12-27 12:37:26,008 - INFO - Epoch: 10, Loss: 39.715357691049576
2024-12-27 12:37:26,038 - INFO - Cosine Similarity: 0.06665906850248575, Variance: 1.031072974205017
2024-12-27 12:38:47,176 - INFO - Epoch: 1, Loss: 40.095765829086304
2024-12-27 12:38:47,205 - INFO - Cosine Similarity: 0.044269987102597955, Variance: 0.9952298402786255
2024-12-27 12:38:55,179 - INFO - Epoch: 2, Loss: 40.03820329904556
2024-12-27 12:38:55,215 - INFO - Cosine Similarity: -0.08219321854412556, Variance: 0.9976807832717896
2024-12-27 12:39:03,221 - INFO - Epoch: 3, Loss: 39.99441111087799
2024-12-27 12:39:03,263 - INFO - Cosine Similarity: -0.009335740655660629, Variance: 0.9962443113327026
2024-12-27 12:39:11,282 - INFO - Epoch: 4, Loss: 40.01535761356354
2024-12-27 12:39:11,321 - INFO - Cosine Similarity: 0.029566718637943266, Variance: 0.995714008808136
2024-12-27 12:39:19,241 - INFO - Epoch: 5, Loss: 39.94644269347191
2024-12-27 12:39:19,282 - INFO - Cosine Similarity: 0.05738495495170355, Variance: 0.9947143793106079
2024-12-27 12:39:27,196 - INFO - Epoch: 6, Loss: 40.052238285541534
2024-12-27 12:39:27,239 - INFO - Cosine Similarity: 0.045460037887096405, Variance: 0.9947271347045898
2024-12-27 12:39:35,145 - INFO - Epoch: 7, Loss: 40.01803362369537
2024-12-27 12:39:35,182 - INFO - Cosine Similarity: 0.004315964691340923, Variance: 0.9957510232925415
2024-12-27 12:39:43,087 - INFO - Epoch: 8, Loss: 40.09798526763916
2024-12-27 12:39:43,129 - INFO - Cosine Similarity: -0.07201032862067222, Variance: 0.9974859356880188
2024-12-27 12:39:51,020 - INFO - Epoch: 9, Loss: 40.091221779584885
2024-12-27 12:39:51,065 - INFO - Cosine Similarity: -0.01528611108660698, Variance: 0.9960765838623047
2024-12-27 12:39:58,999 - INFO - Epoch: 10, Loss: 40.00296330451965
2024-12-27 12:39:59,029 - INFO - Cosine Similarity: 0.04779268577694893, Variance: 0.994897723197937
2024-12-27 12:41:20,673 - INFO - Epoch: 1, Loss: 40.49871987104416
2024-12-27 12:41:20,706 - INFO - Cosine Similarity: 0.025870397873222827, Variance: 1.0403310060501099
2024-12-27 12:41:28,688 - INFO - Epoch: 2, Loss: 40.395024597644806
2024-12-27 12:41:28,723 - INFO - Cosine Similarity: 0.021429068222641946, Variance: 1.040404200553894
2024-12-27 12:41:36,704 - INFO - Epoch: 3, Loss: 40.419610142707825
2024-12-27 12:41:36,738 - INFO - Cosine Similarity: -0.042125954478979113, Variance: 1.0414917469024658
2024-12-27 12:41:44,697 - INFO - Epoch: 4, Loss: 40.3755185008049
2024-12-27 12:41:44,740 - INFO - Cosine Similarity: -0.03714584885165095, Variance: 1.0431843996047974
2024-12-27 12:41:52,686 - INFO - Epoch: 5, Loss: 40.582788705825806
2024-12-27 12:41:52,720 - INFO - Cosine Similarity: -0.0233381119556725, Variance: 1.044532060623169
2024-12-27 12:42:00,674 - INFO - Epoch: 6, Loss: 40.3450043797493
2024-12-27 12:42:00,704 - INFO - Cosine Similarity: -0.013265202939510345, Variance: 1.0409983396530151
2024-12-27 12:42:08,643 - INFO - Epoch: 7, Loss: 40.43946975469589
2024-12-27 12:42:08,680 - INFO - Cosine Similarity: 0.005612326133996248, Variance: 1.0407158136367798
2024-12-27 12:42:16,622 - INFO - Epoch: 8, Loss: 40.426823794841766
2024-12-27 12:42:16,656 - INFO - Cosine Similarity: -0.004847100377082825, Variance: 1.0415799617767334
2024-12-27 12:42:24,584 - INFO - Epoch: 9, Loss: 40.37933695316315
2024-12-27 12:42:24,621 - INFO - Cosine Similarity: -0.019430021196603774, Variance: 1.040916085243225
2024-12-27 12:42:32,563 - INFO - Epoch: 10, Loss: 40.434178829193115
2024-12-27 12:42:32,605 - INFO - Cosine Similarity: 0.016569413244724274, Variance: 1.0404655933380127
2024-12-27 12:43:53,783 - INFO - Epoch: 1, Loss: 40.79448801279068
2024-12-27 12:43:53,815 - INFO - Cosine Similarity: 0.02281229579821229, Variance: 1.025302767753601
2024-12-27 12:44:01,759 - INFO - Epoch: 2, Loss: 40.6306072473526
2024-12-27 12:44:01,796 - INFO - Cosine Similarity: -0.01584809347987175, Variance: 1.02596116065979
2024-12-27 12:44:09,722 - INFO - Epoch: 3, Loss: 40.81882467865944
2024-12-27 12:44:09,763 - INFO - Cosine Similarity: -0.007617364823818207, Variance: 1.026789665222168
2024-12-27 12:44:17,717 - INFO - Epoch: 4, Loss: 40.795637398958206
2024-12-27 12:44:17,744 - INFO - Cosine Similarity: -0.017800633795559406, Variance: 1.026286005973816
2024-12-27 12:44:25,676 - INFO - Epoch: 5, Loss: 40.814174830913544
2024-12-27 12:44:25,705 - INFO - Cosine Similarity: 0.010364260524511337, Variance: 1.0258760452270508
2024-12-27 12:44:33,655 - INFO - Epoch: 6, Loss: 40.72593370079994
2024-12-27 12:44:33,690 - INFO - Cosine Similarity: 0.021496563544496895, Variance: 1.025299072265625
2024-12-27 12:44:41,640 - INFO - Epoch: 7, Loss: 40.6468551158905
2024-12-27 12:44:41,673 - INFO - Cosine Similarity: -0.011559756891801953, Variance: 1.0304750204086304
2024-12-27 12:44:49,689 - INFO - Epoch: 8, Loss: 40.91088891029358
2024-12-27 12:44:49,730 - INFO - Cosine Similarity: -0.016539648827165365, Variance: 1.0351625680923462
2024-12-27 12:44:57,767 - INFO - Epoch: 9, Loss: 40.760116904973984
2024-12-27 12:44:57,804 - INFO - Cosine Similarity: -0.03723214734345674, Variance: 1.0265343189239502
2024-12-27 12:45:05,830 - INFO - Epoch: 10, Loss: 40.71567061543465
2024-12-27 12:45:05,877 - INFO - Cosine Similarity: -0.004251860175281763, Variance: 1.0257567167282104
2024-12-27 15:06:59,552 - INFO - Note: NumExpr detected 24 cores but "NUMEXPR_MAX_THREADS" not set, so enforcing safe limit of 8.
2024-12-27 15:06:59,552 - INFO - NumExpr defaulting to 8 threads.
