2024-12-27 13:02:04,802 - INFO - Note: NumExpr detected 24 cores but "NUMEXPR_MAX_THREADS" not set, so enforcing safe limit of 8.
2024-12-27 13:02:04,802 - INFO - NumExpr defaulting to 8 threads.
2024-12-27 13:02:52,745 - INFO - Distillation Epoch: 1
2024-12-27 13:02:57,105 - INFO - Epoch: 1 | Train Loss: 0.952315154671669 | CE Loss: 1.9610733211040496 | Distill Loss: 0.5601004868745804
2024-12-27 13:02:57,145 - INFO - Cosine Similarity: -0.02293733451515436, Variance: 4.1801347732543945
2024-12-27 13:02:57,145 - INFO - Distillation Epoch: 2
2024-12-27 13:03:01,347 - INFO - Epoch: 2 | Train Loss: 0.930665910243988 | CE Loss: 1.8443634033203125 | Distill Loss: 0.5617932170629502
2024-12-27 13:03:01,378 - INFO - Cosine Similarity: 0.03328530639410019, Variance: 8.113908767700195
2024-12-27 13:03:01,393 - INFO - Distillation Epoch: 3
2024-12-27 13:03:05,605 - INFO - Epoch: 3 | Train Loss: 0.9222735464572906 | CE Loss: 1.7795953631401062 | Distill Loss: 0.5663544774055481
2024-12-27 13:03:05,628 - INFO - Cosine Similarity: 0.010737304948270321, Variance: 12.21142578125
2024-12-27 13:03:05,628 - INFO - Distillation Epoch: 4
2024-12-27 13:03:09,865 - INFO - Epoch: 4 | Train Loss: 0.91802758872509 | CE Loss: 1.7418189883232116 | Distill Loss: 0.569663792848587
2024-12-27 13:03:09,912 - INFO - Cosine Similarity: 0.001798907294869423, Variance: 16.35275650024414
2024-12-27 13:03:09,912 - INFO - Distillation Epoch: 5
2024-12-27 13:03:14,120 - INFO - Epoch: 5 | Train Loss: 0.9129206597805023 | CE Loss: 1.7004408419132233 | Distill Loss: 0.5728324860334396
2024-12-27 13:03:14,152 - INFO - Cosine Similarity: 0.045505630876868965, Variance: 20.514686584472656
2024-12-27 13:03:14,152 - INFO - Distillation Epoch: 6
2024-12-27 13:03:18,329 - INFO - Epoch: 6 | Train Loss: 0.9106064409017562 | CE Loss: 1.679410582780838 | Distill Loss: 0.5747243225574493
2024-12-27 13:03:18,371 - INFO - Cosine Similarity: 0.03344813361763954, Variance: 24.69314956665039
2024-12-27 13:03:18,371 - INFO - Distillation Epoch: 7
2024-12-27 13:03:22,547 - INFO - Epoch: 7 | Train Loss: 0.9088456392288208 | CE Loss: 1.6641260087490082 | Distill Loss: 0.5760204285383225
2024-12-27 13:03:22,584 - INFO - Cosine Similarity: -0.010372945806011558, Variance: 28.86773681640625
2024-12-27 13:03:22,584 - INFO - Distillation Epoch: 8
2024-12-27 13:03:26,767 - INFO - Epoch: 8 | Train Loss: 0.9059423506259918 | CE Loss: 1.6415136873722076 | Distill Loss: 0.5776396095752716
2024-12-27 13:03:26,804 - INFO - Cosine Similarity: 0.0011408606544137001, Variance: 33.05281448364258
2024-12-27 13:03:26,804 - INFO - Distillation Epoch: 9
2024-12-27 13:03:31,004 - INFO - Epoch: 9 | Train Loss: 0.9028586953878402 | CE Loss: 1.624876183271408 | Distill Loss: 0.5778834521770477
2024-12-27 13:03:31,043 - INFO - Cosine Similarity: 0.02583480402827263, Variance: 37.22890090942383
2024-12-27 13:03:31,043 - INFO - Distillation Epoch: 10
2024-12-27 13:03:35,228 - INFO - Epoch: 10 | Train Loss: 0.8999457120895386 | CE Loss: 1.6008032500743865 | Distill Loss: 0.5797850549221039
2024-12-27 13:03:35,265 - INFO - Cosine Similarity: -0.020204218104481697, Variance: 41.40801239013672
2024-12-27 13:04:22,547 - INFO - Distillation Epoch: 1
2024-12-27 13:04:26,713 - INFO - Epoch: 1 | Train Loss: 0.8112986803054809 | CE Loss: 1.3909362435340882 | Distill Loss: 0.5331114277243614
2024-12-27 13:04:26,754 - INFO - Cosine Similarity: -0.07411738261580467, Variance: 3.8160240650177
2024-12-27 13:04:26,754 - INFO - Distillation Epoch: 2
2024-12-27 13:04:30,929 - INFO - Epoch: 2 | Train Loss: 0.7906427592039108 | CE Loss: 1.2809552192687987 | Distill Loss: 0.534451711177826
2024-12-27 13:04:30,962 - INFO - Cosine Similarity: -0.0745117618702352, Variance: 7.544187068939209
2024-12-27 13:04:30,962 - INFO - Distillation Epoch: 3
2024-12-27 13:04:35,141 - INFO - Epoch: 3 | Train Loss: 0.7877043277025223 | CE Loss: 1.2544368743896483 | Distill Loss: 0.5368169337511063
2024-12-27 13:04:35,170 - INFO - Cosine Similarity: 0.009216698072850703, Variance: 11.381285667419434
2024-12-27 13:04:35,170 - INFO - Distillation Epoch: 4
2024-12-27 13:04:39,351 - INFO - Epoch: 4 | Train Loss: 0.7852110683917999 | CE Loss: 1.234572660923004 | Distill Loss: 0.5382965296506882
2024-12-27 13:04:39,387 - INFO - Cosine Similarity: 0.025502877682447432, Variance: 15.245138168334961
2024-12-27 13:04:39,387 - INFO - Distillation Epoch: 5
2024-12-27 13:04:43,562 - INFO - Epoch: 5 | Train Loss: 0.7846738696098328 | CE Loss: 1.2248676896095276 | Distill Loss: 0.539700323343277
2024-12-27 13:04:43,598 - INFO - Cosine Similarity: -0.023729465808719395, Variance: 19.12090492248535
2024-12-27 13:04:43,605 - INFO - Distillation Epoch: 6
2024-12-27 13:04:47,804 - INFO - Epoch: 6 | Train Loss: 0.7825216978788376 | CE Loss: 1.2114088118076325 | Distill Loss: 0.5402399271726608
2024-12-27 13:04:47,840 - INFO - Cosine Similarity: 0.004747274518013001, Variance: 22.99831771850586
2024-12-27 13:04:47,840 - INFO - Distillation Epoch: 7
2024-12-27 13:04:52,029 - INFO - Epoch: 7 | Train Loss: 0.780511662364006 | CE Loss: 1.1970619201660155 | Distill Loss: 0.5410992681980134
2024-12-27 13:04:52,066 - INFO - Cosine Similarity: -0.03007820136845112, Variance: 26.887813568115234
2024-12-27 13:04:52,066 - INFO - Distillation Epoch: 8
2024-12-27 13:04:56,270 - INFO - Epoch: 8 | Train Loss: 0.7791615933179855 | CE Loss: 1.1855701982975007 | Distill Loss: 0.542047557234764
2024-12-27 13:04:56,299 - INFO - Cosine Similarity: 0.04248257391154766, Variance: 30.774799346923828
2024-12-27 13:04:56,299 - INFO - Distillation Epoch: 9
2024-12-27 13:05:00,505 - INFO - Epoch: 9 | Train Loss: 0.7782443702220917 | CE Loss: 1.1738661408424378 | Distill Loss: 0.5434711426496506
2024-12-27 13:05:00,539 - INFO - Cosine Similarity: -0.00342121422290802, Variance: 34.66155242919922
2024-12-27 13:05:00,539 - INFO - Distillation Epoch: 10
2024-12-27 13:05:04,746 - INFO - Epoch: 10 | Train Loss: 0.7779321759939194 | CE Loss: 1.1749530911445618 | Distill Loss: 0.5429415494203568
2024-12-27 13:05:04,779 - INFO - Cosine Similarity: 0.0594624862074852, Variance: 38.550071716308594
2024-12-27 13:05:50,946 - INFO - Distillation Epoch: 1
2024-12-27 13:05:55,114 - INFO - Epoch: 1 | Train Loss: 0.8135747641324997 | CE Loss: 1.270725953578949 | Distill Loss: 0.5594295769929886
2024-12-27 13:05:55,156 - INFO - Cosine Similarity: -0.046480000298470256, Variance: 4.194625377655029
2024-12-27 13:05:55,156 - INFO - Distillation Epoch: 2
2024-12-27 13:05:59,343 - INFO - Epoch: 2 | Train Loss: 0.7871463507413864 | CE Loss: 1.1436058640480042 | Distill Loss: 0.5584251642227173
2024-12-27 13:05:59,378 - INFO - Cosine Similarity: -0.017590106651186942, Variance: 8.02640438079834
2024-12-27 13:05:59,378 - INFO - Distillation Epoch: 3
2024-12-27 13:06:03,572 - INFO - Epoch: 3 | Train Loss: 0.7823622494935989 | CE Loss: 1.1104536473751068 | Distill Loss: 0.5602715253829956
2024-12-27 13:06:03,606 - INFO - Cosine Similarity: -0.01638606460765004, Variance: 12.04865837097168
2024-12-27 13:06:03,606 - INFO - Distillation Epoch: 4
2024-12-27 13:06:07,799 - INFO - Epoch: 4 | Train Loss: 0.7796512454748153 | CE Loss: 1.0935774385929107 | Distill Loss: 0.5609357446432114
2024-12-27 13:06:07,837 - INFO - Cosine Similarity: -0.00432053804397583, Variance: 16.13040542602539
2024-12-27 13:06:07,837 - INFO - Distillation Epoch: 5
2024-12-27 13:06:12,029 - INFO - Epoch: 5 | Train Loss: 0.7777865648269653 | CE Loss: 1.081386038661003 | Distill Loss: 0.5615093529224395
2024-12-27 13:06:12,062 - INFO - Cosine Similarity: -0.012927613593637944, Variance: 20.23217010498047
2024-12-27 13:06:12,062 - INFO - Distillation Epoch: 6
2024-12-27 13:06:16,254 - INFO - Epoch: 6 | Train Loss: 0.77606860101223 | CE Loss: 1.065793162584305 | Distill Loss: 0.5629099637269974
2024-12-27 13:06:16,287 - INFO - Cosine Similarity: 0.007056216336786747, Variance: 24.339017868041992
2024-12-27 13:06:16,287 - INFO - Distillation Epoch: 7
2024-12-27 13:06:20,470 - INFO - Epoch: 7 | Train Loss: 0.7752326607704163 | CE Loss: 1.0569531798362732 | Distill Loss: 0.5638420343399048
2024-12-27 13:06:20,506 - INFO - Cosine Similarity: -0.005056098103523254, Variance: 28.455490112304688
2024-12-27 13:06:20,506 - INFO - Distillation Epoch: 8
2024-12-27 13:06:24,696 - INFO - Epoch: 8 | Train Loss: 0.7748801946640015 | CE Loss: 1.052329394221306 | Distill Loss: 0.5644143164157868
2024-12-27 13:06:24,729 - INFO - Cosine Similarity: 0.01413756851106882, Variance: 32.57941818237305
2024-12-27 13:06:24,729 - INFO - Distillation Epoch: 9
2024-12-27 13:06:28,916 - INFO - Epoch: 9 | Train Loss: 0.7715144217014313 | CE Loss: 1.0317174077033997 | Distill Loss: 0.5651709496974945
2024-12-27 13:06:28,955 - INFO - Cosine Similarity: -0.008725450187921525, Variance: 36.70393753051758
2024-12-27 13:06:28,955 - INFO - Distillation Epoch: 10
2024-12-27 13:06:33,129 - INFO - Epoch: 10 | Train Loss: 0.7723474085330964 | CE Loss: 1.033769392967224 | Distill Loss: 0.5655935227870941
2024-12-27 13:06:33,178 - INFO - Cosine Similarity: -0.03310727961361408, Variance: 40.83329772949219
2024-12-27 13:07:19,388 - INFO - Distillation Epoch: 1
2024-12-27 13:07:23,571 - INFO - Epoch: 1 | Train Loss: 0.8242026954889298 | CE Loss: 1.341684353351593 | Distill Loss: 0.5558658257126808
2024-12-27 13:07:23,608 - INFO - Cosine Similarity: -0.09210541546344757, Variance: 4.790336608886719
2024-12-27 13:07:23,608 - INFO - Distillation Epoch: 2
2024-12-27 13:07:27,787 - INFO - Epoch: 2 | Train Loss: 0.7984857827425003 | CE Loss: 1.2133979678153992 | Distill Loss: 0.5558061897754669
2024-12-27 13:07:27,826 - INFO - Cosine Similarity: -0.06308567943051457, Variance: 8.970823287963867
2024-12-27 13:07:27,826 - INFO - Distillation Epoch: 3
2024-12-27 13:07:32,013 - INFO - Epoch: 3 | Train Loss: 0.7948743313550949 | CE Loss: 1.1922253966331482 | Distill Loss: 0.5564292550086976
2024-12-27 13:07:32,049 - INFO - Cosine Similarity: -0.045857620611786845, Variance: 13.351882934570312
2024-12-27 13:07:32,049 - INFO - Distillation Epoch: 4
2024-12-27 13:07:36,237 - INFO - Epoch: 4 | Train Loss: 0.7941820234060287 | CE Loss: 1.1717923939228059 | Distill Loss: 0.5598235309123993
2024-12-27 13:07:36,268 - INFO - Cosine Similarity: -0.08335462510585785, Variance: 17.7669734954834
2024-12-27 13:07:36,268 - INFO - Distillation Epoch: 5
2024-12-27 13:07:40,468 - INFO - Epoch: 5 | Train Loss: 0.79090775847435 | CE Loss: 1.1568680822849273 | Distill Loss: 0.5595341324806213
2024-12-27 13:07:40,496 - INFO - Cosine Similarity: -0.020862602815032005, Variance: 22.219425201416016
2024-12-27 13:07:40,496 - INFO - Distillation Epoch: 6
2024-12-27 13:07:44,688 - INFO - Epoch: 6 | Train Loss: 0.788377371430397 | CE Loss: 1.1348150432109834 | Distill Loss: 0.5614143580198288
2024-12-27 13:07:44,713 - INFO - Cosine Similarity: -0.02091896873898804, Variance: 26.68206214904785
2024-12-27 13:07:44,713 - INFO - Distillation Epoch: 7
2024-12-27 13:07:48,912 - INFO - Epoch: 7 | Train Loss: 0.7873580276966095 | CE Loss: 1.1320327997207642 | Distill Loss: 0.5609514534473419
2024-12-27 13:07:48,946 - INFO - Cosine Similarity: -0.025710660964250565, Variance: 31.169607162475586
2024-12-27 13:07:48,946 - INFO - Distillation Epoch: 8
2024-12-27 13:07:53,136 - INFO - Epoch: 8 | Train Loss: 0.7865739196538926 | CE Loss: 1.1188917696475982 | Distill Loss: 0.5627955615520477
2024-12-27 13:07:53,169 - INFO - Cosine Similarity: -0.008640125021338462, Variance: 35.66804885864258
2024-12-27 13:07:53,169 - INFO - Distillation Epoch: 9
2024-12-27 13:07:57,356 - INFO - Epoch: 9 | Train Loss: 0.7861585944890976 | CE Loss: 1.1146555125713349 | Distill Loss: 0.5632274806499481
2024-12-27 13:07:57,393 - INFO - Cosine Similarity: 0.07717422433197499, Variance: 40.14045333862305
2024-12-27 13:07:57,393 - INFO - Distillation Epoch: 10
2024-12-27 13:08:01,579 - INFO - Epoch: 10 | Train Loss: 0.7836640745401382 | CE Loss: 1.1015047013759613 | Distill Loss: 0.5633631318807601
2024-12-27 13:08:01,613 - INFO - Cosine Similarity: 0.08749656975269318, Variance: 44.62065124511719
2024-12-27 13:08:47,821 - INFO - Distillation Epoch: 1
2024-12-27 13:08:51,996 - INFO - Epoch: 1 | Train Loss: 0.7879912555217743 | CE Loss: 1.205991369485855 | Distill Loss: 0.5467929691076279
2024-12-27 13:08:52,032 - INFO - Cosine Similarity: -0.06700174659490585, Variance: 4.265195369720459
2024-12-27 13:08:52,032 - INFO - Distillation Epoch: 2
2024-12-27 13:08:56,213 - INFO - Epoch: 2 | Train Loss: 0.7681756258010864 | CE Loss: 1.1088380098342896 | Distill Loss: 0.5464080154895783
2024-12-27 13:08:56,264 - INFO - Cosine Similarity: -0.05376009717583656, Variance: 8.333749771118164
2024-12-27 13:08:56,264 - INFO - Distillation Epoch: 3
2024-12-27 13:09:00,465 - INFO - Epoch: 3 | Train Loss: 0.7644977480173111 | CE Loss: 1.0814955711364747 | Distill Loss: 0.5481986194849015
2024-12-27 13:09:00,496 - INFO - Cosine Similarity: 0.06655013030394911, Variance: 12.551939010620117
2024-12-27 13:09:00,496 - INFO - Distillation Epoch: 4
2024-12-27 13:09:04,680 - INFO - Epoch: 4 | Train Loss: 0.761212632060051 | CE Loss: 1.0572211682796477 | Distill Loss: 0.5497683852910995
2024-12-27 13:09:04,721 - INFO - Cosine Similarity: -0.000525403767824173, Variance: 16.81226348876953
2024-12-27 13:09:04,721 - INFO - Distillation Epoch: 5
2024-12-27 13:09:08,901 - INFO - Epoch: 5 | Train Loss: 0.7606013029813766 | CE Loss: 1.048829084634781 | Distill Loss: 0.5508354842662812
2024-12-27 13:09:08,948 - INFO - Cosine Similarity: -0.008976457267999649, Variance: 21.087703704833984
2024-12-27 13:09:08,948 - INFO - Distillation Epoch: 6
2024-12-27 13:09:13,140 - INFO - Epoch: 6 | Train Loss: 0.7591993927955627 | CE Loss: 1.0336928874254228 | Distill Loss: 0.5524608075618744
2024-12-27 13:09:13,172 - INFO - Cosine Similarity: -0.027247150242328644, Variance: 25.362817764282227
2024-12-27 13:09:13,172 - INFO - Distillation Epoch: 7
2024-12-27 13:09:17,354 - INFO - Epoch: 7 | Train Loss: 0.7582997828722 | CE Loss: 1.0299042165279388 | Distill Loss: 0.5523189276456832
2024-12-27 13:09:17,390 - INFO - Cosine Similarity: -0.05327451042830944, Variance: 29.639240264892578
2024-12-27 13:09:17,390 - INFO - Distillation Epoch: 8
2024-12-27 13:09:21,568 - INFO - Epoch: 8 | Train Loss: 0.7578393965959549 | CE Loss: 1.016961282491684 | Distill Loss: 0.554447129368782
2024-12-27 13:09:21,607 - INFO - Cosine Similarity: 0.056757120229303834, Variance: 33.936363220214844
2024-12-27 13:09:21,607 - INFO - Distillation Epoch: 9
2024-12-27 13:09:25,806 - INFO - Epoch: 9 | Train Loss: 0.7566373139619827 | CE Loss: 1.0131667375564575 | Distill Loss: 0.5540039658546447
2024-12-27 13:09:25,854 - INFO - Cosine Similarity: -0.010076536610722543, Variance: 38.224891662597656
2024-12-27 13:09:25,854 - INFO - Distillation Epoch: 10
2024-12-27 13:09:30,049 - INFO - Epoch: 10 | Train Loss: 0.7551896184682846 | CE Loss: 0.9993700385093689 | Distill Loss: 0.5553156137466431
2024-12-27 13:09:30,096 - INFO - Cosine Similarity: 0.05090779326856136, Variance: 42.51001739501953
2024-12-27 13:10:17,222 - INFO - Distillation Epoch: 1
2024-12-27 13:10:21,400 - INFO - Epoch: 1 | Train Loss: 0.7867922425270081 | CE Loss: 1.0701487958431244 | Distill Loss: 0.5727624773979187
2024-12-27 13:10:21,447 - INFO - Cosine Similarity: -0.08119014166295528, Variance: 4.562992095947266
2024-12-27 13:10:21,447 - INFO - Distillation Epoch: 2
2024-12-27 13:10:25,655 - INFO - Epoch: 2 | Train Loss: 0.7612120300531388 | CE Loss: 0.9735009551048279 | Distill Loss: 0.5665118396282196
2024-12-27 13:10:25,693 - INFO - Cosine Similarity: -0.019880799762904643, Variance: 8.879108428955078
2024-12-27 13:10:25,694 - INFO - Distillation Epoch: 3
2024-12-27 13:10:29,897 - INFO - Epoch: 3 | Train Loss: 0.7571406662464142 | CE Loss: 0.9477324217557908 | Distill Loss: 0.5675941646099091
2024-12-27 13:10:29,930 - INFO - Cosine Similarity: -0.039089260064065455, Variance: 13.322690963745117
2024-12-27 13:10:29,930 - INFO - Distillation Epoch: 4
2024-12-27 13:10:34,157 - INFO - Epoch: 4 | Train Loss: 0.7582835644483567 | CE Loss: 0.9446244567632676 | Distill Loss: 0.5693586707115174
2024-12-27 13:10:34,189 - INFO - Cosine Similarity: -0.0118250772356987, Variance: 17.77927017211914
2024-12-27 13:10:34,189 - INFO - Distillation Epoch: 5
2024-12-27 13:10:38,413 - INFO - Epoch: 5 | Train Loss: 0.755972084403038 | CE Loss: 0.9359966069459915 | Distill Loss: 0.5687727749347686
2024-12-27 13:10:38,447 - INFO - Cosine Similarity: -0.0870906088501215, Variance: 22.258190155029297
2024-12-27 13:10:38,447 - INFO - Distillation Epoch: 6
2024-12-27 13:10:42,648 - INFO - Epoch: 6 | Train Loss: 0.7549842417240142 | CE Loss: 0.9275977909564972 | Distill Loss: 0.5694646745920181
2024-12-27 13:10:42,684 - INFO - Cosine Similarity: -0.04242641404271126, Variance: 26.743383407592773
2024-12-27 13:10:42,684 - INFO - Distillation Epoch: 7
2024-12-27 13:10:46,897 - INFO - Epoch: 7 | Train Loss: 0.7554358452558517 | CE Loss: 0.9186575293540955 | Distill Loss: 0.5717043370008469
2024-12-27 13:10:46,939 - INFO - Cosine Similarity: -0.007456329371780157, Variance: 31.234386444091797
2024-12-27 13:10:46,939 - INFO - Distillation Epoch: 8
2024-12-27 13:10:51,141 - INFO - Epoch: 8 | Train Loss: 0.75399129986763 | CE Loss: 0.918976429104805 | Distill Loss: 0.5701960116624832
2024-12-27 13:10:51,175 - INFO - Cosine Similarity: -0.1333466937765479, Variance: 35.723670959472656
2024-12-27 13:10:51,175 - INFO - Distillation Epoch: 9
2024-12-27 13:10:55,358 - INFO - Epoch: 9 | Train Loss: 0.7528258115053177 | CE Loss: 0.9116167157888413 | Distill Loss: 0.5705024719238281
2024-12-27 13:10:55,392 - INFO - Cosine Similarity: -0.09129707291722297, Variance: 40.21677017211914
2024-12-27 13:10:55,392 - INFO - Distillation Epoch: 10
2024-12-27 13:10:59,493 - INFO - Epoch: 10 | Train Loss: 0.7542819768190384 | CE Loss: 0.9115634828805923 | Distill Loss: 0.5719692766666412
2024-12-27 13:10:59,521 - INFO - Cosine Similarity: -0.08582821814343333, Variance: 44.713871002197266
2024-12-27 13:11:46,745 - INFO - Distillation Epoch: 1
2024-12-27 13:11:50,775 - INFO - Epoch: 1 | Train Loss: 0.765261247754097 | CE Loss: 0.9898456394672394 | Distill Loss: 0.567292109131813
2024-12-27 13:11:50,807 - INFO - Cosine Similarity: 0.005665048211812973, Variance: 4.647738933563232
2024-12-27 13:11:50,807 - INFO - Distillation Epoch: 2
2024-12-27 13:11:54,842 - INFO - Epoch: 2 | Train Loss: 0.74415782392025 | CE Loss: 0.9082048565149308 | Distill Loss: 0.5625168532133102
2024-12-27 13:11:54,871 - INFO - Cosine Similarity: -0.009272475913166999, Variance: 8.852340698242188
2024-12-27 13:11:54,871 - INFO - Distillation Epoch: 3
2024-12-27 13:11:58,856 - INFO - Epoch: 3 | Train Loss: 0.740915960073471 | CE Loss: 0.8932677894830704 | Distill Loss: 0.5622623980045318
2024-12-27 13:11:58,889 - INFO - Cosine Similarity: 0.0013045569881796836, Variance: 13.19749641418457
2024-12-27 13:11:58,889 - INFO - Distillation Epoch: 4
2024-12-27 13:12:03,027 - INFO - Epoch: 4 | Train Loss: 0.7396947592496872 | CE Loss: 0.8769268780946732 | Distill Loss: 0.5643093705177307
2024-12-27 13:12:03,060 - INFO - Cosine Similarity: 0.013154757022857667, Variance: 17.576129913330078
2024-12-27 13:12:03,060 - INFO - Distillation Epoch: 5
2024-12-27 13:12:07,130 - INFO - Epoch: 5 | Train Loss: 0.739369934797287 | CE Loss: 0.8715251713991166 | Distill Loss: 0.5650649011135102
2024-12-27 13:12:07,170 - INFO - Cosine Similarity: 0.01284510400146246, Variance: 21.982101440429688
2024-12-27 13:12:07,170 - INFO - Distillation Epoch: 6
2024-12-27 13:12:11,245 - INFO - Epoch: 6 | Train Loss: 0.73641417324543 | CE Loss: 0.8550009667873383 | Distill Loss: 0.5654139757156372
2024-12-27 13:12:11,285 - INFO - Cosine Similarity: -0.006028745695948601, Variance: 26.392541885375977
2024-12-27 13:12:11,285 - INFO - Distillation Epoch: 7
2024-12-27 13:12:15,402 - INFO - Epoch: 7 | Train Loss: 0.7361638009548187 | CE Loss: 0.852274289727211 | Distill Loss: 0.5657089442014694
2024-12-27 13:12:15,437 - INFO - Cosine Similarity: -0.024060513824224472, Variance: 30.804798126220703
2024-12-27 13:12:15,437 - INFO - Distillation Epoch: 8
2024-12-27 13:12:19,545 - INFO - Epoch: 8 | Train Loss: 0.7354389697313308 | CE Loss: 0.8461351215839386 | Distill Loss: 0.5662119448184967
2024-12-27 13:12:19,597 - INFO - Cosine Similarity: -0.0025318210013210774, Variance: 35.23500442504883
2024-12-27 13:12:19,597 - INFO - Distillation Epoch: 9
2024-12-27 13:12:23,818 - INFO - Epoch: 9 | Train Loss: 0.734657022356987 | CE Loss: 0.8377749204635621 | Distill Loss: 0.5671020388603211
2024-12-27 13:12:23,853 - INFO - Cosine Similarity: -0.03956240564584732, Variance: 39.65739822387695
2024-12-27 13:12:23,853 - INFO - Distillation Epoch: 10
2024-12-27 13:12:28,067 - INFO - Epoch: 10 | Train Loss: 0.7352813601493835 | CE Loss: 0.8370693385601043 | Distill Loss: 0.5678674757480622
2024-12-27 13:12:28,104 - INFO - Cosine Similarity: -0.013364766351878643, Variance: 44.081085205078125
2024-12-27 13:13:14,349 - INFO - Distillation Epoch: 1
2024-12-27 13:13:18,535 - INFO - Epoch: 1 | Train Loss: 0.7556922644376755 | CE Loss: 0.9349541813135147 | Distill Loss: 0.5687014102935791
2024-12-27 13:13:18,570 - INFO - Cosine Similarity: -0.17811520365066827, Variance: 4.480459213256836
2024-12-27 13:13:18,570 - INFO - Distillation Epoch: 2
2024-12-27 13:13:22,774 - INFO - Epoch: 2 | Train Loss: 0.7334005743265152 | CE Loss: 0.8447779357433319 | Distill Loss: 0.5644449889659882
2024-12-27 13:13:22,809 - INFO - Cosine Similarity: -0.13724873661994935, Variance: 8.818770408630371
2024-12-27 13:13:22,809 - INFO - Distillation Epoch: 3
2024-12-27 13:13:27,001 - INFO - Epoch: 3 | Train Loss: 0.7315930962562561 | CE Loss: 0.8366364717483521 | Distill Loss: 0.5642658025026321
2024-12-27 13:13:27,052 - INFO - Cosine Similarity: -0.04074833542108536, Variance: 13.270109176635742
2024-12-27 13:13:27,052 - INFO - Distillation Epoch: 4
2024-12-27 13:13:31,245 - INFO - Epoch: 4 | Train Loss: 0.7288614243268967 | CE Loss: 0.824718302488327 | Distill Loss: 0.5639177680015564
2024-12-27 13:13:31,281 - INFO - Cosine Similarity: -0.14953944236040115, Variance: 17.750614166259766
2024-12-27 13:13:31,281 - INFO - Distillation Epoch: 5
2024-12-27 13:13:35,480 - INFO - Epoch: 5 | Train Loss: 0.7303240925073624 | CE Loss: 0.8249578803777695 | Distill Loss: 0.5653325170278549
2024-12-27 13:13:35,514 - INFO - Cosine Similarity: 0.08029913902282715, Variance: 22.239694595336914
2024-12-27 13:13:35,514 - INFO - Distillation Epoch: 6
2024-12-27 13:13:39,704 - INFO - Epoch: 6 | Train Loss: 0.7293412744998932 | CE Loss: 0.8163026928901672 | Distill Loss: 0.5660807341337204
2024-12-27 13:13:39,738 - INFO - Cosine Similarity: -0.1148379161953926, Variance: 26.742816925048828
2024-12-27 13:13:39,738 - INFO - Distillation Epoch: 7
2024-12-27 13:13:43,926 - INFO - Epoch: 7 | Train Loss: 0.728700366616249 | CE Loss: 0.8165169090032578 | Distill Loss: 0.5653969705104828
2024-12-27 13:13:43,962 - INFO - Cosine Similarity: 0.03727355673909187, Variance: 31.236949920654297
2024-12-27 13:13:43,962 - INFO - Distillation Epoch: 8
2024-12-27 13:13:48,160 - INFO - Epoch: 8 | Train Loss: 0.7289927780628205 | CE Loss: 0.8121252983808518 | Distill Loss: 0.5665677279233933
2024-12-27 13:13:48,190 - INFO - Cosine Similarity: -0.09354184791445733, Variance: 35.7327766418457
2024-12-27 13:13:48,190 - INFO - Distillation Epoch: 9
2024-12-27 13:13:52,383 - INFO - Epoch: 9 | Train Loss: 0.727933382987976 | CE Loss: 0.8113217234611512 | Distill Loss: 0.5656690299510956
2024-12-27 13:13:52,418 - INFO - Cosine Similarity: 0.011997076589614153, Variance: 40.23283004760742
2024-12-27 13:13:52,418 - INFO - Distillation Epoch: 10
2024-12-27 13:13:56,609 - INFO - Epoch: 10 | Train Loss: 0.7288067936897278 | CE Loss: 0.8122494995594025 | Distill Loss: 0.5663568884134292
2024-12-27 13:13:56,643 - INFO - Cosine Similarity: -0.0945877604186535, Variance: 44.72628402709961
2024-12-27 13:14:42,621 - INFO - Distillation Epoch: 1
2024-12-27 13:14:46,840 - INFO - Epoch: 1 | Train Loss: 0.7344185829162597 | CE Loss: 0.9006470113992691 | Distill Loss: 0.554289186000824
2024-12-27 13:14:46,874 - INFO - Cosine Similarity: -0.04678766448050738, Variance: 4.521691799163818
2024-12-27 13:14:46,874 - INFO - Distillation Epoch: 2
2024-12-27 13:14:51,111 - INFO - Epoch: 2 | Train Loss: 0.7137200266122818 | CE Loss: 0.8424758166074753 | Distill Loss: 0.5452248722314834
2024-12-27 13:14:51,147 - INFO - Cosine Similarity: 0.031115704961121083, Variance: 8.880534172058105
2024-12-27 13:14:51,147 - INFO - Distillation Epoch: 3
2024-12-27 13:14:55,382 - INFO - Epoch: 3 | Train Loss: 0.7114322334527969 | CE Loss: 0.8294876098632813 | Distill Loss: 0.5455347120761871
2024-12-27 13:14:55,417 - INFO - Cosine Similarity: -0.04081118032336235, Variance: 13.3333740234375
2024-12-27 13:14:55,417 - INFO - Distillation Epoch: 4
2024-12-27 13:14:59,658 - INFO - Epoch: 4 | Train Loss: 0.7089275896549225 | CE Loss: 0.8114186465740204 | Distill Loss: 0.5466438591480255
2024-12-27 13:14:59,691 - INFO - Cosine Similarity: -0.008039266988635062, Variance: 17.821516036987305
2024-12-27 13:14:59,691 - INFO - Distillation Epoch: 5
2024-12-27 13:15:03,917 - INFO - Epoch: 5 | Train Loss: 0.7090877383947373 | CE Loss: 0.8050915896892548 | Distill Loss: 0.5480694234371185
2024-12-27 13:15:03,952 - INFO - Cosine Similarity: 0.0036920102313160895, Variance: 22.321914672851562
2024-12-27 13:15:03,952 - INFO - Distillation Epoch: 6
2024-12-27 13:15:08,172 - INFO - Epoch: 6 | Train Loss: 0.7075559347867966 | CE Loss: 0.7983974486589431 | Distill Loss: 0.5478764474391937
2024-12-27 13:15:08,204 - INFO - Cosine Similarity: 0.01471688449382782, Variance: 26.82503318786621
2024-12-27 13:15:08,204 - INFO - Distillation Epoch: 7
2024-12-27 13:15:12,433 - INFO - Epoch: 7 | Train Loss: 0.7085773646831512 | CE Loss: 0.8025948882102967 | Distill Loss: 0.5480583995580673
2024-12-27 13:15:12,472 - INFO - Cosine Similarity: -0.04404338821768761, Variance: 31.329082489013672
2024-12-27 13:15:12,472 - INFO - Distillation Epoch: 8
2024-12-27 13:15:16,630 - INFO - Epoch: 8 | Train Loss: 0.7072068244218827 | CE Loss: 0.7920883029699326 | Distill Loss: 0.5487891554832458
2024-12-27 13:15:16,667 - INFO - Cosine Similarity: -0.005376395583152771, Variance: 35.84015655517578
2024-12-27 13:15:16,667 - INFO - Distillation Epoch: 9
2024-12-27 13:15:20,825 - INFO - Epoch: 9 | Train Loss: 0.7071022242307663 | CE Loss: 0.7864074885845185 | Distill Loss: 0.5498207211494446
2024-12-27 13:15:20,864 - INFO - Cosine Similarity: 0.05426899045705795, Variance: 40.3546257019043
2024-12-27 13:15:20,864 - INFO - Distillation Epoch: 10
2024-12-27 13:15:25,040 - INFO - Epoch: 10 | Train Loss: 0.705901250243187 | CE Loss: 0.78228560090065 | Distill Loss: 0.5494441241025925
2024-12-27 13:15:25,076 - INFO - Cosine Similarity: -0.03978211395442486, Variance: 44.8712043762207
2024-12-27 13:16:12,236 - INFO - Distillation Epoch: 1
2024-12-27 13:16:16,214 - INFO - Epoch: 1 | Train Loss: 0.8014143526554107 | CE Loss: 1.1932917773723601 | Distill Loss: 0.5627559870481491
2024-12-27 13:16:16,246 - INFO - Cosine Similarity: -0.11567817982286215, Variance: 4.32946252822876
2024-12-27 13:16:16,246 - INFO - Distillation Epoch: 2
2024-12-27 13:16:20,215 - INFO - Epoch: 2 | Train Loss: 0.7711475998163223 | CE Loss: 1.066811853647232 | Distill Loss: 0.557785227894783
2024-12-27 13:16:20,252 - INFO - Cosine Similarity: -0.13409376814961432, Variance: 8.495406150817871
2024-12-27 13:16:20,252 - INFO - Distillation Epoch: 3
2024-12-27 13:16:24,398 - INFO - Epoch: 3 | Train Loss: 0.7692365616559982 | CE Loss: 1.0445391952991485 | Distill Loss: 0.5603287190198898
2024-12-27 13:16:24,435 - INFO - Cosine Similarity: -0.029421867430210115, Variance: 12.792938232421875
2024-12-27 13:16:24,435 - INFO - Distillation Epoch: 4
2024-12-27 13:16:28,686 - INFO - Epoch: 4 | Train Loss: 0.7674950242042542 | CE Loss: 1.026831892132759 | Distill Loss: 0.5621286392211914
2024-12-27 13:16:28,720 - INFO - Cosine Similarity: 0.017497279029339553, Variance: 17.119686126708984
2024-12-27 13:16:28,720 - INFO - Distillation Epoch: 5
2024-12-27 13:16:32,910 - INFO - Epoch: 5 | Train Loss: 0.7665905117988586 | CE Loss: 1.021864053606987 | Distill Loss: 0.5622177064418793
2024-12-27 13:16:32,939 - INFO - Cosine Similarity: -0.03441070094704628, Variance: 21.457706451416016
2024-12-27 13:16:32,939 - INFO - Distillation Epoch: 6
2024-12-27 13:16:37,152 - INFO - Epoch: 6 | Train Loss: 0.766446802020073 | CE Loss: 1.0142500936985015 | Distill Loss: 0.5635967791080475
2024-12-27 13:16:37,190 - INFO - Cosine Similarity: -0.03681983281858266, Variance: 25.799108505249023
2024-12-27 13:16:37,190 - INFO - Distillation Epoch: 7
2024-12-27 13:16:41,402 - INFO - Epoch: 7 | Train Loss: 0.7652164340019226 | CE Loss: 1.004800060391426 | Distill Loss: 0.5642564207315445
2024-12-27 13:16:41,436 - INFO - Cosine Similarity: -0.06884514447301626, Variance: 30.148921966552734
2024-12-27 13:16:41,436 - INFO - Distillation Epoch: 8
2024-12-27 13:16:45,642 - INFO - Epoch: 8 | Train Loss: 0.7639376848936081 | CE Loss: 1.0003723233938218 | Distill Loss: 0.5638632208108902
2024-12-27 13:16:45,677 - INFO - Cosine Similarity: 0.0378195196390152, Variance: 34.49876022338867
2024-12-27 13:16:45,677 - INFO - Distillation Epoch: 9
2024-12-27 13:16:49,883 - INFO - Epoch: 9 | Train Loss: 0.7645452499389649 | CE Loss: 1.001883301138878 | Distill Loss: 0.5641685783863067
2024-12-27 13:16:49,916 - INFO - Cosine Similarity: -0.007917014509439468, Variance: 38.8414192199707
2024-12-27 13:16:49,916 - INFO - Distillation Epoch: 10
2024-12-27 13:16:54,103 - INFO - Epoch: 10 | Train Loss: 0.7639924913644791 | CE Loss: 0.9921570241451263 | Distill Loss: 0.5655610740184784
2024-12-27 13:16:54,140 - INFO - Cosine Similarity: 0.007775640394538641, Variance: 43.1968994140625
2024-12-27 13:17:41,904 - INFO - Distillation Epoch: 1
2024-12-27 13:17:46,074 - INFO - Epoch: 1 | Train Loss: 0.721592178940773 | CE Loss: 1.0500796616077424 | Distill Loss: 0.5115762457251549
2024-12-27 13:17:46,109 - INFO - Cosine Similarity: 0.0010691940784454345, Variance: 4.086541175842285
2024-12-27 13:17:46,109 - INFO - Distillation Epoch: 2
2024-12-27 13:17:50,302 - INFO - Epoch: 2 | Train Loss: 0.7045449465513229 | CE Loss: 0.9743601381778717 | Distill Loss: 0.5096729248762131
2024-12-27 13:17:50,342 - INFO - Cosine Similarity: 0.024720461294054984, Variance: 8.058192253112793
2024-12-27 13:17:50,342 - INFO - Distillation Epoch: 3
2024-12-27 13:17:54,542 - INFO - Epoch: 3 | Train Loss: 0.7024928599596023 | CE Loss: 0.9580951303243637 | Distill Loss: 0.5108738362789154
2024-12-27 13:17:54,573 - INFO - Cosine Similarity: -0.0329899774864316, Variance: 12.162882804870605
2024-12-27 13:17:54,573 - INFO - Distillation Epoch: 4
2024-12-27 13:17:58,781 - INFO - Epoch: 4 | Train Loss: 0.7020182013511658 | CE Loss: 0.9433335989713669 | Distill Loss: 0.5133514821529388
2024-12-27 13:17:58,815 - INFO - Cosine Similarity: -0.019855044037103652, Variance: 16.31252098083496
2024-12-27 13:17:58,815 - INFO - Distillation Epoch: 5
2024-12-27 13:18:03,000 - INFO - Epoch: 5 | Train Loss: 0.6981934756040573 | CE Loss: 0.9259646207094192 | Distill Loss: 0.5130005568265915
2024-12-27 13:18:03,034 - INFO - Cosine Similarity: 0.019172566942870617, Variance: 20.476905822753906
2024-12-27 13:18:03,034 - INFO - Distillation Epoch: 6
2024-12-27 13:18:07,211 - INFO - Epoch: 6 | Train Loss: 0.6980948835611344 | CE Loss: 0.9224446535110473 | Distill Loss: 0.5136059582233429
2024-12-27 13:18:07,248 - INFO - Cosine Similarity: -0.04398499168455601, Variance: 24.642662048339844
2024-12-27 13:18:07,248 - INFO - Distillation Epoch: 7
2024-12-27 13:18:11,416 - INFO - Epoch: 7 | Train Loss: 0.6970217853784562 | CE Loss: 0.9077913612127304 | Distill Loss: 0.5154634952545166
2024-12-27 13:18:11,456 - INFO - Cosine Similarity: -0.020873741060495377, Variance: 28.815078735351562
2024-12-27 13:18:11,456 - INFO - Distillation Epoch: 8
2024-12-27 13:18:15,658 - INFO - Epoch: 8 | Train Loss: 0.6941763579845428 | CE Loss: 0.896542751789093 | Distill Loss: 0.5148678004741669
2024-12-27 13:18:15,698 - INFO - Cosine Similarity: 0.031124871224164963, Variance: 32.984622955322266
2024-12-27 13:18:15,698 - INFO - Distillation Epoch: 9
2024-12-27 13:18:19,910 - INFO - Epoch: 9 | Train Loss: 0.6939000397920608 | CE Loss: 0.889402049779892 | Distill Loss: 0.5160196334123611
2024-12-27 13:18:19,944 - INFO - Cosine Similarity: -0.033318226039409635, Variance: 37.16100311279297
2024-12-27 13:18:19,944 - INFO - Distillation Epoch: 10
2024-12-27 13:18:24,121 - INFO - Epoch: 10 | Train Loss: 0.6925183236598969 | CE Loss: 0.8844603568315506 | Distill Loss: 0.5156262457370758
2024-12-27 13:18:24,151 - INFO - Cosine Similarity: -0.021136562433093788, Variance: 41.33164978027344
2024-12-27 13:19:09,682 - INFO - Distillation Epoch: 1
2024-12-27 13:19:13,858 - INFO - Epoch: 1 | Train Loss: 0.6993491888046265 | CE Loss: 0.9039301753044129 | Distill Loss: 0.5185631543397904
2024-12-27 13:19:13,893 - INFO - Cosine Similarity: 0.00425507752224803, Variance: 4.320965766906738
2024-12-27 13:19:13,893 - INFO - Distillation Epoch: 2
2024-12-27 13:19:18,049 - INFO - Epoch: 2 | Train Loss: 0.683104407787323 | CE Loss: 0.8553791970014573 | Distill Loss: 0.5120285630226136
2024-12-27 13:19:18,093 - INFO - Cosine Similarity: -0.0241525296587497, Variance: 8.51210880279541
2024-12-27 13:19:18,093 - INFO - Distillation Epoch: 3
2024-12-27 13:19:22,256 - INFO - Epoch: 3 | Train Loss: 0.6831314444541932 | CE Loss: 0.8419190347194672 | Distill Loss: 0.5147476255893707
2024-12-27 13:19:22,300 - INFO - Cosine Similarity: -0.01657329360023141, Variance: 12.810221672058105
2024-12-27 13:19:22,300 - INFO - Distillation Epoch: 4
2024-12-27 13:19:26,457 - INFO - Epoch: 4 | Train Loss: 0.6809449315071106 | CE Loss: 0.8285050809383392 | Distill Loss: 0.5152439206838608
2024-12-27 13:19:26,490 - INFO - Cosine Similarity: 0.01189010888338089, Variance: 17.136682510375977
2024-12-27 13:19:26,490 - INFO - Distillation Epoch: 5
2024-12-27 13:19:30,662 - INFO - Epoch: 5 | Train Loss: 0.6785759955644608 | CE Loss: 0.8166335195302963 | Distill Loss: 0.5152492910623551
2024-12-27 13:19:30,687 - INFO - Cosine Similarity: -0.018807026371359826, Variance: 21.476757049560547
2024-12-27 13:19:30,687 - INFO - Distillation Epoch: 6
2024-12-27 13:19:34,906 - INFO - Epoch: 6 | Train Loss: 0.6778306663036346 | CE Loss: 0.8063126415014267 | Distill Loss: 0.5165681391954422
2024-12-27 13:19:34,940 - INFO - Cosine Similarity: 0.025208768993616106, Variance: 25.83310317993164
2024-12-27 13:19:34,940 - INFO - Distillation Epoch: 7
2024-12-27 13:19:39,184 - INFO - Epoch: 7 | Train Loss: 0.6782796293497085 | CE Loss: 0.8086779952049256 | Distill Loss: 0.516544035077095
2024-12-27 13:19:39,220 - INFO - Cosine Similarity: -0.029680622462183236, Variance: 30.190750122070312
2024-12-27 13:19:39,220 - INFO - Distillation Epoch: 8
2024-12-27 13:19:43,419 - INFO - Epoch: 8 | Train Loss: 0.6761806547641754 | CE Loss: 0.7964266866445542 | Distill Loss: 0.5168952941894531
2024-12-27 13:19:43,452 - INFO - Cosine Similarity: 0.014791648834943771, Variance: 34.541969299316406
2024-12-27 13:19:43,452 - INFO - Distillation Epoch: 9
2024-12-27 13:19:47,682 - INFO - Epoch: 9 | Train Loss: 0.6751264065504075 | CE Loss: 0.7879912793636322 | Distill Loss: 0.5175281435251236
2024-12-27 13:19:47,719 - INFO - Cosine Similarity: -0.05639602746814489, Variance: 38.901363372802734
2024-12-27 13:19:47,719 - INFO - Distillation Epoch: 10
2024-12-27 13:19:51,903 - INFO - Epoch: 10 | Train Loss: 0.6743374735116958 | CE Loss: 0.7830550014972687 | Distill Loss: 0.517726457118988
2024-12-27 13:19:51,936 - INFO - Cosine Similarity: 0.002678791806101799, Variance: 43.2454948425293
2024-12-27 13:20:37,501 - INFO - Distillation Epoch: 1
2024-12-27 13:20:41,508 - INFO - Epoch: 1 | Train Loss: 0.6822803735733032 | CE Loss: 0.8386452347040176 | Distill Loss: 0.5145513281226158
2024-12-27 13:20:41,532 - INFO - Cosine Similarity: 0.013725540600717068, Variance: 4.214466571807861
2024-12-27 13:20:41,532 - INFO - Distillation Epoch: 2
2024-12-27 13:20:45,548 - INFO - Epoch: 2 | Train Loss: 0.6655997514724732 | CE Loss: 0.7766751915216445 | Distill Loss: 0.5102646946907043
2024-12-27 13:20:45,582 - INFO - Cosine Similarity: 0.01766714211553335, Variance: 8.178613662719727
2024-12-27 13:20:45,582 - INFO - Distillation Epoch: 3
2024-12-27 13:20:49,607 - INFO - Epoch: 3 | Train Loss: 0.6655364215373993 | CE Loss: 0.7712291538715362 | Distill Loss: 0.5112905889749527
2024-12-27 13:20:49,639 - INFO - Cosine Similarity: -0.01773698036558926, Variance: 12.284124374389648
2024-12-27 13:20:49,639 - INFO - Distillation Epoch: 4
2024-12-27 13:20:53,632 - INFO - Epoch: 4 | Train Loss: 0.6616035908460617 | CE Loss: 0.7549839824438095 | Distill Loss: 0.5106068015098572
2024-12-27 13:20:53,682 - INFO - Cosine Similarity: -0.008240035362541675, Variance: 16.40298843383789
2024-12-27 13:20:53,682 - INFO - Distillation Epoch: 5
2024-12-27 13:20:57,716 - INFO - Epoch: 5 | Train Loss: 0.6616221576929092 | CE Loss: 0.749791419506073 | Distill Loss: 0.5116638720035553
2024-12-27 13:20:57,758 - INFO - Cosine Similarity: 0.012613042909651994, Variance: 20.560659408569336
2024-12-27 13:20:57,758 - INFO - Distillation Epoch: 6
2024-12-27 13:21:01,805 - INFO - Epoch: 6 | Train Loss: 0.6611883252859115 | CE Loss: 0.7398006975650787 | Distill Loss: 0.5132281959056855
2024-12-27 13:21:01,832 - INFO - Cosine Similarity: 0.020354753732681273, Variance: 24.711406707763672
2024-12-27 13:21:01,832 - INFO - Distillation Epoch: 7
2024-12-27 13:21:05,865 - INFO - Epoch: 7 | Train Loss: 0.6595353007316589 | CE Loss: 0.7359459310770035 | Distill Loss: 0.5123461067676545
2024-12-27 13:21:05,915 - INFO - Cosine Similarity: -0.012888273596763611, Variance: 28.86370849609375
2024-12-27 13:21:05,915 - INFO - Distillation Epoch: 8
2024-12-27 13:21:09,948 - INFO - Epoch: 8 | Train Loss: 0.6585554838180542 | CE Loss: 0.7252543896436692 | Distill Loss: 0.5135046035051346
2024-12-27 13:21:09,982 - INFO - Cosine Similarity: 0.005547407642006874, Variance: 33.02558135986328
2024-12-27 13:21:09,982 - INFO - Distillation Epoch: 9
2024-12-27 13:21:14,013 - INFO - Epoch: 9 | Train Loss: 0.6577724277973175 | CE Loss: 0.7219947785139084 | Distill Loss: 0.5133734732866287
2024-12-27 13:21:14,049 - INFO - Cosine Similarity: 0.0028173446655273436, Variance: 37.1807746887207
2024-12-27 13:21:14,049 - INFO - Distillation Epoch: 10
2024-12-27 13:21:18,065 - INFO - Epoch: 10 | Train Loss: 0.6575109243392945 | CE Loss: 0.7230752110481262 | Distill Loss: 0.5128958791494369
2024-12-27 13:21:18,109 - INFO - Cosine Similarity: -0.0043454069644212725, Variance: 41.34156799316406
2024-12-27 13:22:05,116 - INFO - Distillation Epoch: 1
2024-12-27 13:22:09,132 - INFO - Epoch: 1 | Train Loss: 0.7218936234712601 | CE Loss: 0.9306152313947678 | Distill Loss: 0.5357705786824226
2024-12-27 13:22:09,164 - INFO - Cosine Similarity: -0.07726887287572026, Variance: 4.539547443389893
2024-12-27 13:22:09,164 - INFO - Distillation Epoch: 2
2024-12-27 13:22:13,182 - INFO - Epoch: 2 | Train Loss: 0.7037923514842988 | CE Loss: 0.8631304144859314 | Distill Loss: 0.5311662524938583
2024-12-27 13:22:13,216 - INFO - Cosine Similarity: -0.04737457707524299, Variance: 8.90819263458252
2024-12-27 13:22:13,216 - INFO - Distillation Epoch: 3
2024-12-27 13:22:17,232 - INFO - Epoch: 3 | Train Loss: 0.7007684588432312 | CE Loss: 0.8454645961523056 | Distill Loss: 0.5316755384206772
2024-12-27 13:22:17,282 - INFO - Cosine Similarity: -0.0927952192723751, Variance: 13.392521858215332
2024-12-27 13:22:17,282 - INFO - Distillation Epoch: 4
2024-12-27 13:22:21,308 - INFO - Epoch: 4 | Train Loss: 0.700570571422577 | CE Loss: 0.8395784288644791 | Distill Loss: 0.5326548784971237
2024-12-27 13:22:21,332 - INFO - Cosine Similarity: -0.07264634892344475, Variance: 17.91163444519043
2024-12-27 13:22:21,332 - INFO - Distillation Epoch: 5
2024-12-27 13:22:25,348 - INFO - Epoch: 5 | Train Loss: 0.7000370740890502 | CE Loss: 0.8311550736427307 | Distill Loss: 0.5338060528039932
2024-12-27 13:22:25,382 - INFO - Cosine Similarity: -0.022310780920088293, Variance: 22.436546325683594
2024-12-27 13:22:25,382 - INFO - Distillation Epoch: 6
2024-12-27 13:22:29,382 - INFO - Epoch: 6 | Train Loss: 0.6977087408304214 | CE Loss: 0.8184347718954086 | Distill Loss: 0.5340217858552933
2024-12-27 13:22:29,432 - INFO - Cosine Similarity: -0.06620098240673541, Variance: 26.964019775390625
2024-12-27 13:22:29,432 - INFO - Distillation Epoch: 7
2024-12-27 13:22:33,469 - INFO - Epoch: 7 | Train Loss: 0.6973566949367523 | CE Loss: 0.8156061112880707 | Distill Loss: 0.5342354714870453
2024-12-27 13:22:33,504 - INFO - Cosine Similarity: -0.07299928367137909, Variance: 31.492145538330078
2024-12-27 13:22:33,504 - INFO - Distillation Epoch: 8
2024-12-27 13:22:37,516 - INFO - Epoch: 8 | Train Loss: 0.6972663521766662 | CE Loss: 0.814856743812561 | Distill Loss: 0.5342949956655503
2024-12-27 13:22:37,566 - INFO - Cosine Similarity: -0.04180325344204903, Variance: 36.030372619628906
2024-12-27 13:22:37,566 - INFO - Distillation Epoch: 9
2024-12-27 13:22:41,582 - INFO - Epoch: 9 | Train Loss: 0.6965698897838593 | CE Loss: 0.8053092509508133 | Distill Loss: 0.5355080276727676
2024-12-27 13:22:41,615 - INFO - Cosine Similarity: 0.047250491194427015, Variance: 40.561119079589844
2024-12-27 13:22:41,615 - INFO - Distillation Epoch: 10
2024-12-27 13:22:45,667 - INFO - Epoch: 10 | Train Loss: 0.6974413603544235 | CE Loss: 0.8076432555913925 | Distill Loss: 0.5359127074480057
2024-12-27 13:22:45,700 - INFO - Cosine Similarity: 0.02288758885115385, Variance: 45.09528350830078
2024-12-27 13:23:30,932 - INFO - Distillation Epoch: 1
2024-12-27 13:23:34,958 - INFO - Epoch: 1 | Train Loss: 0.6924111098051071 | CE Loss: 0.8543887972831726 | Distill Loss: 0.5215333551168442
2024-12-27 13:23:34,995 - INFO - Cosine Similarity: -0.02456803750246763, Variance: 4.275710105895996
2024-12-27 13:23:34,995 - INFO - Distillation Epoch: 2
2024-12-27 13:23:39,016 - INFO - Epoch: 2 | Train Loss: 0.6767387449741363 | CE Loss: 0.7960153639316558 | Distill Loss: 0.5175356686115264
2024-12-27 13:23:39,059 - INFO - Cosine Similarity: -0.09156558718532323, Variance: 8.472005844116211
2024-12-27 13:23:39,059 - INFO - Distillation Epoch: 3
2024-12-27 13:23:43,082 - INFO - Epoch: 3 | Train Loss: 0.6743480920791626 | CE Loss: 0.780710193514824 | Distill Loss: 0.5182060420513153
2024-12-27 13:23:43,116 - INFO - Cosine Similarity: 0.028764182701706886, Variance: 12.771796226501465
2024-12-27 13:23:43,116 - INFO - Distillation Epoch: 4
2024-12-27 13:23:47,154 - INFO - Epoch: 4 | Train Loss: 0.6728090763092041 | CE Loss: 0.7684903413057327 | Distill Loss: 0.5191109955310822
2024-12-27 13:23:47,185 - INFO - Cosine Similarity: -0.02815663777291775, Variance: 17.092607498168945
2024-12-27 13:23:47,185 - INFO - Distillation Epoch: 5
2024-12-27 13:23:51,208 - INFO - Epoch: 5 | Train Loss: 0.6731383442878723 | CE Loss: 0.7634190946817399 | Distill Loss: 0.5204545170068741
2024-12-27 13:23:51,233 - INFO - Cosine Similarity: -0.003975331969559193, Variance: 21.422693252563477
2024-12-27 13:23:51,233 - INFO - Distillation Epoch: 6
2024-12-27 13:23:55,258 - INFO - Epoch: 6 | Train Loss: 0.6708273589611053 | CE Loss: 0.7541124731302261 | Distill Loss: 0.5200048685073853
2024-12-27 13:23:55,283 - INFO - Cosine Similarity: -0.010551376640796662, Variance: 25.76104736328125
2024-12-27 13:23:55,283 - INFO - Distillation Epoch: 7
2024-12-27 13:23:59,316 - INFO - Epoch: 7 | Train Loss: 0.6707724601030349 | CE Loss: 0.7468611180782319 | Distill Loss: 0.5214002281427383
2024-12-27 13:23:59,350 - INFO - Cosine Similarity: -0.054886973835527895, Variance: 30.11033058166504
2024-12-27 13:23:59,350 - INFO - Distillation Epoch: 8
2024-12-27 13:24:03,366 - INFO - Epoch: 8 | Train Loss: 0.6706914275884628 | CE Loss: 0.741511133313179 | Distill Loss: 0.5223891884088516
2024-12-27 13:24:03,412 - INFO - Cosine Similarity: -0.0359396792948246, Variance: 34.45383071899414
2024-12-27 13:24:03,412 - INFO - Distillation Epoch: 9
2024-12-27 13:24:07,416 - INFO - Epoch: 9 | Train Loss: 0.6701556801795959 | CE Loss: 0.7414095997810364 | Distill Loss: 0.5218737602233887
2024-12-27 13:24:07,475 - INFO - Cosine Similarity: -0.030760339833796023, Variance: 38.803897857666016
2024-12-27 13:24:07,475 - INFO - Distillation Epoch: 10
2024-12-27 13:24:11,501 - INFO - Epoch: 10 | Train Loss: 0.6695506691932678 | CE Loss: 0.736585596203804 | Distill Loss: 0.5222335487604142
2024-12-27 13:24:11,532 - INFO - Cosine Similarity: -0.022352449921891095, Variance: 43.15036392211914
2024-12-27 13:25:29,116 - INFO - Distillation Epoch: 1
2024-12-27 13:25:33,149 - INFO - Epoch: 1 | Train Loss: 0.9235924541950226 | CE Loss: 1.8366288721561432 | Distill Loss: 0.5562666654586792
2024-12-27 13:25:33,185 - INFO - Cosine Similarity: -0.04038248105207458, Variance: 4.155353546142578
2024-12-27 13:25:33,185 - INFO - Distillation Epoch: 2
2024-12-27 13:25:37,215 - INFO - Epoch: 2 | Train Loss: 0.8978039264678955 | CE Loss: 1.6873388171195984 | Distill Loss: 0.5603361606597901
2024-12-27 13:25:37,258 - INFO - Cosine Similarity: 0.011899995058774948, Variance: 7.954142093658447
2024-12-27 13:25:37,258 - INFO - Distillation Epoch: 3
2024-12-27 13:25:41,266 - INFO - Epoch: 3 | Train Loss: 0.8910011261701584 | CE Loss: 1.6287158131599426 | Distill Loss: 0.5652579456567765
2024-12-27 13:25:41,317 - INFO - Cosine Similarity: 0.016572409123182297, Variance: 11.935273170471191
2024-12-27 13:25:41,317 - INFO - Distillation Epoch: 4
2024-12-27 13:25:45,344 - INFO - Epoch: 4 | Train Loss: 0.8846284955739975 | CE Loss: 1.579521256685257 | Distill Loss: 0.5687242299318314
2024-12-27 13:25:45,366 - INFO - Cosine Similarity: 0.01930977255105972, Variance: 15.966981887817383
2024-12-27 13:25:45,366 - INFO - Distillation Epoch: 5
2024-12-27 13:25:49,405 - INFO - Epoch: 5 | Train Loss: 0.8819095849990845 | CE Loss: 1.554230797290802 | Distill Loss: 0.5710634171962738
2024-12-27 13:25:49,436 - INFO - Cosine Similarity: -0.016462392918765546, Variance: 20.021135330200195
2024-12-27 13:25:49,436 - INFO - Distillation Epoch: 6
2024-12-27 13:25:53,459 - INFO - Epoch: 6 | Train Loss: 0.8778583824634552 | CE Loss: 1.522698962688446 | Distill Loss: 0.5733185887336731
2024-12-27 13:25:53,483 - INFO - Cosine Similarity: -0.01073456215672195, Variance: 24.081663131713867
2024-12-27 13:25:53,483 - INFO - Distillation Epoch: 7
2024-12-27 13:25:57,516 - INFO - Epoch: 7 | Train Loss: 0.8727344334125519 | CE Loss: 1.4852339625358582 | Distill Loss: 0.5756876409053803
2024-12-27 13:25:57,533 - INFO - Cosine Similarity: -0.015112205687910319, Variance: 28.1456356048584
2024-12-27 13:25:57,533 - INFO - Distillation Epoch: 8
2024-12-27 13:26:01,568 - INFO - Epoch: 8 | Train Loss: 0.8724321514368057 | CE Loss: 1.4760887622833252 | Distill Loss: 0.5772143959999084
2024-12-27 13:26:01,612 - INFO - Cosine Similarity: -0.039914467465132476, Variance: 32.21725845336914
2024-12-27 13:26:01,612 - INFO - Distillation Epoch: 9
2024-12-27 13:26:05,635 - INFO - Epoch: 9 | Train Loss: 0.8698581367731094 | CE Loss: 1.4604049682617188 | Distill Loss: 0.5777771264314652
2024-12-27 13:26:05,666 - INFO - Cosine Similarity: 0.03157954812049866, Variance: 36.29035568237305
2024-12-27 13:26:05,666 - INFO - Distillation Epoch: 10
2024-12-27 13:26:09,701 - INFO - Epoch: 10 | Train Loss: 0.8659648001194 | CE Loss: 1.4321548819541932 | Distill Loss: 0.5795338243246079
2024-12-27 13:26:09,733 - INFO - Cosine Similarity: 0.026346591114997864, Variance: 40.36433792114258
2024-12-27 13:27:27,853 - INFO - Distillation Epoch: 1
2024-12-27 13:27:31,883 - INFO - Epoch: 1 | Train Loss: 0.8513056814670563 | CE Loss: 1.476040291786194 | Distill Loss: 0.5560976326465606
2024-12-27 13:27:31,914 - INFO - Cosine Similarity: -0.08155355937778949, Variance: 4.1238908767700195
2024-12-27 13:27:31,914 - INFO - Distillation Epoch: 2
2024-12-27 13:27:35,933 - INFO - Epoch: 2 | Train Loss: 0.8278431415557861 | CE Loss: 1.3365626692771913 | Distill Loss: 0.5605305910110474
2024-12-27 13:27:35,983 - INFO - Cosine Similarity: -0.04806595891714096, Variance: 7.979341983795166
2024-12-27 13:27:35,983 - INFO - Distillation Epoch: 3
2024-12-27 13:27:40,016 - INFO - Epoch: 3 | Train Loss: 0.8213372647762298 | CE Loss: 1.293042492866516 | Distill Loss: 0.5627287775278091
2024-12-27 13:27:40,066 - INFO - Cosine Similarity: -0.028190220706164837, Variance: 11.961548805236816
2024-12-27 13:27:40,066 - INFO - Distillation Epoch: 4
2024-12-27 13:27:44,083 - INFO - Epoch: 4 | Train Loss: 0.8197259575128555 | CE Loss: 1.2714071333408357 | Distill Loss: 0.5654445379972458
2024-12-27 13:27:44,116 - INFO - Cosine Similarity: -0.059709825180470945, Variance: 15.978340148925781
2024-12-27 13:27:44,116 - INFO - Distillation Epoch: 5
2024-12-27 13:27:48,133 - INFO - Epoch: 5 | Train Loss: 0.8155203193426133 | CE Loss: 1.2519387185573578 | Distill Loss: 0.565132561326027
2024-12-27 13:27:48,166 - INFO - Cosine Similarity: 0.00042127221822738645, Variance: 20.00952911376953
2024-12-27 13:27:48,166 - INFO - Distillation Epoch: 6
2024-12-27 13:27:52,200 - INFO - Epoch: 6 | Train Loss: 0.8143734395503998 | CE Loss: 1.2361790478229522 | Distill Loss: 0.5671376258134841
2024-12-27 13:27:52,242 - INFO - Cosine Similarity: -0.008075215294957161, Variance: 24.051342010498047
2024-12-27 13:27:52,242 - INFO - Distillation Epoch: 7
2024-12-27 13:27:56,258 - INFO - Epoch: 7 | Train Loss: 0.8135531604290008 | CE Loss: 1.2267820715904236 | Distill Loss: 0.5681967437267303
2024-12-27 13:27:56,283 - INFO - Cosine Similarity: -0.004419466853141785, Variance: 28.095661163330078
2024-12-27 13:27:56,283 - INFO - Distillation Epoch: 8
2024-12-27 13:28:00,314 - INFO - Epoch: 8 | Train Loss: 0.8108426481485367 | CE Loss: 1.2111761748790741 | Distill Loss: 0.5686074256896972
2024-12-27 13:28:00,333 - INFO - Cosine Similarity: 0.049824582447763534, Variance: 32.1419677734375
2024-12-27 13:28:00,333 - INFO - Distillation Epoch: 9
2024-12-27 13:28:04,375 - INFO - Epoch: 9 | Train Loss: 0.8094685494899749 | CE Loss: 1.1979874908924102 | Distill Loss: 0.5698710381984711
2024-12-27 13:28:04,413 - INFO - Cosine Similarity: -0.01954847201704979, Variance: 36.19522476196289
2024-12-27 13:28:04,414 - INFO - Distillation Epoch: 10
2024-12-27 13:28:08,416 - INFO - Epoch: 10 | Train Loss: 0.8094838798046112 | CE Loss: 1.195136344432831 | Distill Loss: 0.5704566091299057
2024-12-27 13:28:08,459 - INFO - Cosine Similarity: -0.020855849236249925, Variance: 40.244686126708984
2024-12-27 13:29:26,613 - INFO - Distillation Epoch: 1
2024-12-27 13:29:30,650 - INFO - Epoch: 1 | Train Loss: 0.814643856883049 | CE Loss: 1.1775383174419403 | Distill Loss: 0.5791361927986145
2024-12-27 13:29:30,690 - INFO - Cosine Similarity: -0.08917798623442649, Variance: 4.331119537353516
2024-12-27 13:29:30,690 - INFO - Distillation Epoch: 2
2024-12-27 13:29:34,711 - INFO - Epoch: 2 | Train Loss: 0.789528414607048 | CE Loss: 1.0610753536224364 | Distill Loss: 0.5773133397102356
2024-12-27 13:29:34,751 - INFO - Cosine Similarity: -0.019245118647813798, Variance: 8.344976425170898
2024-12-27 13:29:34,751 - INFO - Distillation Epoch: 3
2024-12-27 13:29:38,783 - INFO - Epoch: 3 | Train Loss: 0.7855181723833085 | CE Loss: 1.033604669570923 | Distill Loss: 0.5787972271442413
2024-12-27 13:29:38,817 - INFO - Cosine Similarity: -0.09801527410745621, Variance: 12.525299072265625
2024-12-27 13:29:38,817 - INFO - Distillation Epoch: 4
2024-12-27 13:29:42,867 - INFO - Epoch: 4 | Train Loss: 0.7833105176687241 | CE Loss: 1.0204765409231187 | Distill Loss: 0.5792152106761932
2024-12-27 13:29:42,900 - INFO - Cosine Similarity: -0.003464440442621708, Variance: 16.750486373901367
2024-12-27 13:29:42,900 - INFO - Distillation Epoch: 5
2024-12-27 13:29:46,934 - INFO - Epoch: 5 | Train Loss: 0.7819328129291534 | CE Loss: 1.0113391607999802 | Distill Loss: 0.5796649605035782
2024-12-27 13:29:46,967 - INFO - Cosine Similarity: -0.10870277071371674, Variance: 20.9888858795166
2024-12-27 13:29:46,967 - INFO - Distillation Epoch: 6
2024-12-27 13:29:51,001 - INFO - Epoch: 6 | Train Loss: 0.7809125721454621 | CE Loss: 0.9971291333436966 | Distill Loss: 0.5814867377281189
2024-12-27 13:29:51,033 - INFO - Cosine Similarity: -0.10374668017029762, Variance: 25.234012603759766
2024-12-27 13:29:51,033 - INFO - Distillation Epoch: 7
2024-12-27 13:29:55,060 - INFO - Epoch: 7 | Train Loss: 0.7811260730028152 | CE Loss: 0.9944808185100555 | Distill Loss: 0.5822299093008041
2024-12-27 13:29:55,086 - INFO - Cosine Similarity: -0.021583488304167987, Variance: 29.4888973236084
2024-12-27 13:29:55,086 - INFO - Distillation Epoch: 8
2024-12-27 13:29:59,119 - INFO - Epoch: 8 | Train Loss: 0.780379182100296 | CE Loss: 0.9919453948736191 | Distill Loss: 0.5819901049137115
2024-12-27 13:29:59,150 - INFO - Cosine Similarity: -0.09556675148196518, Variance: 33.745216369628906
2024-12-27 13:29:59,150 - INFO - Distillation Epoch: 9
2024-12-27 13:30:03,195 - INFO - Epoch: 9 | Train Loss: 0.7791322827339172 | CE Loss: 0.9809720635414123 | Distill Loss: 0.5829378634691238
2024-12-27 13:30:03,217 - INFO - Cosine Similarity: -0.030082838051021098, Variance: 38.003211975097656
2024-12-27 13:30:03,217 - INFO - Distillation Epoch: 10
2024-12-27 13:30:07,259 - INFO - Epoch: 10 | Train Loss: 0.7788423448801041 | CE Loss: 0.9775658637285233 | Distill Loss: 0.5833291679620742
2024-12-27 13:30:07,299 - INFO - Cosine Similarity: -0.09059538021683693, Variance: 42.260292053222656
2024-12-27 13:31:24,950 - INFO - Distillation Epoch: 1
2024-12-27 13:31:28,967 - INFO - Epoch: 1 | Train Loss: 0.820579981803894 | CE Loss: 1.2335169434547424 | Distill Loss: 0.5738765895366669
2024-12-27 13:31:29,001 - INFO - Cosine Similarity: -0.024821333400905133, Variance: 4.131287574768066
2024-12-27 13:31:29,001 - INFO - Distillation Epoch: 2
2024-12-27 13:31:33,020 - INFO - Epoch: 2 | Train Loss: 0.7931862205266953 | CE Loss: 1.1104265749454498 | Distill Loss: 0.5711009085178376
2024-12-27 13:31:33,067 - INFO - Cosine Similarity: -0.05165414921939373, Variance: 8.22779369354248
2024-12-27 13:31:33,067 - INFO - Distillation Epoch: 3
2024-12-27 13:31:37,093 - INFO - Epoch: 3 | Train Loss: 0.7887989401817321 | CE Loss: 1.0782006680965424 | Distill Loss: 0.5731588006019592
2024-12-27 13:31:37,126 - INFO - Cosine Similarity: -0.009615558153018355, Variance: 12.41847038269043
2024-12-27 13:31:37,126 - INFO - Distillation Epoch: 4
2024-12-27 13:31:41,159 - INFO - Epoch: 4 | Train Loss: 0.7895313382148743 | CE Loss: 1.06956627368927 | Distill Loss: 0.5756180763244629
2024-12-27 13:31:41,184 - INFO - Cosine Similarity: -0.019397066533565523, Variance: 16.63948631286621
2024-12-27 13:31:41,184 - INFO - Distillation Epoch: 5
2024-12-27 13:31:45,234 - INFO - Epoch: 5 | Train Loss: 0.7871853560209274 | CE Loss: 1.0563397228717804 | Distill Loss: 0.5759174168109894
2024-12-27 13:31:45,267 - INFO - Cosine Similarity: -0.06733070388436317, Variance: 20.86689567565918
2024-12-27 13:31:45,267 - INFO - Distillation Epoch: 6
2024-12-27 13:31:49,301 - INFO - Epoch: 6 | Train Loss: 0.785531759262085 | CE Loss: 1.0406419664621354 | Distill Loss: 0.5774033635854721
2024-12-27 13:31:49,333 - INFO - Cosine Similarity: -0.03173824977129698, Variance: 25.09446907043457
2024-12-27 13:31:49,333 - INFO - Distillation Epoch: 7
2024-12-27 13:31:53,384 - INFO - Epoch: 7 | Train Loss: 0.7834984838962555 | CE Loss: 1.0276710212230682 | Distill Loss: 0.5779642909765244
2024-12-27 13:31:53,417 - INFO - Cosine Similarity: -0.04873334132134914, Variance: 29.327966690063477
2024-12-27 13:31:53,417 - INFO - Distillation Epoch: 8
2024-12-27 13:31:57,455 - INFO - Epoch: 8 | Train Loss: 0.7820724606513977 | CE Loss: 1.0203116565942765 | Distill Loss: 0.5780101329088211
2024-12-27 13:31:57,484 - INFO - Cosine Similarity: -0.038784952089190486, Variance: 33.56171417236328
2024-12-27 13:31:57,484 - INFO - Distillation Epoch: 9
2024-12-27 13:32:01,517 - INFO - Epoch: 9 | Train Loss: 0.7821820795536041 | CE Loss: 1.0148499816656114 | Distill Loss: 0.5792120605707168
2024-12-27 13:32:01,559 - INFO - Cosine Similarity: -0.06348000075668096, Variance: 37.801334381103516
2024-12-27 13:32:01,559 - INFO - Distillation Epoch: 10
2024-12-27 13:32:05,584 - INFO - Epoch: 10 | Train Loss: 0.7805578678846359 | CE Loss: 1.0102213680744172 | Distill Loss: 0.5785135865211487
2024-12-27 13:32:05,617 - INFO - Cosine Similarity: 0.02006212333217263, Variance: 42.03765106201172
2024-12-27 13:33:23,920 - INFO - Distillation Epoch: 1
2024-12-27 13:33:27,934 - INFO - Epoch: 1 | Train Loss: 0.7918411314487457 | CE Loss: 1.1492524981498717 | Distill Loss: 0.5619906276464463
2024-12-27 13:33:27,984 - INFO - Cosine Similarity: -0.033733066916465757, Variance: 4.252676486968994
2024-12-27 13:33:27,984 - INFO - Distillation Epoch: 2
2024-12-27 13:33:32,004 - INFO - Epoch: 2 | Train Loss: 0.7728296726942062 | CE Loss: 1.0426491498947144 | Distill Loss: 0.5642998278141022
2024-12-27 13:33:32,034 - INFO - Cosine Similarity: -0.03965233452618122, Variance: 8.400853157043457
2024-12-27 13:33:32,034 - INFO - Distillation Epoch: 3
2024-12-27 13:33:36,050 - INFO - Epoch: 3 | Train Loss: 0.769660010933876 | CE Loss: 1.0295310467481613 | Distill Loss: 0.5637538075447083
2024-12-27 13:33:36,100 - INFO - Cosine Similarity: -0.052048394829034804, Variance: 12.677021026611328
2024-12-27 13:33:36,100 - INFO - Distillation Epoch: 4
2024-12-27 13:33:40,114 - INFO - Epoch: 4 | Train Loss: 0.7651844292879104 | CE Loss: 1.0009931385517121 | Distill Loss: 0.5649858027696609
2024-12-27 13:33:40,151 - INFO - Cosine Similarity: 0.03443995476700366, Variance: 16.975505828857422
2024-12-27 13:33:40,151 - INFO - Distillation Epoch: 5
2024-12-27 13:33:44,167 - INFO - Epoch: 5 | Train Loss: 0.7637168675661087 | CE Loss: 0.9903296947479248 | Distill Loss: 0.5656509280204773
2024-12-27 13:33:44,208 - INFO - Cosine Similarity: -0.0331796195358038, Variance: 21.292430877685547
2024-12-27 13:33:44,208 - INFO - Distillation Epoch: 6
2024-12-27 13:33:48,234 - INFO - Epoch: 6 | Train Loss: 0.7631667286157608 | CE Loss: 0.9789357483386993 | Distill Loss: 0.5673795729875565
2024-12-27 13:33:48,268 - INFO - Cosine Similarity: 0.022114010900259017, Variance: 25.619043350219727
2024-12-27 13:33:48,268 - INFO - Distillation Epoch: 7
2024-12-27 13:33:52,301 - INFO - Epoch: 7 | Train Loss: 0.7631684362888336 | CE Loss: 0.9721890151500702 | Distill Loss: 0.5687306344509124
2024-12-27 13:33:52,334 - INFO - Cosine Similarity: -0.030816814675927163, Variance: 29.947147369384766
2024-12-27 13:33:52,334 - INFO - Distillation Epoch: 8
2024-12-27 13:33:56,360 - INFO - Epoch: 8 | Train Loss: 0.7615010648965835 | CE Loss: 0.9635530680418014 | Distill Loss: 0.5687904387712479
2024-12-27 13:33:56,384 - INFO - Cosine Similarity: -0.03424458326771855, Variance: 34.280738830566406
2024-12-27 13:33:56,384 - INFO - Distillation Epoch: 9
2024-12-27 13:34:00,416 - INFO - Epoch: 9 | Train Loss: 0.7615196675062179 | CE Loss: 0.9604947894811631 | Distill Loss: 0.5694207131862641
2024-12-27 13:34:00,434 - INFO - Cosine Similarity: -0.027746885269880294, Variance: 38.614967346191406
2024-12-27 13:34:00,434 - INFO - Distillation Epoch: 10
2024-12-27 13:34:04,472 - INFO - Epoch: 10 | Train Loss: 0.7603397130966186 | CE Loss: 0.9495226711034774 | Distill Loss: 0.5704351782798767
2024-12-27 13:34:04,514 - INFO - Cosine Similarity: -0.016346312919631602, Variance: 42.947509765625
2024-12-27 13:35:22,366 - INFO - Distillation Epoch: 1
2024-12-27 13:35:26,368 - INFO - Epoch: 1 | Train Loss: 0.7780771523714065 | CE Loss: 0.9412243604660034 | Distill Loss: 0.5898322761058807
2024-12-27 13:35:26,413 - INFO - Cosine Similarity: -0.16386221013963223, Variance: 4.459847927093506
2024-12-27 13:35:26,413 - INFO - Distillation Epoch: 2
2024-12-27 13:35:30,434 - INFO - Epoch: 2 | Train Loss: 0.7544647365808487 | CE Loss: 0.8365956515073776 | Distill Loss: 0.5871456086635589
2024-12-27 13:35:30,467 - INFO - Cosine Similarity: -0.04359525945037603, Variance: 8.819343566894531
2024-12-27 13:35:30,467 - INFO - Distillation Epoch: 3
2024-12-27 13:35:34,484 - INFO - Epoch: 3 | Train Loss: 0.7529045790433884 | CE Loss: 0.8339449167251587 | Distill Loss: 0.5861155927181244
2024-12-27 13:35:34,534 - INFO - Cosine Similarity: -0.1284249022603035, Variance: 13.293380737304688
2024-12-27 13:35:34,534 - INFO - Distillation Epoch: 4
2024-12-27 13:35:38,560 - INFO - Epoch: 4 | Train Loss: 0.751173609495163 | CE Loss: 0.8229233682155609 | Distill Loss: 0.5865889251232147
2024-12-27 13:35:38,601 - INFO - Cosine Similarity: -0.13170225471258162, Variance: 17.7914981842041
2024-12-27 13:35:38,601 - INFO - Distillation Epoch: 5
2024-12-27 13:35:42,618 - INFO - Epoch: 5 | Train Loss: 0.7505868256092072 | CE Loss: 0.8156140565872192 | Distill Loss: 0.5874640256166458
2024-12-27 13:35:42,651 - INFO - Cosine Similarity: 0.05500977896153927, Variance: 22.29703140258789
2024-12-27 13:35:42,651 - INFO - Distillation Epoch: 6
2024-12-27 13:35:46,668 - INFO - Epoch: 6 | Train Loss: 0.7496358513832092 | CE Loss: 0.8126549988985061 | Distill Loss: 0.5871048539876937
2024-12-27 13:35:46,717 - INFO - Cosine Similarity: -0.07016917541623116, Variance: 26.808460235595703
2024-12-27 13:35:46,717 - INFO - Distillation Epoch: 7
2024-12-27 13:35:50,734 - INFO - Epoch: 7 | Train Loss: 0.748841866850853 | CE Loss: 0.8092037588357925 | Distill Loss: 0.5870011150836945
2024-12-27 13:35:50,788 - INFO - Cosine Similarity: -0.07119828299619257, Variance: 31.326644897460938
2024-12-27 13:35:50,788 - INFO - Distillation Epoch: 8
2024-12-27 13:35:54,814 - INFO - Epoch: 8 | Train Loss: 0.7483051896095276 | CE Loss: 0.8022249490022659 | Distill Loss: 0.587860181927681
2024-12-27 13:35:54,860 - INFO - Cosine Similarity: -0.08713732855394482, Variance: 35.84740447998047
2024-12-27 13:35:54,860 - INFO - Distillation Epoch: 9
2024-12-27 13:35:58,885 - INFO - Epoch: 9 | Train Loss: 0.7481655478477478 | CE Loss: 0.7995270133018494 | Distill Loss: 0.5882601410150528
2024-12-27 13:35:58,918 - INFO - Cosine Similarity: 0.11797188166528941, Variance: 40.37285614013672
2024-12-27 13:35:58,918 - INFO - Distillation Epoch: 10
2024-12-27 13:36:02,967 - INFO - Epoch: 10 | Train Loss: 0.7493318676948547 | CE Loss: 0.803058534860611 | Distill Loss: 0.5887201488018036
2024-12-27 13:36:03,007 - INFO - Cosine Similarity: 0.11792006026953458, Variance: 44.89848709106445
2024-12-27 13:37:20,968 - INFO - Distillation Epoch: 1
2024-12-27 13:37:25,009 - INFO - Epoch: 1 | Train Loss: 0.815532511472702 | CE Loss: 1.2515392065048219 | Distill Loss: 0.5652246654033661
2024-12-27 13:37:25,051 - INFO - Cosine Similarity: -0.019735555350780486, Variance: 4.282697677612305
2024-12-27 13:37:25,051 - INFO - Distillation Epoch: 2
2024-12-27 13:37:29,088 - INFO - Epoch: 2 | Train Loss: 0.7917399644851685 | CE Loss: 1.149321848154068 | Distill Loss: 0.5618755877017975
2024-12-27 13:37:29,118 - INFO - Cosine Similarity: -0.00343558294698596, Variance: 8.472528457641602
2024-12-27 13:37:29,118 - INFO - Distillation Epoch: 3
2024-12-27 13:37:33,151 - INFO - Epoch: 3 | Train Loss: 0.7876174449920654 | CE Loss: 1.1240842640399933 | Distill Loss: 0.5628005802631378
2024-12-27 13:37:33,184 - INFO - Cosine Similarity: -0.012467020098119974, Variance: 12.767991065979004
2024-12-27 13:37:33,184 - INFO - Distillation Epoch: 4
2024-12-27 13:37:37,235 - INFO - Epoch: 4 | Train Loss: 0.785503962635994 | CE Loss: 1.1054531335830688 | Distill Loss: 0.5644133299589157
2024-12-27 13:37:37,268 - INFO - Cosine Similarity: 0.006703848391771317, Variance: 17.09427833557129
2024-12-27 13:37:37,268 - INFO - Distillation Epoch: 5
2024-12-27 13:37:41,352 - INFO - Epoch: 5 | Train Loss: 0.7842045962810517 | CE Loss: 1.090828436613083 | Distill Loss: 0.5660389125347137
2024-12-27 13:37:41,385 - INFO - Cosine Similarity: -0.0056995443999767305, Variance: 21.42989730834961
2024-12-27 13:37:41,385 - INFO - Distillation Epoch: 6
2024-12-27 13:37:45,417 - INFO - Epoch: 6 | Train Loss: 0.782624888420105 | CE Loss: 1.0806731402873992 | Distill Loss: 0.5664902716875077
2024-12-27 13:37:45,435 - INFO - Cosine Similarity: -0.015189670585095882, Variance: 25.769128799438477
2024-12-27 13:37:45,435 - INFO - Distillation Epoch: 7
2024-12-27 13:37:49,468 - INFO - Epoch: 7 | Train Loss: 0.7811459004878998 | CE Loss: 1.0736839473247528 | Distill Loss: 0.5664091050624848
2024-12-27 13:37:49,501 - INFO - Cosine Similarity: -0.0156719334423542, Variance: 30.103626251220703
2024-12-27 13:37:49,501 - INFO - Distillation Epoch: 8
2024-12-27 13:37:53,521 - INFO - Epoch: 8 | Train Loss: 0.7820712834596634 | CE Loss: 1.073261559009552 | Distill Loss: 0.5674189835786819
2024-12-27 13:37:53,560 - INFO - Cosine Similarity: 0.007860357873141766, Variance: 34.43873977661133
2024-12-27 13:37:53,560 - INFO - Distillation Epoch: 9
2024-12-27 13:37:57,588 - INFO - Epoch: 9 | Train Loss: 0.7804836869239807 | CE Loss: 1.054601177573204 | Distill Loss: 0.5695634454488754
2024-12-27 13:37:57,626 - INFO - Cosine Similarity: 0.0132518052123487, Variance: 38.77701187133789
2024-12-27 13:37:57,626 - INFO - Distillation Epoch: 10
2024-12-27 13:38:01,662 - INFO - Epoch: 10 | Train Loss: 0.7790623784065247 | CE Loss: 1.0517261654138566 | Distill Loss: 0.5687171459197998
2024-12-27 13:38:01,684 - INFO - Cosine Similarity: -0.004570264089852572, Variance: 43.1141242980957
2024-12-27 13:39:20,985 - INFO - Distillation Epoch: 1
2024-12-27 13:39:25,030 - INFO - Epoch: 1 | Train Loss: 0.7631801754236222 | CE Loss: 1.0407280832529069 | Distill Loss: 0.5550345599651336
2024-12-27 13:39:25,061 - INFO - Cosine Similarity: -0.04654514640569687, Variance: 4.469788551330566
2024-12-27 13:39:25,061 - INFO - Distillation Epoch: 2
2024-12-27 13:39:29,069 - INFO - Epoch: 2 | Train Loss: 0.7464134395122528 | CE Loss: 0.9852595180273056 | Distill Loss: 0.5493615418672562
2024-12-27 13:39:29,111 - INFO - Cosine Similarity: -0.014562858641147614, Variance: 8.730798721313477
2024-12-27 13:39:29,111 - INFO - Distillation Epoch: 3
2024-12-27 13:39:33,152 - INFO - Epoch: 3 | Train Loss: 0.7431938380002976 | CE Loss: 0.962533375620842 | Distill Loss: 0.5506871581077576
2024-12-27 13:39:33,185 - INFO - Cosine Similarity: 0.005533740669488907, Variance: 13.115936279296875
2024-12-27 13:39:33,185 - INFO - Distillation Epoch: 4
2024-12-27 13:39:37,213 - INFO - Epoch: 4 | Train Loss: 0.7436616361141205 | CE Loss: 0.9569193542003631 | Distill Loss: 0.5522777616977692
2024-12-27 13:39:37,254 - INFO - Cosine Similarity: 0.05830666273832321, Variance: 17.535491943359375
2024-12-27 13:39:37,254 - INFO - Distillation Epoch: 5
2024-12-27 13:39:41,268 - INFO - Epoch: 5 | Train Loss: 0.7411152213811875 | CE Loss: 0.9426711827516556 | Distill Loss: 0.5525809824466705
2024-12-27 13:39:41,322 - INFO - Cosine Similarity: 0.024587321281433105, Variance: 21.958261489868164
2024-12-27 13:39:41,322 - INFO - Distillation Epoch: 6
2024-12-27 13:39:45,335 - INFO - Epoch: 6 | Train Loss: 0.740953865647316 | CE Loss: 0.9348990797996521 | Distill Loss: 0.5539740413427353
2024-12-27 13:39:45,385 - INFO - Cosine Similarity: 0.017959198169410228, Variance: 26.380823135375977
2024-12-27 13:39:45,385 - INFO - Distillation Epoch: 7
2024-12-27 13:39:49,411 - INFO - Epoch: 7 | Train Loss: 0.7381016105413437 | CE Loss: 0.9229252964258194 | Distill Loss: 0.5535165458917618
2024-12-27 13:39:49,435 - INFO - Cosine Similarity: 0.06016755718737841, Variance: 30.816455841064453
2024-12-27 13:39:49,435 - INFO - Distillation Epoch: 8
2024-12-27 13:39:53,468 - INFO - Epoch: 8 | Train Loss: 0.7391342371702194 | CE Loss: 0.9221311241388321 | Distill Loss: 0.5547080159187316
2024-12-27 13:39:53,501 - INFO - Cosine Similarity: 0.04559922069311142, Variance: 35.25934600830078
2024-12-27 13:39:53,501 - INFO - Distillation Epoch: 9
2024-12-27 13:39:57,532 - INFO - Epoch: 9 | Train Loss: 0.7370585680007935 | CE Loss: 0.9105750411748886 | Distill Loss: 0.5549435585737228
2024-12-27 13:39:57,561 - INFO - Cosine Similarity: 0.07510113939642907, Variance: 39.69432830810547
2024-12-27 13:39:57,561 - INFO - Distillation Epoch: 10
2024-12-27 13:40:01,598 - INFO - Epoch: 10 | Train Loss: 0.7375620603561401 | CE Loss: 0.9105008363723754 | Distill Loss: 0.5554618805646896
2024-12-27 13:40:01,631 - INFO - Cosine Similarity: 0.024401702731847764, Variance: 44.13276290893555
2024-12-27 13:41:21,334 - INFO - Distillation Epoch: 1
2024-12-27 13:41:25,352 - INFO - Epoch: 1 | Train Loss: 0.8203503549098968 | CE Loss: 1.1760374367237092 | Distill Loss: 0.5851428598165512
2024-12-27 13:41:25,385 - INFO - Cosine Similarity: -0.0975218778476119, Variance: 4.4259114265441895
2024-12-27 13:41:25,401 - INFO - Distillation Epoch: 2
2024-12-27 13:41:29,432 - INFO - Epoch: 2 | Train Loss: 0.7927770018577576 | CE Loss: 1.0585333734750748 | Distill Loss: 0.5810703188180923
2024-12-27 13:41:29,469 - INFO - Cosine Similarity: -0.06080249696969986, Variance: 8.786773681640625
2024-12-27 13:41:29,469 - INFO - Distillation Epoch: 3
2024-12-27 13:41:33,485 - INFO - Epoch: 3 | Train Loss: 0.7897262930870056 | CE Loss: 1.0325846552848816 | Distill Loss: 0.5832093596458435
2024-12-27 13:41:33,523 - INFO - Cosine Similarity: -0.12606992647051812, Variance: 13.23528003692627
2024-12-27 13:41:33,523 - INFO - Distillation Epoch: 4
2024-12-27 13:41:37,539 - INFO - Epoch: 4 | Train Loss: 0.7859054177999496 | CE Loss: 1.0108079075813294 | Distill Loss: 0.58374382853508
2024-12-27 13:41:37,571 - INFO - Cosine Similarity: -0.00216156542301178, Variance: 17.706953048706055
2024-12-27 13:41:37,571 - INFO - Distillation Epoch: 5
2024-12-27 13:41:41,585 - INFO - Epoch: 5 | Train Loss: 0.7874638825654984 | CE Loss: 1.0195565491914749 | Distill Loss: 0.5835525602102279
2024-12-27 13:41:41,628 - INFO - Cosine Similarity: 0.07307770997285842, Variance: 22.18932342529297
2024-12-27 13:41:41,628 - INFO - Distillation Epoch: 6
2024-12-27 13:41:45,661 - INFO - Epoch: 6 | Train Loss: 0.7872356057167054 | CE Loss: 1.0111619025468825 | Distill Loss: 0.5850032210350037
2024-12-27 13:41:45,685 - INFO - Cosine Similarity: -0.017338673770427703, Variance: 26.671436309814453
2024-12-27 13:41:45,685 - INFO - Distillation Epoch: 7
2024-12-27 13:41:49,725 - INFO - Epoch: 7 | Train Loss: 0.7853963851928711 | CE Loss: 1.0003141820430757 | Distill Loss: 0.5853335410356522
2024-12-27 13:41:49,752 - INFO - Cosine Similarity: -0.09783395379781723, Variance: 31.158512115478516
2024-12-27 13:41:49,752 - INFO - Distillation Epoch: 8
2024-12-27 13:41:53,788 - INFO - Epoch: 8 | Train Loss: 0.7850893169641495 | CE Loss: 0.995612183213234 | Distill Loss: 0.585966882109642
2024-12-27 13:41:53,820 - INFO - Cosine Similarity: -0.08269353210926056, Variance: 35.646240234375
2024-12-27 13:41:53,820 - INFO - Distillation Epoch: 9
2024-12-27 13:41:57,835 - INFO - Epoch: 9 | Train Loss: 0.7841860473155975 | CE Loss: 0.9885171681642533 | Distill Loss: 0.586482611298561
2024-12-27 13:41:57,868 - INFO - Cosine Similarity: -0.07520457878708839, Variance: 40.13471221923828
2024-12-27 13:41:57,868 - INFO - Distillation Epoch: 10
2024-12-27 13:42:01,909 - INFO - Epoch: 10 | Train Loss: 0.7847772151231766 | CE Loss: 0.9895477861166 | Distill Loss: 0.5868676692247391
2024-12-27 13:42:01,938 - INFO - Cosine Similarity: -0.03148914282210171, Variance: 44.6284294128418
2024-12-27 13:43:20,936 - INFO - Distillation Epoch: 1
2024-12-27 13:43:24,988 - INFO - Epoch: 1 | Train Loss: 0.7579841911792755 | CE Loss: 1.078065288066864 | Distill Loss: 0.5423711210489273
2024-12-27 13:43:25,021 - INFO - Cosine Similarity: -0.0014801940880715847, Variance: 4.251998424530029
2024-12-27 13:43:25,021 - INFO - Distillation Epoch: 2
2024-12-27 13:43:29,052 - INFO - Epoch: 2 | Train Loss: 0.7420785516500473 | CE Loss: 1.0138146549463272 | Distill Loss: 0.5393156170845032
2024-12-27 13:43:29,088 - INFO - Cosine Similarity: -0.03800511062145233, Variance: 8.498147964477539
2024-12-27 13:43:29,088 - INFO - Distillation Epoch: 3
2024-12-27 13:43:33,137 - INFO - Epoch: 3 | Train Loss: 0.7377848505973816 | CE Loss: 0.9896662354469299 | Distill Loss: 0.5398516029119491
2024-12-27 13:43:33,176 - INFO - Cosine Similarity: 0.001792607083916664, Variance: 12.829724311828613
2024-12-27 13:43:33,176 - INFO - Distillation Epoch: 4
2024-12-27 13:43:37,218 - INFO - Epoch: 4 | Train Loss: 0.7359304428100586 | CE Loss: 0.9707314908504486 | Distill Loss: 0.5417841345071792
2024-12-27 13:43:37,255 - INFO - Cosine Similarity: -0.0316589810885489, Variance: 17.185991287231445
2024-12-27 13:43:37,255 - INFO - Distillation Epoch: 5
2024-12-27 13:43:41,285 - INFO - Epoch: 5 | Train Loss: 0.7355291813611984 | CE Loss: 0.9640739053487778 | Distill Loss: 0.5427143961191178
2024-12-27 13:43:41,319 - INFO - Cosine Similarity: -0.034905582293868066, Variance: 21.550678253173828
2024-12-27 13:43:41,319 - INFO - Distillation Epoch: 6
2024-12-27 13:43:45,361 - INFO - Epoch: 6 | Train Loss: 0.7335178256034851 | CE Loss: 0.9458877921104432 | Distill Loss: 0.5443402677774429
2024-12-27 13:43:45,385 - INFO - Cosine Similarity: -0.0351291861385107, Variance: 25.9226016998291
2024-12-27 13:43:45,385 - INFO - Distillation Epoch: 7
2024-12-27 13:43:49,431 - INFO - Epoch: 7 | Train Loss: 0.7327333211898803 | CE Loss: 0.9393898785114289 | Distill Loss: 0.5448553472757339
2024-12-27 13:43:49,461 - INFO - Cosine Similarity: -0.010590487672016025, Variance: 30.291418075561523
2024-12-27 13:43:49,461 - INFO - Distillation Epoch: 8
2024-12-27 13:43:53,502 - INFO - Epoch: 8 | Train Loss: 0.7302249729633331 | CE Loss: 0.9325223565101624 | Distill Loss: 0.543720492720604
2024-12-27 13:43:53,536 - INFO - Cosine Similarity: -0.001477339630946517, Variance: 34.66156768798828
2024-12-27 13:43:53,536 - INFO - Distillation Epoch: 9
2024-12-27 13:43:57,585 - INFO - Epoch: 9 | Train Loss: 0.7310477137565613 | CE Loss: 0.9299102574586868 | Distill Loss: 0.5450656592845917
2024-12-27 13:43:57,611 - INFO - Cosine Similarity: 0.057910848967731, Variance: 39.03122329711914
2024-12-27 13:43:57,611 - INFO - Distillation Epoch: 10
2024-12-27 13:44:01,661 - INFO - Epoch: 10 | Train Loss: 0.7289451032876968 | CE Loss: 0.9166396200656891 | Distill Loss: 0.5456171661615372
2024-12-27 13:44:01,686 - INFO - Cosine Similarity: 0.016390135907568038, Variance: 43.40545654296875
2024-12-27 13:45:19,352 - INFO - Distillation Epoch: 1
2024-12-27 13:45:23,402 - INFO - Epoch: 1 | Train Loss: 0.7011279582977294 | CE Loss: 0.7608908385038375 | Distill Loss: 0.5489497870206833
2024-12-27 13:45:23,436 - INFO - Cosine Similarity: -0.01009705625474453, Variance: 4.454034805297852
2024-12-27 13:45:23,436 - INFO - Distillation Epoch: 2
2024-12-27 13:45:27,472 - INFO - Epoch: 2 | Train Loss: 0.6875822097063065 | CE Loss: 0.7104610532522202 | Distill Loss: 0.5454900026321411
2024-12-27 13:45:27,502 - INFO - Cosine Similarity: -3.1711161136627196e-05, Variance: 8.773365020751953
2024-12-27 13:45:27,502 - INFO - Distillation Epoch: 3
2024-12-27 13:45:31,536 - INFO - Epoch: 3 | Train Loss: 0.6859389990568161 | CE Loss: 0.6957744210958481 | Distill Loss: 0.546784108877182
2024-12-27 13:45:31,569 - INFO - Cosine Similarity: 0.01630220264196396, Variance: 13.205015182495117
2024-12-27 13:45:31,569 - INFO - Distillation Epoch: 4
2024-12-27 13:45:35,615 - INFO - Epoch: 4 | Train Loss: 0.684739476442337 | CE Loss: 0.686478516459465 | Distill Loss: 0.5474437683820724
2024-12-27 13:45:35,660 - INFO - Cosine Similarity: -0.04007184430956841, Variance: 17.663448333740234
2024-12-27 13:45:35,660 - INFO - Distillation Epoch: 5
2024-12-27 13:45:39,702 - INFO - Epoch: 5 | Train Loss: 0.6818519711494446 | CE Loss: 0.6735962450504303 | Distill Loss: 0.5471327185630799
2024-12-27 13:45:39,735 - INFO - Cosine Similarity: 0.0023396903183311225, Variance: 22.134960174560547
2024-12-27 13:45:39,735 - INFO - Distillation Epoch: 6
2024-12-27 13:45:43,769 - INFO - Epoch: 6 | Train Loss: 0.6802991420030594 | CE Loss: 0.6641158729791641 | Distill Loss: 0.5474759668111802
2024-12-27 13:45:43,811 - INFO - Cosine Similarity: 0.028046962711960076, Variance: 26.611364364624023
2024-12-27 13:45:43,811 - INFO - Distillation Epoch: 7
2024-12-27 13:45:47,862 - INFO - Epoch: 7 | Train Loss: 0.6804329097270966 | CE Loss: 0.663106232881546 | Distill Loss: 0.5478116631507873
2024-12-27 13:45:47,886 - INFO - Cosine Similarity: 0.03806980513036251, Variance: 31.0902156829834
2024-12-27 13:45:47,886 - INFO - Distillation Epoch: 8
2024-12-27 13:45:51,936 - INFO - Epoch: 8 | Train Loss: 0.6809302717447281 | CE Loss: 0.6642237305641174 | Distill Loss: 0.5480855256319046
2024-12-27 13:45:51,971 - INFO - Cosine Similarity: 0.024275372596457602, Variance: 35.57090759277344
2024-12-27 13:45:51,971 - INFO - Distillation Epoch: 9
2024-12-27 13:45:56,019 - INFO - Epoch: 9 | Train Loss: 0.680709907412529 | CE Loss: 0.657192051410675 | Distill Loss: 0.549271497130394
2024-12-27 13:45:56,052 - INFO - Cosine Similarity: -0.02501238528639078, Variance: 40.056190490722656
2024-12-27 13:45:56,052 - INFO - Distillation Epoch: 10
2024-12-27 13:46:00,102 - INFO - Epoch: 10 | Train Loss: 0.6789596289396286 | CE Loss: 0.6505461871623993 | Distill Loss: 0.5488503962755203
2024-12-27 13:46:00,137 - INFO - Cosine Similarity: -0.0042873956495895985, Variance: 44.53815460205078
2024-12-27 13:47:17,986 - INFO - Distillation Epoch: 1
2024-12-27 13:47:22,026 - INFO - Epoch: 1 | Train Loss: 0.7341072350740433 | CE Loss: 0.8378438025712966 | Distill Loss: 0.566538468003273
2024-12-27 13:47:22,062 - INFO - Cosine Similarity: 0.0009386109188199044, Variance: 4.600937843322754
2024-12-27 13:47:22,062 - INFO - Distillation Epoch: 2
2024-12-27 13:47:26,086 - INFO - Epoch: 2 | Train Loss: 0.7183142840862274 | CE Loss: 0.7995006442070007 | Distill Loss: 0.5584141492843628
2024-12-27 13:47:26,124 - INFO - Cosine Similarity: 0.06506277956068515, Variance: 9.167511940002441
2024-12-27 13:47:26,124 - INFO - Distillation Epoch: 3
2024-12-27 13:47:30,161 - INFO - Epoch: 3 | Train Loss: 0.7166713088750839 | CE Loss: 0.7867150455713272 | Distill Loss: 0.5593282878398895
2024-12-27 13:47:30,186 - INFO - Cosine Similarity: 0.07741336524486542, Variance: 13.807647705078125
2024-12-27 13:47:30,186 - INFO - Distillation Epoch: 4
2024-12-27 13:47:34,219 - INFO - Epoch: 4 | Train Loss: 0.7165060847997665 | CE Loss: 0.7820524513721466 | Distill Loss: 0.5600955933332443
2024-12-27 13:47:34,262 - INFO - Cosine Similarity: 0.02249408441130072, Variance: 18.467479705810547
2024-12-27 13:47:34,262 - INFO - Distillation Epoch: 5
2024-12-27 13:47:38,303 - INFO - Epoch: 5 | Train Loss: 0.7127047210931778 | CE Loss: 0.7628380745649338 | Distill Loss: 0.5601371020078659
2024-12-27 13:47:38,336 - INFO - Cosine Similarity: -0.0690620843321085, Variance: 23.142379760742188
2024-12-27 13:47:38,336 - INFO - Distillation Epoch: 6
2024-12-27 13:47:42,370 - INFO - Epoch: 6 | Train Loss: 0.7131718903779983 | CE Loss: 0.758693277835846 | Distill Loss: 0.5614332318305969
2024-12-27 13:47:42,403 - INFO - Cosine Similarity: -0.024699445813894272, Variance: 27.822551727294922
2024-12-27 13:47:42,403 - INFO - Distillation Epoch: 7
2024-12-27 13:47:46,443 - INFO - Epoch: 7 | Train Loss: 0.7111885905265808 | CE Loss: 0.7538267552852631 | Distill Loss: 0.5604232370853424
2024-12-27 13:47:46,483 - INFO - Cosine Similarity: 0.01931250263005495, Variance: 32.493648529052734
2024-12-27 13:47:46,483 - INFO - Distillation Epoch: 8
2024-12-27 13:47:50,519 - INFO - Epoch: 8 | Train Loss: 0.712150576710701 | CE Loss: 0.748921924829483 | Distill Loss: 0.5623661935329437
2024-12-27 13:47:50,562 - INFO - Cosine Similarity: 0.006286657601594925, Variance: 37.17285919189453
2024-12-27 13:47:50,562 - INFO - Distillation Epoch: 9
2024-12-27 13:47:54,611 - INFO - Epoch: 9 | Train Loss: 0.711721009016037 | CE Loss: 0.7461695522069931 | Distill Loss: 0.5624870955944061
2024-12-27 13:47:54,655 - INFO - Cosine Similarity: -0.0022202186286449433, Variance: 41.846534729003906
2024-12-27 13:47:54,655 - INFO - Distillation Epoch: 10
2024-12-27 13:47:58,702 - INFO - Epoch: 10 | Train Loss: 0.7108040869235992 | CE Loss: 0.7395399689674378 | Distill Loss: 0.5628960698843002
2024-12-27 13:47:58,720 - INFO - Cosine Similarity: 0.03442040923982859, Variance: 46.523094177246094
2024-12-27 13:49:16,103 - INFO - Distillation Epoch: 1
2024-12-27 13:49:20,137 - INFO - Epoch: 1 | Train Loss: 0.7676008641719818 | CE Loss: 0.8784517049789429 | Distill Loss: 0.5919105172157287
2024-12-27 13:49:20,172 - INFO - Cosine Similarity: 0.09502639025449752, Variance: 4.711730003356934
2024-12-27 13:49:20,172 - INFO - Distillation Epoch: 2
2024-12-27 13:49:24,221 - INFO - Epoch: 2 | Train Loss: 0.7498644948005676 | CE Loss: 0.8197000980377197 | Distill Loss: 0.5859244734048843
2024-12-27 13:49:24,253 - INFO - Cosine Similarity: -0.05778796337544918, Variance: 9.455373764038086
2024-12-27 13:49:24,253 - INFO - Distillation Epoch: 3
2024-12-27 13:49:28,287 - INFO - Epoch: 3 | Train Loss: 0.7458523899316788 | CE Loss: 0.7980951547622681 | Distill Loss: 0.5862333685159683
2024-12-27 13:49:28,320 - INFO - Cosine Similarity: -0.015832871291786434, Variance: 14.2694730758667
2024-12-27 13:49:28,320 - INFO - Distillation Epoch: 4
2024-12-27 13:49:32,370 - INFO - Epoch: 4 | Train Loss: 0.7467122972011566 | CE Loss: 0.798350989818573 | Distill Loss: 0.5870420932769775
2024-12-27 13:49:32,420 - INFO - Cosine Similarity: -0.028137132246047258, Variance: 19.104061126708984
2024-12-27 13:49:32,420 - INFO - Distillation Epoch: 5
2024-12-27 13:49:36,462 - INFO - Epoch: 5 | Train Loss: 0.7462271243333817 | CE Loss: 0.7947911590337753 | Distill Loss: 0.5872688800096512
2024-12-27 13:49:36,486 - INFO - Cosine Similarity: -0.05472892969846725, Variance: 23.940902709960938
2024-12-27 13:49:36,486 - INFO - Distillation Epoch: 6
2024-12-27 13:49:40,536 - INFO - Epoch: 6 | Train Loss: 0.744477492570877 | CE Loss: 0.7820579230785369 | Distill Loss: 0.5880659073591232
2024-12-27 13:49:40,569 - INFO - Cosine Similarity: 0.04100512936711311, Variance: 28.777629852294922
2024-12-27 13:49:40,569 - INFO - Distillation Epoch: 7
2024-12-27 13:49:44,618 - INFO - Epoch: 7 | Train Loss: 0.7422232002019882 | CE Loss: 0.7747055858373642 | Distill Loss: 0.5872820734977722
2024-12-27 13:49:44,636 - INFO - Cosine Similarity: 0.03128809395711869, Variance: 33.62157440185547
2024-12-27 13:49:44,636 - INFO - Distillation Epoch: 8
2024-12-27 13:49:48,686 - INFO - Epoch: 8 | Train Loss: 0.7437938392162323 | CE Loss: 0.7783791959285736 | Distill Loss: 0.5881180077791214
2024-12-27 13:49:48,720 - INFO - Cosine Similarity: -0.09540502557065338, Variance: 38.4687614440918
2024-12-27 13:49:48,720 - INFO - Distillation Epoch: 9
2024-12-27 13:49:52,769 - INFO - Epoch: 9 | Train Loss: 0.744768351316452 | CE Loss: 0.7754546970129013 | Distill Loss: 0.5896774023771286
2024-12-27 13:49:52,812 - INFO - Cosine Similarity: -0.02459389753639698, Variance: 43.31026840209961
2024-12-27 13:49:52,812 - INFO - Distillation Epoch: 10
2024-12-27 13:49:56,862 - INFO - Epoch: 10 | Train Loss: 0.7434304922819137 | CE Loss: 0.7711407661437988 | Distill Loss: 0.5892023295164108
2024-12-27 13:49:56,886 - INFO - Cosine Similarity: 0.006533662136644125, Variance: 48.156524658203125
2024-12-27 13:51:14,970 - INFO - Distillation Epoch: 1
2024-12-27 13:51:19,003 - INFO - Epoch: 1 | Train Loss: 0.7416950643062592 | CE Loss: 0.8724097341299057 | Distill Loss: 0.5672131150960922
2024-12-27 13:51:19,039 - INFO - Cosine Similarity: 0.06873015342280268, Variance: 4.425066947937012
2024-12-27 13:51:19,039 - INFO - Distillation Epoch: 2
2024-12-27 13:51:23,075 - INFO - Epoch: 2 | Train Loss: 0.7262315720319747 | CE Loss: 0.8151752293109894 | Distill Loss: 0.5631965219974517
2024-12-27 13:51:23,103 - INFO - Cosine Similarity: -0.09848272558301688, Variance: 8.963688850402832
2024-12-27 13:51:23,103 - INFO - Distillation Epoch: 3
2024-12-27 13:51:27,136 - INFO - Epoch: 3 | Train Loss: 0.7244998544454575 | CE Loss: 0.7978624045848847 | Distill Loss: 0.5649273723363877
2024-12-27 13:51:27,186 - INFO - Cosine Similarity: -0.04202009104192257, Variance: 13.567532539367676
2024-12-27 13:51:27,186 - INFO - Distillation Epoch: 4
2024-12-27 13:51:31,220 - INFO - Epoch: 4 | Train Loss: 0.7226721942424774 | CE Loss: 0.7883812338113785 | Distill Loss: 0.5649959504604339
2024-12-27 13:51:31,272 - INFO - Cosine Similarity: 0.06377878785133362, Variance: 18.186145782470703
2024-12-27 13:51:31,272 - INFO - Distillation Epoch: 5
2024-12-27 13:51:35,303 - INFO - Epoch: 5 | Train Loss: 0.7231825172901154 | CE Loss: 0.786819651722908 | Distill Loss: 0.565818578004837
2024-12-27 13:51:35,353 - INFO - Cosine Similarity: 0.08802864402532577, Variance: 22.811542510986328
2024-12-27 13:51:35,353 - INFO - Distillation Epoch: 6
2024-12-27 13:51:39,387 - INFO - Epoch: 6 | Train Loss: 0.7227516204118729 | CE Loss: 0.780404445528984 | Distill Loss: 0.5666707336902619
2024-12-27 13:51:39,420 - INFO - Cosine Similarity: -0.039301573112607, Variance: 27.4471435546875
2024-12-27 13:51:39,420 - INFO - Distillation Epoch: 7
2024-12-27 13:51:43,462 - INFO - Epoch: 7 | Train Loss: 0.7211631566286087 | CE Loss: 0.7734657198190689 | Distill Loss: 0.5664700150489808
2024-12-27 13:51:43,503 - INFO - Cosine Similarity: 0.009563217032700777, Variance: 32.08012771606445
2024-12-27 13:51:43,503 - INFO - Distillation Epoch: 8
2024-12-27 13:51:47,520 - INFO - Epoch: 8 | Train Loss: 0.7201345384120941 | CE Loss: 0.7698543459177017 | Distill Loss: 0.5661636650562286
2024-12-27 13:51:47,563 - INFO - Cosine Similarity: -0.03959577027708292, Variance: 36.71281814575195
2024-12-27 13:51:47,563 - INFO - Distillation Epoch: 9
2024-12-27 13:51:51,606 - INFO - Epoch: 9 | Train Loss: 0.7196535736322403 | CE Loss: 0.7615900754928588 | Distill Loss: 0.5673355609178543
2024-12-27 13:51:51,645 - INFO - Cosine Similarity: 0.10404544211924076, Variance: 41.345645904541016
2024-12-27 13:51:51,645 - INFO - Distillation Epoch: 10
2024-12-27 13:51:55,681 - INFO - Epoch: 10 | Train Loss: 0.7187892436981201 | CE Loss: 0.7579283893108368 | Distill Loss: 0.5672035574913025
2024-12-27 13:51:55,720 - INFO - Cosine Similarity: -0.1147803895175457, Variance: 45.990604400634766
2024-12-27 13:53:12,787 - INFO - Distillation Epoch: 1
2024-12-27 13:53:16,820 - INFO - Epoch: 1 | Train Loss: 0.7225831121206283 | CE Loss: 0.8421329498291016 | Distill Loss: 0.5541565120220184
2024-12-27 13:53:16,870 - INFO - Cosine Similarity: 0.0462855527177453, Variance: 4.472385883331299
2024-12-27 13:53:16,870 - INFO - Distillation Epoch: 2
2024-12-27 13:53:20,903 - INFO - Epoch: 2 | Train Loss: 0.7085404127836228 | CE Loss: 0.7858862847089767 | Distill Loss: 0.5513631641864777
2024-12-27 13:53:20,953 - INFO - Cosine Similarity: -0.002516705170273781, Variance: 8.925664901733398
2024-12-27 13:53:20,953 - INFO - Distillation Epoch: 3
2024-12-27 13:53:24,973 - INFO - Epoch: 3 | Train Loss: 0.7055754095315934 | CE Loss: 0.7687866628170014 | Distill Loss: 0.5518180727958679
2024-12-27 13:53:25,013 - INFO - Cosine Similarity: -0.03028787821531296, Variance: 13.466832160949707
2024-12-27 13:53:25,013 - INFO - Distillation Epoch: 4
2024-12-27 13:53:29,053 - INFO - Epoch: 4 | Train Loss: 0.7053203582763672 | CE Loss: 0.7617846637964248 | Distill Loss: 0.5529634237289429
2024-12-27 13:53:29,088 - INFO - Cosine Similarity: -0.08383176177740097, Variance: 18.035173416137695
2024-12-27 13:53:29,088 - INFO - Distillation Epoch: 5
2024-12-27 13:53:33,145 - INFO - Epoch: 5 | Train Loss: 0.7036464899778366 | CE Loss: 0.7497447997331619 | Distill Loss: 0.5536975294351578
2024-12-27 13:53:33,181 - INFO - Cosine Similarity: 0.032933787629008296, Variance: 22.614444732666016
2024-12-27 13:53:33,181 - INFO - Distillation Epoch: 6
2024-12-27 13:53:37,220 - INFO - Epoch: 6 | Train Loss: 0.7032691568136216 | CE Loss: 0.7486102551221847 | Distill Loss: 0.5535471081733704
2024-12-27 13:53:37,272 - INFO - Cosine Similarity: 0.03842620924115181, Variance: 27.191152572631836
2024-12-27 13:53:37,272 - INFO - Distillation Epoch: 7
2024-12-27 13:53:41,303 - INFO - Epoch: 7 | Train Loss: 0.7020389646291733 | CE Loss: 0.737694251537323 | Distill Loss: 0.5545001208782196
2024-12-27 13:53:41,340 - INFO - Cosine Similarity: 0.01857844553887844, Variance: 31.773303985595703
2024-12-27 13:53:41,340 - INFO - Distillation Epoch: 8
2024-12-27 13:53:45,370 - INFO - Epoch: 8 | Train Loss: 0.7022042840719223 | CE Loss: 0.7348744660615921 | Distill Loss: 0.5552293956279755
2024-12-27 13:53:45,413 - INFO - Cosine Similarity: 0.02079640794545412, Variance: 36.35974884033203
2024-12-27 13:53:45,413 - INFO - Distillation Epoch: 9
2024-12-27 13:53:49,453 - INFO - Epoch: 9 | Train Loss: 0.7032659590244293 | CE Loss: 0.737955829501152 | Distill Loss: 0.555674797296524
2024-12-27 13:53:49,486 - INFO - Cosine Similarity: -0.008799968846142292, Variance: 40.94545364379883
2024-12-27 13:53:49,486 - INFO - Distillation Epoch: 10
2024-12-27 13:53:53,536 - INFO - Epoch: 10 | Train Loss: 0.7015067666769028 | CE Loss: 0.7279517650604248 | Distill Loss: 0.5559164226055145
2024-12-27 13:53:53,564 - INFO - Cosine Similarity: 0.03338330760598183, Variance: 45.52847671508789
2024-12-27 13:54:39,005 - INFO - Distillation Epoch: 1
2024-12-27 13:54:43,077 - INFO - Epoch: 1 | Train Loss: 0.8853432983160019 | CE Loss: 1.4449831664562225 | Distill Loss: 0.5963466703891754
2024-12-27 13:54:43,111 - INFO - Cosine Similarity: -0.14036740511655807, Variance: 4.346963405609131
2024-12-27 13:55:27,787 - INFO - Distillation Epoch: 1
2024-12-27 13:55:31,819 - INFO - Epoch: 1 | Train Loss: 0.9295078247785569 | CE Loss: 1.8201633930206298 | Distill Loss: 0.565475144982338
2024-12-27 13:55:31,868 - INFO - Cosine Similarity: -0.015504653751850127, Variance: 4.112961769104004
2024-12-27 13:56:16,587 - INFO - Distillation Epoch: 1
2024-12-27 13:56:20,623 - INFO - Epoch: 1 | Train Loss: 0.8894073963165283 | CE Loss: 1.435874843597412 | Distill Loss: 0.602232426404953
2024-12-27 13:56:20,654 - INFO - Cosine Similarity: -0.15332183074206113, Variance: 4.403126239776611
2024-12-27 13:57:05,587 - INFO - Distillation Epoch: 1
2024-12-27 13:57:09,727 - INFO - Epoch: 1 | Train Loss: 0.9370478630065918 | CE Loss: 1.5404632568359375 | Distill Loss: 0.6289551973342895
2024-12-27 13:57:09,754 - INFO - Cosine Similarity: 0.00170981977134943, Variance: 4.4185404777526855
2024-12-27 13:57:56,502 - INFO - Distillation Epoch: 1
2024-12-27 13:58:00,514 - INFO - Epoch: 1 | Train Loss: 0.9554534167051315 | CE Loss: 1.5264103174209596 | Distill Loss: 0.6501713514328002
2024-12-27 13:58:00,549 - INFO - Cosine Similarity: -0.12288170126266777, Variance: 4.954375267028809
2024-12-27 13:58:47,552 - INFO - Distillation Epoch: 1
2024-12-27 13:58:51,563 - INFO - Epoch: 1 | Train Loss: 0.91777985394001 | CE Loss: 1.4461267054080964 | Distill Loss: 0.628554517030716
2024-12-27 13:58:51,588 - INFO - Cosine Similarity: -0.057661114260554314, Variance: 4.751089572906494
2024-12-27 13:59:35,988 - INFO - Distillation Epoch: 1
2024-12-27 13:59:39,990 - INFO - Epoch: 1 | Train Loss: 0.9439924985170365 | CE Loss: 1.4316415190696716 | Distill Loss: 0.6576641887426377
2024-12-27 13:59:40,021 - INFO - Cosine Similarity: -0.039428974688053134, Variance: 5.029111862182617
2024-12-27 14:00:25,788 - INFO - Distillation Epoch: 1
2024-12-27 14:00:29,805 - INFO - Epoch: 1 | Train Loss: 0.9372080862522125 | CE Loss: 1.3049370527267456 | Distill Loss: 0.6762206643819809
2024-12-27 14:00:29,843 - INFO - Cosine Similarity: -0.08813957273960113, Variance: 5.092214584350586
2024-12-27 14:01:14,651 - INFO - Distillation Epoch: 1
2024-12-27 14:01:18,655 - INFO - Epoch: 1 | Train Loss: 0.9988106608390808 | CE Loss: 1.498213881254196 | Distill Loss: 0.6991678863763809
2024-12-27 14:01:18,687 - INFO - Cosine Similarity: -0.12576734623871744, Variance: 5.3936638832092285
2024-12-27 14:02:04,050 - INFO - Distillation Epoch: 1
2024-12-27 14:02:08,058 - INFO - Epoch: 1 | Train Loss: 0.9499833136796951 | CE Loss: 1.5503625750541687 | Distill Loss: 0.6399107933044433
2024-12-27 14:02:08,089 - INFO - Cosine Similarity: 0.020776914432644844, Variance: 5.0615105628967285
2024-12-27 14:02:53,340 - INFO - Distillation Epoch: 1
2024-12-27 14:02:57,374 - INFO - Epoch: 1 | Train Loss: 0.889110854268074 | CE Loss: 1.0740407526493072 | Distill Loss: 0.6743026971817017
2024-12-27 14:02:57,405 - INFO - Cosine Similarity: -0.11239502131938935, Variance: 5.3452043533325195
2024-12-27 14:03:44,015 - INFO - Distillation Epoch: 1
2024-12-27 14:03:48,025 - INFO - Epoch: 1 | Train Loss: 0.9506802260875702 | CE Loss: 1.4130816519260407 | Distill Loss: 0.6680638998746872
2024-12-27 14:03:48,072 - INFO - Cosine Similarity: -0.019056356325745583, Variance: 5.320583820343018
2024-12-27 14:04:35,323 - INFO - Distillation Epoch: 1
2024-12-27 14:04:39,350 - INFO - Epoch: 1 | Train Loss: 0.9211668699979783 | CE Loss: 1.2140867173671723 | Distill Loss: 0.67834951877594
2024-12-27 14:04:39,388 - INFO - Cosine Similarity: -0.10813239496201277, Variance: 5.377101421356201
2024-12-27 14:05:25,353 - INFO - Distillation Epoch: 1
2024-12-27 14:05:29,373 - INFO - Epoch: 1 | Train Loss: 0.9127805233001709 | CE Loss: 1.2466159164905548 | Distill Loss: 0.6634573400020599
2024-12-27 14:05:29,422 - INFO - Cosine Similarity: -0.007980752736330032, Variance: 5.3546576499938965
2024-12-27 14:06:14,857 - INFO - Distillation Epoch: 1
2024-12-27 14:06:18,873 - INFO - Epoch: 1 | Train Loss: 0.9491840720176696 | CE Loss: 1.3394327759742737 | Distill Loss: 0.681297504901886
2024-12-27 14:06:18,915 - INFO - Cosine Similarity: -0.07723962436430157, Variance: 5.539389133453369
2024-12-27 14:07:04,557 - INFO - Distillation Epoch: 1
2024-12-27 14:07:08,638 - INFO - Epoch: 1 | Train Loss: 0.8800577700138092 | CE Loss: 1.5841545820236207 | Distill Loss: 0.5632268279790879
2024-12-27 14:07:08,670 - INFO - Cosine Similarity: -0.17218422442674636, Variance: 4.259603977203369
2024-12-27 14:07:08,670 - INFO - Distillation Epoch: 2
2024-12-27 14:07:12,790 - INFO - Epoch: 2 | Train Loss: 0.853097352385521 | CE Loss: 1.4083713054656983 | Distill Loss: 0.5714230805635452
2024-12-27 14:07:12,825 - INFO - Cosine Similarity: -0.10450535006821156, Variance: 8.127633094787598
2024-12-27 14:07:57,576 - INFO - Distillation Epoch: 1
2024-12-27 14:08:01,603 - INFO - Epoch: 1 | Train Loss: 0.8161052167415619 | CE Loss: 1.2474449753761292 | Distill Loss: 0.5666162312030792
2024-12-27 14:08:01,640 - INFO - Cosine Similarity: -0.09227036908268929, Variance: 3.9670002460479736
2024-12-27 14:08:01,640 - INFO - Distillation Epoch: 2
2024-12-27 14:08:05,672 - INFO - Epoch: 2 | Train Loss: 0.7910443603992462 | CE Loss: 1.1120252311229706 | Distill Loss: 0.5686393141746521
2024-12-27 14:08:05,690 - INFO - Cosine Similarity: -0.06322542950510979, Variance: 7.950125217437744
2024-12-27 14:08:50,550 - INFO - Distillation Epoch: 1
2024-12-27 14:08:54,590 - INFO - Epoch: 1 | Train Loss: 0.9013360291719437 | CE Loss: 1.8324965298175813 | Distill Loss: 0.5348367124795914
2024-12-27 14:08:54,623 - INFO - Cosine Similarity: 0.01605287753045559, Variance: 3.97076678276062
2024-12-27 14:08:54,623 - INFO - Distillation Epoch: 2
2024-12-27 14:08:58,666 - INFO - Epoch: 2 | Train Loss: 0.8775708913803101 | CE Loss: 1.7260476768016815 | Distill Loss: 0.5323613464832306
2024-12-27 14:08:58,690 - INFO - Cosine Similarity: -0.04097115807235241, Variance: 7.957529544830322
2024-12-27 14:09:45,123 - INFO - Distillation Epoch: 1
2024-12-27 14:09:49,124 - INFO - Epoch: 1 | Train Loss: 0.8763366758823394 | CE Loss: 1.493253469467163 | Distill Loss: 0.5776859760284424
2024-12-27 14:09:49,166 - INFO - Cosine Similarity: -0.1063610628247261, Variance: 4.270498752593994
2024-12-27 14:09:49,166 - INFO - Distillation Epoch: 2
2024-12-27 14:09:53,166 - INFO - Epoch: 2 | Train Loss: 0.8435949236154556 | CE Loss: 1.3416112422943116 | Distill Loss: 0.5752726674079895
2024-12-27 14:09:53,191 - INFO - Cosine Similarity: -0.06370972394943238, Variance: 8.455560684204102
2024-12-27 14:10:40,291 - INFO - Distillation Epoch: 1
2024-12-27 14:10:44,307 - INFO - Epoch: 1 | Train Loss: 0.924955102801323 | CE Loss: 1.5454245567321778 | Distill Loss: 0.6158701986074447
2024-12-27 14:10:44,351 - INFO - Cosine Similarity: -0.13553260918706656, Variance: 4.4772796630859375
2024-12-27 14:10:44,351 - INFO - Distillation Epoch: 2
2024-12-27 14:10:48,374 - INFO - Epoch: 2 | Train Loss: 0.8876578271389007 | CE Loss: 1.3891054570674897 | Distill Loss: 0.609836733341217
2024-12-27 14:10:48,407 - INFO - Cosine Similarity: -0.10313234440982341, Variance: 8.910688400268555
2024-12-27 14:11:33,758 - INFO - Distillation Epoch: 1
2024-12-27 14:11:37,758 - INFO - Epoch: 1 | Train Loss: 0.8417776465415955 | CE Loss: 1.2809644043445587 | Distill Loss: 0.5855847597122192
2024-12-27 14:11:37,808 - INFO - Cosine Similarity: -0.03615483306348324, Variance: 4.713204383850098
2024-12-27 14:11:37,808 - INFO - Distillation Epoch: 2
2024-12-27 14:11:41,810 - INFO - Epoch: 2 | Train Loss: 0.821555545926094 | CE Loss: 1.2083154916763306 | Distill Loss: 0.5798924326896667
2024-12-27 14:11:41,846 - INFO - Cosine Similarity: -0.019037512689828874, Variance: 9.194838523864746
2024-12-27 14:12:27,474 - INFO - Distillation Epoch: 1
2024-12-27 14:12:31,503 - INFO - Epoch: 1 | Train Loss: 0.8898987203836441 | CE Loss: 1.361664605140686 | Distill Loss: 0.6175657838582993
2024-12-27 14:12:31,525 - INFO - Cosine Similarity: 2.8332695364952087e-05, Variance: 4.956109046936035
2024-12-27 14:12:31,525 - INFO - Distillation Epoch: 2
2024-12-27 14:12:35,557 - INFO - Epoch: 2 | Train Loss: 0.8598313122987747 | CE Loss: 1.2501523196697235 | Distill Loss: 0.6098008543252945
2024-12-27 14:12:35,608 - INFO - Cosine Similarity: -0.003491958696395159, Variance: 9.709443092346191
2024-12-27 14:13:20,191 - INFO - Distillation Epoch: 1
2024-12-27 14:13:24,210 - INFO - Epoch: 1 | Train Loss: 0.8829700440168381 | CE Loss: 1.3340412497520446 | Distill Loss: 0.6161618024110794
2024-12-27 14:13:24,248 - INFO - Cosine Similarity: -0.035781940817832945, Variance: 5.495397567749023
2024-12-27 14:13:24,248 - INFO - Distillation Epoch: 2
2024-12-27 14:13:28,252 - INFO - Epoch: 2 | Train Loss: 0.8534709483385086 | CE Loss: 1.2244311571121216 | Distill Loss: 0.608584713935852
2024-12-27 14:13:28,291 - INFO - Cosine Similarity: 0.002808345854282379, Variance: 10.16280460357666
2024-12-27 14:14:12,925 - INFO - Distillation Epoch: 1
2024-12-27 14:14:16,946 - INFO - Epoch: 1 | Train Loss: 0.9069720894098282 | CE Loss: 1.1946567118167877 | Distill Loss: 0.6680407375097275
2024-12-27 14:14:16,975 - INFO - Cosine Similarity: -0.05323454588651657, Variance: 5.458811283111572
2024-12-27 14:14:16,975 - INFO - Distillation Epoch: 2
2024-12-27 14:14:20,975 - INFO - Epoch: 2 | Train Loss: 0.8766741752624512 | CE Loss: 1.1157758831977844 | Distill Loss: 0.6535189926624299
2024-12-27 14:14:21,011 - INFO - Cosine Similarity: -0.07903518751263619, Variance: 10.717100143432617
2024-12-27 14:15:05,518 - INFO - Distillation Epoch: 1
2024-12-27 14:15:09,561 - INFO - Epoch: 1 | Train Loss: 0.8945574253797531 | CE Loss: 1.2339833617210387 | Distill Loss: 0.6477607548236847
2024-12-27 14:15:09,594 - INFO - Cosine Similarity: -0.016673655807971956, Variance: 5.253135681152344
2024-12-27 14:15:09,594 - INFO - Distillation Epoch: 2
2024-12-27 14:15:13,625 - INFO - Epoch: 2 | Train Loss: 0.8717151165008545 | CE Loss: 1.1588935017585755 | Distill Loss: 0.6399364084005356
2024-12-27 14:15:13,675 - INFO - Cosine Similarity: 0.027405180409550665, Variance: 10.259092330932617
2024-12-27 14:16:01,525 - INFO - Distillation Epoch: 1
2024-12-27 14:16:05,554 - INFO - Epoch: 1 | Train Loss: 0.8968509286642075 | CE Loss: 1.1013123393058777 | Distill Loss: 0.6765884608030319
2024-12-27 14:16:05,575 - INFO - Cosine Similarity: -0.11355254678055644, Variance: 5.457207202911377
2024-12-27 14:16:05,575 - INFO - Distillation Epoch: 2
2024-12-27 14:16:09,578 - INFO - Epoch: 2 | Train Loss: 0.868497371673584 | CE Loss: 1.0000958621501923 | Distill Loss: 0.668478187918663
2024-12-27 14:16:09,609 - INFO - Cosine Similarity: -0.07772922590374946, Variance: 10.764962196350098
2024-12-27 14:16:56,159 - INFO - Distillation Epoch: 1
2024-12-27 14:17:00,192 - INFO - Epoch: 1 | Train Loss: 0.8547790467739105 | CE Loss: 0.971863430738449 | Distill Loss: 0.6604063540697098
2024-12-27 14:17:00,228 - INFO - Cosine Similarity: -0.15590916350483894, Variance: 5.31264591217041
2024-12-27 14:17:00,228 - INFO - Distillation Epoch: 2
2024-12-27 14:17:04,252 - INFO - Epoch: 2 | Train Loss: 0.8276682734489441 | CE Loss: 0.8702208906412124 | Distill Loss: 0.6536240905523301
2024-12-27 14:17:04,275 - INFO - Cosine Similarity: -0.06081476509571075, Variance: 10.458274841308594
2024-12-27 14:17:49,530 - INFO - Distillation Epoch: 1
2024-12-27 14:17:53,526 - INFO - Epoch: 1 | Train Loss: 0.8709330499172211 | CE Loss: 1.3006060361862182 | Distill Loss: 0.61081183552742
2024-12-27 14:17:53,561 - INFO - Cosine Similarity: -0.011420567985624075, Variance: 5.158745765686035
2024-12-27 14:17:53,561 - INFO - Distillation Epoch: 2
2024-12-27 14:17:57,559 - INFO - Epoch: 2 | Train Loss: 0.8465846896171569 | CE Loss: 1.2322366058826446 | Distill Loss: 0.6001373648643493
2024-12-27 14:17:57,602 - INFO - Cosine Similarity: 0.021812383271753787, Variance: 10.004307746887207
2024-12-27 14:18:42,245 - INFO - Distillation Epoch: 1
2024-12-27 14:18:46,355 - INFO - Epoch: 1 | Train Loss: 0.8790019273757934 | CE Loss: 1.179936295747757 | Distill Loss: 0.6430146664381027
2024-12-27 14:18:46,376 - INFO - Cosine Similarity: -0.03123571826145053, Variance: 5.578365325927734
2024-12-27 14:18:46,376 - INFO - Distillation Epoch: 2
2024-12-27 14:18:50,426 - INFO - Epoch: 2 | Train Loss: 0.8529955238103867 | CE Loss: 1.0821235120296477 | Distill Loss: 0.6365708172321319
2024-12-27 14:18:50,459 - INFO - Cosine Similarity: -0.01349233090877533, Variance: 10.862171173095703
2024-12-27 14:19:34,893 - INFO - Distillation Epoch: 1
2024-12-27 14:19:38,892 - INFO - Epoch: 1 | Train Loss: 0.9232540100812912 | CE Loss: 1.3167377650737762 | Distill Loss: 0.6599064499139786
2024-12-27 14:19:38,926 - INFO - Cosine Similarity: -0.1093023180961609, Variance: 5.527702331542969
2024-12-27 14:19:38,926 - INFO - Distillation Epoch: 2
2024-12-27 14:19:42,927 - INFO - Epoch: 2 | Train Loss: 0.8908928066492081 | CE Loss: 1.1905846893787384 | Distill Loss: 0.6527758687734604
2024-12-27 14:19:42,959 - INFO - Cosine Similarity: -0.09019800033420325, Variance: 10.644929885864258
2024-12-27 14:20:29,923 - INFO - Distillation Epoch: 1
2024-12-27 14:20:34,144 - INFO - Epoch: 1 | Train Loss: 0.9193806946277618 | CE Loss: 1.798764443397522 | Distill Loss: 0.5596278011798859
2024-12-27 14:20:34,178 - INFO - Cosine Similarity: 0.0075432613492012026, Variance: 4.392612934112549
2024-12-27 14:20:34,178 - INFO - Distillation Epoch: 2
2024-12-27 14:20:38,361 - INFO - Epoch: 2 | Train Loss: 0.8940653949975967 | CE Loss: 1.6520533859729767 | Distill Loss: 0.5636547148227692
2024-12-27 14:20:38,393 - INFO - Cosine Similarity: 0.02435570675879717, Variance: 8.43857192993164
2024-12-27 14:20:38,393 - INFO - Distillation Epoch: 3
2024-12-27 14:20:42,608 - INFO - Epoch: 3 | Train Loss: 0.8857568204402924 | CE Loss: 1.5880812585353852 | Distill Loss: 0.5681405603885651
2024-12-27 14:20:42,641 - INFO - Cosine Similarity: 0.005263648182153702, Variance: 12.648847579956055
2024-12-27 14:20:42,641 - INFO - Distillation Epoch: 4
2024-12-27 14:20:46,860 - INFO - Epoch: 4 | Train Loss: 0.8819904685020447 | CE Loss: 1.55371395945549 | Distill Loss: 0.5712476670742035
2024-12-27 14:20:46,897 - INFO - Cosine Similarity: -0.00645606592297554, Variance: 16.900665283203125
2024-12-27 14:20:46,897 - INFO - Distillation Epoch: 5
2024-12-27 14:20:51,086 - INFO - Epoch: 5 | Train Loss: 0.876608082652092 | CE Loss: 1.5122597992420197 | Distill Loss: 0.57415611743927
2024-12-27 14:20:51,117 - INFO - Cosine Similarity: 0.013553766906261444, Variance: 21.171693801879883
2024-12-27 14:21:39,143 - INFO - Distillation Epoch: 1
2024-12-27 14:21:43,284 - INFO - Epoch: 1 | Train Loss: 0.8570758193731308 | CE Loss: 1.608075922727585 | Distill Loss: 0.53546062707901
2024-12-27 14:21:43,315 - INFO - Cosine Similarity: -0.010168270766735077, Variance: 4.085541725158691
2024-12-27 14:21:43,315 - INFO - Distillation Epoch: 2
2024-12-27 14:21:47,468 - INFO - Epoch: 2 | Train Loss: 0.8338750034570694 | CE Loss: 1.5042849898338317 | Distill Loss: 0.5330179899930954
2024-12-27 14:21:47,497 - INFO - Cosine Similarity: -0.019243967439979314, Variance: 7.8601202964782715
2024-12-27 14:21:47,497 - INFO - Distillation Epoch: 3
2024-12-27 14:21:51,650 - INFO - Epoch: 3 | Train Loss: 0.8301216632127761 | CE Loss: 1.4698103427886964 | Distill Loss: 0.5361595958471298
2024-12-27 14:21:51,687 - INFO - Cosine Similarity: 0.036324041057378055, Variance: 11.76671314239502
2024-12-27 14:21:51,687 - INFO - Distillation Epoch: 4
2024-12-27 14:21:55,843 - INFO - Epoch: 4 | Train Loss: 0.8272791236639023 | CE Loss: 1.4473309338092804 | Distill Loss: 0.5378129273653031
2024-12-27 14:21:55,883 - INFO - Cosine Similarity: -0.010663018934428692, Variance: 15.712461471557617
2024-12-27 14:21:55,883 - INFO - Distillation Epoch: 5
2024-12-27 14:22:00,035 - INFO - Epoch: 5 | Train Loss: 0.8225591689348221 | CE Loss: 1.417423039674759 | Distill Loss: 0.5390745550394058
2024-12-27 14:22:00,075 - INFO - Cosine Similarity: -0.0011438053101301194, Variance: 19.67327880859375
2024-12-27 14:22:46,219 - INFO - Distillation Epoch: 1
2024-12-27 14:22:50,377 - INFO - Epoch: 1 | Train Loss: 0.8246866464614868 | CE Loss: 1.3045920789241792 | Distill Loss: 0.5637682229280472
2024-12-27 14:22:50,410 - INFO - Cosine Similarity: -0.02176974229514599, Variance: 4.240340232849121
2024-12-27 14:22:50,410 - INFO - Distillation Epoch: 2
2024-12-27 14:22:54,588 - INFO - Epoch: 2 | Train Loss: 0.7977989166975021 | CE Loss: 1.1835117042064667 | Distill Loss: 0.5610965758562088
2024-12-27 14:22:54,620 - INFO - Cosine Similarity: -0.011934596672654152, Variance: 8.263158798217773
2024-12-27 14:22:54,620 - INFO - Distillation Epoch: 3
2024-12-27 14:22:58,803 - INFO - Epoch: 3 | Train Loss: 0.7937334656715394 | CE Loss: 1.1618701457977294 | Distill Loss: 0.5613594353199005
2024-12-27 14:22:58,835 - INFO - Cosine Similarity: 0.008772672340273856, Variance: 12.40986442565918
2024-12-27 14:22:58,835 - INFO - Distillation Epoch: 4
2024-12-27 14:23:03,013 - INFO - Epoch: 4 | Train Loss: 0.7903194665908814 | CE Loss: 1.1379370093345642 | Distill Loss: 0.5627320587635041
2024-12-27 14:23:03,052 - INFO - Cosine Similarity: 0.036101977340877056, Variance: 16.58935546875
2024-12-27 14:23:03,054 - INFO - Distillation Epoch: 5
2024-12-27 14:23:07,234 - INFO - Epoch: 5 | Train Loss: 0.788260143995285 | CE Loss: 1.1214494705200195 | Distill Loss: 0.5639702469110489
2024-12-27 14:23:07,272 - INFO - Cosine Similarity: -0.0005140329012647271, Variance: 20.78866958618164
2024-12-27 14:23:53,205 - INFO - Distillation Epoch: 1
2024-12-27 14:23:57,355 - INFO - Epoch: 1 | Train Loss: 0.8466713458299637 | CE Loss: 1.3010425209999084 | Distill Loss: 0.5864628344774246
2024-12-27 14:23:57,397 - INFO - Cosine Similarity: -0.06346063464879989, Variance: 4.595872402191162
2024-12-27 14:23:57,397 - INFO - Distillation Epoch: 2
2024-12-27 14:24:01,552 - INFO - Epoch: 2 | Train Loss: 0.8140410304069519 | CE Loss: 1.1933142304420472 | Distill Loss: 0.5753781795501709
2024-12-27 14:24:01,593 - INFO - Cosine Similarity: -0.07970263129100204, Variance: 8.862126350402832
2024-12-27 14:24:01,593 - INFO - Distillation Epoch: 3
2024-12-27 14:24:05,746 - INFO - Epoch: 3 | Train Loss: 0.810234147310257 | CE Loss: 1.1644606649875642 | Distill Loss: 0.5773420006036758
2024-12-27 14:24:05,781 - INFO - Cosine Similarity: 0.0220493822125718, Variance: 13.292562484741211
2024-12-27 14:24:05,781 - INFO - Distillation Epoch: 4
2024-12-27 14:24:09,939 - INFO - Epoch: 4 | Train Loss: 0.8087930023670197 | CE Loss: 1.1517292201519012 | Distill Loss: 0.5784471452236175
2024-12-27 14:24:09,974 - INFO - Cosine Similarity: 0.001166197657585144, Variance: 17.746496200561523
2024-12-27 14:24:09,974 - INFO - Distillation Epoch: 5
2024-12-27 14:24:14,125 - INFO - Epoch: 5 | Train Loss: 0.8066994696855545 | CE Loss: 1.1352253139019013 | Distill Loss: 0.5796544045209885
2024-12-27 14:24:14,157 - INFO - Cosine Similarity: -0.04478773423470557, Variance: 22.225811004638672
2024-12-27 14:24:59,665 - INFO - Distillation Epoch: 1
2024-12-27 14:25:03,874 - INFO - Epoch: 1 | Train Loss: 0.8035483628511428 | CE Loss: 0.9975967645645142 | Distill Loss: 0.6040290057659149
2024-12-27 14:25:03,911 - INFO - Cosine Similarity: -0.11099348813295365, Variance: 4.61711311340332
2024-12-27 14:25:03,911 - INFO - Distillation Epoch: 2
2024-12-27 14:25:08,128 - INFO - Epoch: 2 | Train Loss: 0.7786860972642898 | CE Loss: 0.9009045392274857 | Distill Loss: 0.5985051929950714
2024-12-27 14:25:08,171 - INFO - Cosine Similarity: -0.05344859100878239, Variance: 9.03782844543457
2024-12-27 14:25:08,171 - INFO - Distillation Epoch: 3
2024-12-27 14:25:12,361 - INFO - Epoch: 3 | Train Loss: 0.7751107096672059 | CE Loss: 0.8860994309186936 | Distill Loss: 0.5978908121585846
2024-12-27 14:25:12,402 - INFO - Cosine Similarity: -0.06783392354846, Variance: 13.565399169921875
2024-12-27 14:25:12,402 - INFO - Distillation Epoch: 4
2024-12-27 14:25:16,569 - INFO - Epoch: 4 | Train Loss: 0.7732281148433685 | CE Loss: 0.8786846548318863 | Distill Loss: 0.597491180896759
2024-12-27 14:25:16,602 - INFO - Cosine Similarity: -0.08612809255719185, Variance: 18.12051010131836
2024-12-27 14:25:16,602 - INFO - Distillation Epoch: 5
2024-12-27 14:25:20,777 - INFO - Epoch: 5 | Train Loss: 0.7724685162305832 | CE Loss: 0.8666471600532532 | Distill Loss: 0.5991390913724899
2024-12-27 14:25:20,813 - INFO - Cosine Similarity: 0.06483832618687302, Variance: 22.687524795532227
2024-12-27 14:26:05,944 - INFO - Distillation Epoch: 1
2024-12-27 14:26:10,104 - INFO - Epoch: 1 | Train Loss: 0.8364295899868012 | CE Loss: 1.2351943254470825 | Distill Loss: 0.5893907248973846
2024-12-27 14:26:10,144 - INFO - Cosine Similarity: -0.028604246489703656, Variance: 4.5535736083984375
2024-12-27 14:26:10,144 - INFO - Distillation Epoch: 2
2024-12-27 14:26:14,298 - INFO - Epoch: 2 | Train Loss: 0.807882109284401 | CE Loss: 1.1306710243225098 | Distill Loss: 0.5817478895187378
2024-12-27 14:26:14,335 - INFO - Cosine Similarity: 0.0035331282764673234, Variance: 8.939528465270996
2024-12-27 14:26:14,336 - INFO - Distillation Epoch: 3
2024-12-27 14:26:18,496 - INFO - Epoch: 3 | Train Loss: 0.8025871992111206 | CE Loss: 1.100255271792412 | Distill Loss: 0.5825361400842667
2024-12-27 14:26:18,528 - INFO - Cosine Similarity: -0.0177607461810112, Variance: 13.438301086425781
2024-12-27 14:26:18,528 - INFO - Distillation Epoch: 4
2024-12-27 14:26:22,686 - INFO - Epoch: 4 | Train Loss: 0.8012761026620865 | CE Loss: 1.0780912041664124 | Distill Loss: 0.5856578528881073
2024-12-27 14:26:22,711 - INFO - Cosine Similarity: 0.03545492519624531, Variance: 17.97262954711914
2024-12-27 14:26:22,711 - INFO - Distillation Epoch: 5
2024-12-27 14:26:26,894 - INFO - Epoch: 5 | Train Loss: 0.801020273566246 | CE Loss: 1.073887473344803 | Distill Loss: 0.5862427711486816
2024-12-27 14:26:26,928 - INFO - Cosine Similarity: 0.03320353524759412, Variance: 22.508081436157227
2024-12-27 14:27:12,873 - INFO - Distillation Epoch: 1
2024-12-27 14:27:17,029 - INFO - Epoch: 1 | Train Loss: 0.8838658392429352 | CE Loss: 1.3900577783584596 | Distill Loss: 0.6058542758226395
2024-12-27 14:27:17,063 - INFO - Cosine Similarity: -0.0975526824593544, Variance: 4.78839111328125
2024-12-27 14:27:17,063 - INFO - Distillation Epoch: 2
2024-12-27 14:27:21,220 - INFO - Epoch: 2 | Train Loss: 0.8523079603910446 | CE Loss: 1.2433197379112244 | Distill Loss: 0.6036440044641495
2024-12-27 14:27:21,258 - INFO - Cosine Similarity: -0.0543679665774107, Variance: 9.267702102661133
2024-12-27 14:27:21,258 - INFO - Distillation Epoch: 3
2024-12-27 14:27:25,413 - INFO - Epoch: 3 | Train Loss: 0.849020978808403 | CE Loss: 1.2148231446743012 | Distill Loss: 0.6060563415288925
2024-12-27 14:27:25,445 - INFO - Cosine Similarity: -0.034920319262892005, Variance: 13.861218452453613
2024-12-27 14:27:25,445 - INFO - Distillation Epoch: 4
2024-12-27 14:27:29,595 - INFO - Epoch: 4 | Train Loss: 0.8480745822191238 | CE Loss: 1.1997097849845886 | Distill Loss: 0.6081326216459274
2024-12-27 14:27:29,639 - INFO - Cosine Similarity: -0.08989117443561553, Variance: 18.49256134033203
2024-12-27 14:27:29,639 - INFO - Distillation Epoch: 5
2024-12-27 14:27:33,802 - INFO - Epoch: 5 | Train Loss: 0.8458579927682877 | CE Loss: 1.1880569756031036 | Distill Loss: 0.608246585726738
2024-12-27 14:27:33,836 - INFO - Cosine Similarity: 0.0024745317175984384, Variance: 23.128849029541016
2024-12-27 14:28:20,536 - INFO - Distillation Epoch: 1
2024-12-27 14:28:24,695 - INFO - Epoch: 1 | Train Loss: 0.813641494512558 | CE Loss: 1.1637179672718048 | Distill Loss: 0.5808978915214539
2024-12-27 14:28:24,728 - INFO - Cosine Similarity: -0.022071385011076926, Variance: 4.668595314025879
2024-12-27 14:28:24,728 - INFO - Distillation Epoch: 2
2024-12-27 14:28:28,878 - INFO - Epoch: 2 | Train Loss: 0.7928114533424377 | CE Loss: 1.0835118502378465 | Distill Loss: 0.5761090874671936
2024-12-27 14:28:28,912 - INFO - Cosine Similarity: 0.009258706495165825, Variance: 9.16064167022705
2024-12-27 14:28:28,912 - INFO - Distillation Epoch: 3
2024-12-27 14:28:33,078 - INFO - Epoch: 3 | Train Loss: 0.7922100186347961 | CE Loss: 1.077363458275795 | Distill Loss: 0.5767373204231262
2024-12-27 14:28:33,111 - INFO - Cosine Similarity: 0.02425294481217861, Variance: 13.76756763458252
2024-12-27 14:28:33,111 - INFO - Distillation Epoch: 4
2024-12-27 14:28:37,274 - INFO - Epoch: 4 | Train Loss: 0.7886483699083329 | CE Loss: 1.0554299801588058 | Distill Loss: 0.5775623708963394
2024-12-27 14:28:37,312 - INFO - Cosine Similarity: -0.04290834218263626, Variance: 18.402769088745117
2024-12-27 14:28:37,312 - INFO - Distillation Epoch: 5
2024-12-27 14:28:41,454 - INFO - Epoch: 5 | Train Loss: 0.7876624405384064 | CE Loss: 1.04590023458004 | Distill Loss: 0.5784823834896088
2024-12-27 14:28:41,496 - INFO - Cosine Similarity: 0.042944949865341184, Variance: 23.055910110473633
2024-12-27 14:29:28,173 - INFO - Distillation Epoch: 1
2024-12-27 14:29:32,328 - INFO - Epoch: 1 | Train Loss: 0.8196385979652405 | CE Loss: 1.0623720586299896 | Distill Loss: 0.607164180278778
2024-12-27 14:29:32,364 - INFO - Cosine Similarity: -0.034132669866085055, Variance: 4.878931045532227
2024-12-27 14:29:32,364 - INFO - Distillation Epoch: 2
2024-12-27 14:29:36,512 - INFO - Epoch: 2 | Train Loss: 0.7915289163589477 | CE Loss: 0.9590528845787049 | Distill Loss: 0.5997183412313462
2024-12-27 14:29:36,555 - INFO - Cosine Similarity: -0.03678814694285393, Variance: 9.582345962524414
2024-12-27 14:29:36,555 - INFO - Distillation Epoch: 3
2024-12-27 14:29:40,711 - INFO - Epoch: 3 | Train Loss: 0.7891627103090286 | CE Loss: 0.9425371259450912 | Distill Loss: 0.6006552755832673
2024-12-27 14:29:40,752 - INFO - Cosine Similarity: 0.0483529039658606, Variance: 14.38408374786377
2024-12-27 14:29:40,752 - INFO - Distillation Epoch: 4
2024-12-27 14:29:44,912 - INFO - Epoch: 4 | Train Loss: 0.7877109408378601 | CE Loss: 0.9327663362026215 | Distill Loss: 0.6011576682329178
2024-12-27 14:29:44,945 - INFO - Cosine Similarity: 0.003984618186950684, Variance: 19.217586517333984
2024-12-27 14:29:44,945 - INFO - Distillation Epoch: 5
2024-12-27 14:29:49,107 - INFO - Epoch: 5 | Train Loss: 0.7898060590028763 | CE Loss: 0.9324360132217407 | Distill Loss: 0.6033188462257385
2024-12-27 14:29:49,148 - INFO - Cosine Similarity: -0.02574652023613453, Variance: 24.0585880279541
2024-12-27 14:30:35,205 - INFO - Distillation Epoch: 1
2024-12-27 14:30:39,345 - INFO - Epoch: 1 | Train Loss: 0.8433919697999954 | CE Loss: 1.1315471291542054 | Distill Loss: 0.6170825332403183
2024-12-27 14:30:39,387 - INFO - Cosine Similarity: -0.07134527266025543, Variance: 4.985481262207031
2024-12-27 14:30:39,387 - INFO - Distillation Epoch: 2
2024-12-27 14:30:43,539 - INFO - Epoch: 2 | Train Loss: 0.8217355936765671 | CE Loss: 1.0512772977352143 | Distill Loss: 0.6114801317453384
2024-12-27 14:30:43,572 - INFO - Cosine Similarity: -0.002229722961783409, Variance: 9.782660484313965
2024-12-27 14:30:43,572 - INFO - Distillation Epoch: 3
2024-12-27 14:30:47,729 - INFO - Epoch: 3 | Train Loss: 0.8188920766115189 | CE Loss: 1.0303225874900819 | Distill Loss: 0.6128275483846665
2024-12-27 14:30:47,766 - INFO - Cosine Similarity: -0.013395848125219345, Variance: 14.665632247924805
2024-12-27 14:30:47,766 - INFO - Distillation Epoch: 4
2024-12-27 14:30:51,920 - INFO - Epoch: 4 | Train Loss: 0.8180830985307693 | CE Loss: 1.017358535528183 | Distill Loss: 0.6146113872528076
2024-12-27 14:30:51,956 - INFO - Cosine Similarity: -0.022792608477175236, Variance: 19.57133674621582
2024-12-27 14:30:51,956 - INFO - Distillation Epoch: 5
2024-12-27 14:30:56,112 - INFO - Epoch: 5 | Train Loss: 0.8161428928375244 | CE Loss: 1.0025801330804824 | Distill Loss: 0.615626871585846
2024-12-27 14:30:56,145 - INFO - Cosine Similarity: 0.00905161425471306, Variance: 24.491167068481445
2024-12-27 14:31:41,655 - INFO - Distillation Epoch: 1
2024-12-27 14:31:45,812 - INFO - Epoch: 1 | Train Loss: 0.810479998588562 | CE Loss: 0.9763149887323379 | Distill Loss: 0.615217000246048
2024-12-27 14:31:45,847 - INFO - Cosine Similarity: -0.008292275946587324, Variance: 4.994460105895996
2024-12-27 14:31:45,847 - INFO - Distillation Epoch: 2
2024-12-27 14:31:50,026 - INFO - Epoch: 2 | Train Loss: 0.7913265645503997 | CE Loss: 0.9114061236381531 | Distill Loss: 0.6090453296899796
2024-12-27 14:31:50,062 - INFO - Cosine Similarity: -0.029351718351244928, Variance: 9.795682907104492
2024-12-27 14:31:50,063 - INFO - Distillation Epoch: 3
2024-12-27 14:31:54,256 - INFO - Epoch: 3 | Train Loss: 0.7882512509822845 | CE Loss: 0.896040803194046 | Distill Loss: 0.6090430825948715
2024-12-27 14:31:54,283 - INFO - Cosine Similarity: 0.020485600666143, Variance: 14.698219299316406
2024-12-27 14:31:54,283 - INFO - Distillation Epoch: 4
2024-12-27 14:31:58,502 - INFO - Epoch: 4 | Train Loss: 0.787691205739975 | CE Loss: 0.8838468343019485 | Distill Loss: 0.610921835899353
2024-12-27 14:31:58,529 - INFO - Cosine Similarity: -0.001711553055793047, Variance: 19.62978744506836
2024-12-27 14:31:58,538 - INFO - Distillation Epoch: 5
2024-12-27 14:32:02,728 - INFO - Epoch: 5 | Train Loss: 0.785014408826828 | CE Loss: 0.868795445561409 | Distill Loss: 0.6112553149461746
2024-12-27 14:32:02,762 - INFO - Cosine Similarity: 0.016188415139913558, Variance: 24.570850372314453
2024-12-27 14:32:49,663 - INFO - Distillation Epoch: 1
2024-12-27 14:32:53,872 - INFO - Epoch: 1 | Train Loss: 0.8043359905481339 | CE Loss: 1.0480132579803467 | Distill Loss: 0.5947333306074143
2024-12-27 14:32:53,903 - INFO - Cosine Similarity: 0.0020091875456273557, Variance: 4.846963882446289
2024-12-27 14:32:53,903 - INFO - Distillation Epoch: 2
2024-12-27 14:32:58,121 - INFO - Epoch: 2 | Train Loss: 0.7879638046026229 | CE Loss: 0.9946535229682922 | Distill Loss: 0.5890330940485
2024-12-27 14:32:58,157 - INFO - Cosine Similarity: -0.02515708524733782, Variance: 9.625533103942871
2024-12-27 14:32:58,157 - INFO - Distillation Epoch: 3
2024-12-27 14:33:02,363 - INFO - Epoch: 3 | Train Loss: 0.7825708746910095 | CE Loss: 0.9667015075683594 | Distill Loss: 0.5892305701971055
2024-12-27 14:33:02,403 - INFO - Cosine Similarity: 0.005547379516065121, Variance: 14.504571914672852
2024-12-27 14:33:02,403 - INFO - Distillation Epoch: 4
2024-12-27 14:33:06,604 - INFO - Epoch: 4 | Train Loss: 0.7808799594640732 | CE Loss: 0.9500146985054017 | Distill Loss: 0.5908770054578781
2024-12-27 14:33:06,641 - INFO - Cosine Similarity: -0.02654968360438943, Variance: 19.412677764892578
2024-12-27 14:33:06,641 - INFO - Distillation Epoch: 5
2024-12-27 14:33:10,846 - INFO - Epoch: 5 | Train Loss: 0.7802701741456985 | CE Loss: 0.9475156038999557 | Distill Loss: 0.5907670557498932
2024-12-27 14:33:10,878 - INFO - Cosine Similarity: -0.02281617869157344, Variance: 24.32685089111328
2024-12-27 14:33:58,204 - INFO - Distillation Epoch: 1
2024-12-27 14:34:02,360 - INFO - Epoch: 1 | Train Loss: 0.7886085480451583 | CE Loss: 0.9141542494297028 | Distill Loss: 0.6057776927947998
2024-12-27 14:34:02,396 - INFO - Cosine Similarity: 0.02574277063831687, Variance: 5.007475852966309
2024-12-27 14:34:02,396 - INFO - Distillation Epoch: 2
2024-12-27 14:34:06,546 - INFO - Epoch: 2 | Train Loss: 0.7682949513196945 | CE Loss: 0.8413493365049363 | Distill Loss: 0.6000250786542892
2024-12-27 14:34:06,587 - INFO - Cosine Similarity: -0.0012329094111919402, Variance: 9.790193557739258
2024-12-27 14:34:06,587 - INFO - Distillation Epoch: 3
2024-12-27 14:34:10,746 - INFO - Epoch: 3 | Train Loss: 0.7659880846738816 | CE Loss: 0.8325907260179519 | Distill Loss: 0.5994699239730835
2024-12-27 14:34:10,780 - INFO - Cosine Similarity: 0.015566170681267977, Variance: 14.67125129699707
2024-12-27 14:34:10,780 - INFO - Distillation Epoch: 4
2024-12-27 14:34:14,928 - INFO - Epoch: 4 | Train Loss: 0.7671496361494065 | CE Loss: 0.8256360232830048 | Distill Loss: 0.6020224303007126
2024-12-27 14:34:14,956 - INFO - Cosine Similarity: 0.014695405028760433, Variance: 19.594839096069336
2024-12-27 14:34:14,956 - INFO - Distillation Epoch: 5
2024-12-27 14:34:19,105 - INFO - Epoch: 5 | Train Loss: 0.7651885509490967 | CE Loss: 0.8157061159610748 | Distill Loss: 0.6020473212003707
2024-12-27 14:34:19,138 - INFO - Cosine Similarity: 0.022265497781336307, Variance: 24.528718948364258
2024-12-27 14:35:04,854 - INFO - Distillation Epoch: 1
2024-12-27 14:35:09,005 - INFO - Epoch: 1 | Train Loss: 0.8070615291595459 | CE Loss: 0.9132666140794754 | Distill Loss: 0.6244082123041153
2024-12-27 14:35:09,047 - INFO - Cosine Similarity: -0.08083496764302253, Variance: 5.278874397277832
2024-12-27 14:35:09,047 - INFO - Distillation Epoch: 2
2024-12-27 14:35:13,233 - INFO - Epoch: 2 | Train Loss: 0.7850223809480668 | CE Loss: 0.854384258389473 | Distill Loss: 0.6141455173492432
2024-12-27 14:35:13,270 - INFO - Cosine Similarity: -0.08395829610526562, Variance: 10.452095031738281
2024-12-27 14:35:13,270 - INFO - Distillation Epoch: 3
2024-12-27 14:35:17,414 - INFO - Epoch: 3 | Train Loss: 0.7817539155483246 | CE Loss: 0.8408885449171066 | Distill Loss: 0.6135761946439743
2024-12-27 14:35:17,448 - INFO - Cosine Similarity: -0.013400185853242874, Variance: 15.722463607788086
2024-12-27 14:35:17,448 - INFO - Distillation Epoch: 4
2024-12-27 14:35:21,614 - INFO - Epoch: 4 | Train Loss: 0.7801745742559433 | CE Loss: 0.8270133435726166 | Distill Loss: 0.614771893620491
2024-12-27 14:35:21,652 - INFO - Cosine Similarity: 0.030483633372932674, Variance: 21.02721405029297
2024-12-27 14:35:21,652 - INFO - Distillation Epoch: 5
2024-12-27 14:35:25,809 - INFO - Epoch: 5 | Train Loss: 0.7813547015190124 | CE Loss: 0.822417676448822 | Distill Loss: 0.6168711602687835
2024-12-27 14:35:25,846 - INFO - Cosine Similarity: 0.0446174792945385, Variance: 26.334823608398438
2024-12-27 14:36:11,647 - INFO - Distillation Epoch: 1
2024-12-27 14:36:15,796 - INFO - Epoch: 1 | Train Loss: 0.781750950217247 | CE Loss: 0.7758182346820831 | Distill Loss: 0.626587301492691
2024-12-27 14:36:15,830 - INFO - Cosine Similarity: -0.07900753505527973, Variance: 5.1116743087768555
2024-12-27 14:36:15,830 - INFO - Distillation Epoch: 2
2024-12-27 14:36:19,980 - INFO - Epoch: 2 | Train Loss: 0.7602578461170196 | CE Loss: 0.7137977540493011 | Distill Loss: 0.6174982905387878
2024-12-27 14:36:20,013 - INFO - Cosine Similarity: -0.10160457007586957, Variance: 10.214250564575195
2024-12-27 14:36:20,013 - INFO - Distillation Epoch: 3
2024-12-27 14:36:24,164 - INFO - Epoch: 3 | Train Loss: 0.7562554359436036 | CE Loss: 0.6920695841312409 | Distill Loss: 0.617841511964798
2024-12-27 14:36:24,197 - INFO - Cosine Similarity: -0.07450055629014969, Variance: 15.385618209838867
2024-12-27 14:36:24,197 - INFO - Distillation Epoch: 4
2024-12-27 14:36:28,346 - INFO - Epoch: 4 | Train Loss: 0.755652716755867 | CE Loss: 0.6867793798446655 | Distill Loss: 0.6182968288660049
2024-12-27 14:36:28,382 - INFO - Cosine Similarity: 0.08728373870253563, Variance: 20.574138641357422
2024-12-27 14:36:28,382 - INFO - Distillation Epoch: 5
2024-12-27 14:36:32,530 - INFO - Epoch: 5 | Train Loss: 0.7554119467735291 | CE Loss: 0.691078731417656 | Distill Loss: 0.6171961992979049
2024-12-27 14:36:32,565 - INFO - Cosine Similarity: -0.0852547563612461, Variance: 25.76730728149414
2024-12-27 14:39:46,015 - INFO - Note: NumExpr detected 24 cores but "NUMEXPR_MAX_THREADS" not set, so enforcing safe limit of 8.
2024-12-27 14:39:46,015 - INFO - NumExpr defaulting to 8 threads.
2024-12-27 14:40:55,982 - INFO - Distillation Epoch: 1
2024-12-27 14:42:00,717 - INFO - Note: NumExpr detected 24 cores but "NUMEXPR_MAX_THREADS" not set, so enforcing safe limit of 8.
2024-12-27 14:42:00,717 - INFO - NumExpr defaulting to 8 threads.
2024-12-27 14:42:59,301 - INFO - Distillation Epoch: 1
2024-12-27 14:43:01,620 - INFO - Epoch: 1 | Train Loss: 0.8020842224359512 | CE Loss: 1.7738394260406494 | Distill Loss: 0.44731631577014924
2024-12-27 14:43:01,659 - INFO - Cosine Similarity: -0.01265960638411343, Variance: 3.8772380352020264
2024-12-27 14:43:01,659 - INFO - Distillation Epoch: 2
2024-12-27 14:43:03,849 - INFO - Epoch: 2 | Train Loss: 0.7776361048221588 | CE Loss: 1.625601840019226 | Distill Loss: 0.4525157302618027
2024-12-27 14:43:03,886 - INFO - Cosine Similarity: -0.02582869417965412, Variance: 6.956533908843994
2024-12-27 14:43:03,886 - INFO - Distillation Epoch: 3
2024-12-27 14:43:06,073 - INFO - Epoch: 3 | Train Loss: 0.7700954765081406 | CE Loss: 1.569797271490097 | Distill Loss: 0.456136029958725
2024-12-27 14:43:06,110 - INFO - Cosine Similarity: 0.027981960400938987, Variance: 10.222996711730957
2024-12-27 14:43:06,110 - INFO - Distillation Epoch: 4
2024-12-27 14:43:08,299 - INFO - Epoch: 4 | Train Loss: 0.7666794061660767 | CE Loss: 1.5405218005180359 | Distill Loss: 0.45857503861188886
2024-12-27 14:43:08,343 - INFO - Cosine Similarity: 0.012051835656166077, Variance: 13.569421768188477
2024-12-27 14:43:08,343 - INFO - Distillation Epoch: 5
2024-12-27 14:43:10,541 - INFO - Epoch: 5 | Train Loss: 0.7635440647602081 | CE Loss: 1.5118607223033904 | Distill Loss: 0.4611719146370888
2024-12-27 14:43:10,582 - INFO - Cosine Similarity: 0.003982219006866216, Variance: 16.941110610961914
2024-12-27 14:43:10,582 - INFO - Distillation Epoch: 6
2024-12-27 14:43:12,777 - INFO - Epoch: 6 | Train Loss: 0.7596674561500549 | CE Loss: 1.4902068316936492 | Distill Loss: 0.46162608563899993
2024-12-27 14:43:12,812 - INFO - Cosine Similarity: -0.006475779553875327, Variance: 20.323665618896484
2024-12-27 14:43:12,812 - INFO - Distillation Epoch: 7
2024-12-27 14:43:15,007 - INFO - Epoch: 7 | Train Loss: 0.7581457644701004 | CE Loss: 1.4750573217868805 | Distill Loss: 0.46313430070877076
2024-12-27 14:43:15,041 - INFO - Cosine Similarity: -0.014491245476529002, Variance: 23.71121597290039
2024-12-27 14:43:15,041 - INFO - Distillation Epoch: 8
2024-12-27 14:43:17,235 - INFO - Epoch: 8 | Train Loss: 0.7568799436092377 | CE Loss: 1.463756549358368 | Distill Loss: 0.46412862092256546
2024-12-27 14:43:17,281 - INFO - Cosine Similarity: 0.013602971145883203, Variance: 27.096477508544922
2024-12-27 14:43:17,281 - INFO - Distillation Epoch: 9
2024-12-27 14:43:19,466 - INFO - Epoch: 9 | Train Loss: 0.7541562974452972 | CE Loss: 1.4438190460205078 | Distill Loss: 0.46539248079061507
2024-12-27 14:43:19,501 - INFO - Cosine Similarity: -0.009230149630457162, Variance: 30.494680404663086
2024-12-27 14:43:19,501 - INFO - Distillation Epoch: 10
2024-12-27 14:43:21,699 - INFO - Epoch: 10 | Train Loss: 0.7536348521709442 | CE Loss: 1.442407339811325 | Distill Loss: 0.4651533842086792
2024-12-27 14:43:21,732 - INFO - Cosine Similarity: -0.004567557480186224, Variance: 33.89519500732422
2024-12-27 14:44:08,583 - INFO - Distillation Epoch: 1
2024-12-27 14:44:10,766 - INFO - Epoch: 1 | Train Loss: 0.7713240444660187 | CE Loss: 1.5505815029144288 | Distill Loss: 0.4612077295780182
2024-12-27 14:44:10,808 - INFO - Cosine Similarity: -0.09260503575205803, Variance: 3.5401673316955566
2024-12-27 14:44:10,808 - INFO - Distillation Epoch: 2
2024-12-27 14:44:12,999 - INFO - Epoch: 2 | Train Loss: 0.7428757399320602 | CE Loss: 1.3616628170013427 | Distill Loss: 0.47054316848516464
2024-12-27 14:44:13,033 - INFO - Cosine Similarity: 0.06485122311860322, Variance: 6.466158390045166
2024-12-27 14:44:13,033 - INFO - Distillation Epoch: 3
2024-12-27 14:44:15,216 - INFO - Epoch: 3 | Train Loss: 0.736260125041008 | CE Loss: 1.3274629235267639 | Distill Loss: 0.4707675397396088
2024-12-27 14:44:15,258 - INFO - Cosine Similarity: -0.042190288007259366, Variance: 9.67185115814209
2024-12-27 14:44:15,258 - INFO - Distillation Epoch: 4
2024-12-27 14:44:17,458 - INFO - Epoch: 4 | Train Loss: 0.7340243995189667 | CE Loss: 1.3134420931339263 | Distill Loss: 0.4713359698653221
2024-12-27 14:44:17,491 - INFO - Cosine Similarity: -0.04558023745194077, Variance: 12.924047470092773
2024-12-27 14:44:17,491 - INFO - Distillation Epoch: 5
2024-12-27 14:44:19,690 - INFO - Epoch: 5 | Train Loss: 0.7333874046802521 | CE Loss: 1.302859216928482 | Distill Loss: 0.4728155583143234
2024-12-27 14:44:19,724 - INFO - Cosine Similarity: -0.013394983112812042, Variance: 16.182575225830078
2024-12-27 14:44:19,724 - INFO - Distillation Epoch: 6
2024-12-27 14:44:21,917 - INFO - Epoch: 6 | Train Loss: 0.7300579011440277 | CE Loss: 1.2809759259223938 | Distill Loss: 0.4738627091050148
2024-12-27 14:44:21,949 - INFO - Cosine Similarity: -0.04625589800998568, Variance: 19.463937759399414
2024-12-27 14:44:21,949 - INFO - Distillation Epoch: 7
2024-12-27 14:44:24,144 - INFO - Epoch: 7 | Train Loss: 0.729322999715805 | CE Loss: 1.2742417573928833 | Distill Loss: 0.47447464019060137
2024-12-27 14:44:24,177 - INFO - Cosine Similarity: -0.04643980823457241, Variance: 22.7587947845459
2024-12-27 14:44:24,177 - INFO - Distillation Epoch: 8
2024-12-27 14:44:26,374 - INFO - Epoch: 8 | Train Loss: 0.7281379252672195 | CE Loss: 1.2670524656772613 | Distill Loss: 0.4747274279594421
2024-12-27 14:44:26,409 - INFO - Cosine Similarity: -0.02916010972112417, Variance: 26.04233169555664
2024-12-27 14:44:26,409 - INFO - Distillation Epoch: 9
2024-12-27 14:44:28,608 - INFO - Epoch: 9 | Train Loss: 0.7260075032711029 | CE Loss: 1.2514498829841614 | Distill Loss: 0.47571752220392227
2024-12-27 14:44:28,642 - INFO - Cosine Similarity: 0.03760364754125476, Variance: 29.31403160095215
2024-12-27 14:44:28,642 - INFO - Distillation Epoch: 10
2024-12-27 14:44:30,833 - INFO - Epoch: 10 | Train Loss: 0.7243887990713119 | CE Loss: 1.2348852515220643 | Distill Loss: 0.4774117425084114
2024-12-27 14:44:30,866 - INFO - Cosine Similarity: 0.028769007325172423, Variance: 32.60982894897461
2024-12-27 14:45:17,595 - INFO - Distillation Epoch: 1
2024-12-27 14:45:19,780 - INFO - Epoch: 1 | Train Loss: 0.7776155352592469 | CE Loss: 1.5936021387577057 | Distill Loss: 0.4588951036334038
2024-12-27 14:45:19,824 - INFO - Cosine Similarity: -0.01406254144385457, Variance: 3.754024028778076
2024-12-27 14:45:19,824 - INFO - Distillation Epoch: 2
2024-12-27 14:45:22,023 - INFO - Epoch: 2 | Train Loss: 0.7563381522893906 | CE Loss: 1.496842622756958 | Distill Loss: 0.4569696247577667
2024-12-27 14:45:22,055 - INFO - Cosine Similarity: 0.05911262072622776, Variance: 6.8593878746032715
2024-12-27 14:45:22,055 - INFO - Distillation Epoch: 3
2024-12-27 14:45:24,251 - INFO - Epoch: 3 | Train Loss: 0.7493373364210129 | CE Loss: 1.4589160203933715 | Distill Loss: 0.45755413323640826
2024-12-27 14:45:24,290 - INFO - Cosine Similarity: 0.04198962626978755, Variance: 10.201885223388672
2024-12-27 14:45:24,290 - INFO - Distillation Epoch: 4
2024-12-27 14:45:26,486 - INFO - Epoch: 4 | Train Loss: 0.7454923093318939 | CE Loss: 1.4299764513969422 | Distill Loss: 0.45949701517820357
2024-12-27 14:45:26,526 - INFO - Cosine Similarity: 0.014504987373948097, Variance: 13.59269905090332
2024-12-27 14:45:26,526 - INFO - Distillation Epoch: 5
2024-12-27 14:45:28,716 - INFO - Epoch: 5 | Train Loss: 0.7434801578521728 | CE Loss: 1.40994753241539 | Distill Loss: 0.4614906460046768
2024-12-27 14:45:28,750 - INFO - Cosine Similarity: 0.011665888130664825, Variance: 16.996509552001953
2024-12-27 14:45:28,750 - INFO - Distillation Epoch: 6
2024-12-27 14:45:30,933 - INFO - Epoch: 6 | Train Loss: 0.7423539370298385 | CE Loss: 1.3981269717216491 | Distill Loss: 0.4627285346388817
2024-12-27 14:45:30,976 - INFO - Cosine Similarity: 0.009886126220226287, Variance: 20.418031692504883
2024-12-27 14:45:30,976 - INFO - Distillation Epoch: 7
2024-12-27 14:45:33,158 - INFO - Epoch: 7 | Train Loss: 0.7380265086889267 | CE Loss: 1.3725547790527344 | Distill Loss: 0.46351555585861204
2024-12-27 14:45:33,200 - INFO - Cosine Similarity: 0.021127944812178612, Variance: 23.830965042114258
2024-12-27 14:45:33,200 - INFO - Distillation Epoch: 8
2024-12-27 14:45:35,386 - INFO - Epoch: 8 | Train Loss: 0.7389283001422882 | CE Loss: 1.3685267627239228 | Distill Loss: 0.4652229458093643
2024-12-27 14:45:35,419 - INFO - Cosine Similarity: 0.03893493413925171, Variance: 27.244543075561523
2024-12-27 14:45:35,419 - INFO - Distillation Epoch: 9
2024-12-27 14:45:37,603 - INFO - Epoch: 9 | Train Loss: 0.7352180927991867 | CE Loss: 1.3443701565265656 | Distill Loss: 0.466344054043293
2024-12-27 14:45:37,633 - INFO - Cosine Similarity: -0.022519629448652267, Variance: 30.71073341369629
2024-12-27 14:45:37,633 - INFO - Distillation Epoch: 10
2024-12-27 14:45:39,824 - INFO - Epoch: 10 | Train Loss: 0.7337300658226014 | CE Loss: 1.3325963079929353 | Distill Loss: 0.4672107964754105
2024-12-27 14:45:39,866 - INFO - Cosine Similarity: -0.012972054816782475, Variance: 34.118919372558594
2024-12-27 14:46:26,888 - INFO - Distillation Epoch: 1
2024-12-27 14:46:29,068 - INFO - Epoch: 1 | Train Loss: 0.7282885283231735 | CE Loss: 1.1360940992832185 | Distill Loss: 0.501069700717926
2024-12-27 14:46:29,102 - INFO - Cosine Similarity: 0.10369022451341152, Variance: 3.9231276512145996
2024-12-27 14:46:29,102 - INFO - Distillation Epoch: 2
2024-12-27 14:46:31,283 - INFO - Epoch: 2 | Train Loss: 0.7063713580369949 | CE Loss: 1.0631419837474823 | Distill Loss: 0.49374295920133593
2024-12-27 14:46:31,316 - INFO - Cosine Similarity: 0.02240355685353279, Variance: 7.4026780128479
2024-12-27 14:46:31,316 - INFO - Distillation Epoch: 3
2024-12-27 14:46:33,491 - INFO - Epoch: 3 | Train Loss: 0.7011067718267441 | CE Loss: 1.0360260903835297 | Distill Loss: 0.49390155375003814
2024-12-27 14:46:33,533 - INFO - Cosine Similarity: -0.014089129120111465, Variance: 11.050418853759766
2024-12-27 14:46:33,533 - INFO - Distillation Epoch: 4
2024-12-27 14:46:35,725 - INFO - Epoch: 4 | Train Loss: 0.7002059042453765 | CE Loss: 1.0337386667728423 | Distill Loss: 0.4934581756591797
2024-12-27 14:46:35,760 - INFO - Cosine Similarity: 0.0373088838532567, Variance: 14.736305236816406
2024-12-27 14:46:35,760 - INFO - Distillation Epoch: 5
2024-12-27 14:46:37,942 - INFO - Epoch: 5 | Train Loss: 0.6996449053287506 | CE Loss: 1.0212417036294936 | Distill Loss: 0.4953965678811073
2024-12-27 14:46:37,967 - INFO - Cosine Similarity: 0.00034271101467311384, Variance: 18.469449996948242
2024-12-27 14:46:37,967 - INFO - Distillation Epoch: 6
2024-12-27 14:46:40,153 - INFO - Epoch: 6 | Train Loss: 0.6993623524904251 | CE Loss: 1.0173981070518494 | Distill Loss: 0.4958827316761017
2024-12-27 14:46:40,200 - INFO - Cosine Similarity: 0.003580091893672943, Variance: 22.195873260498047
2024-12-27 14:46:40,200 - INFO - Distillation Epoch: 7
2024-12-27 14:46:42,391 - INFO - Epoch: 7 | Train Loss: 0.6981731295585633 | CE Loss: 1.006977242231369 | Distill Loss: 0.49677767753601076
2024-12-27 14:46:42,424 - INFO - Cosine Similarity: -0.04831798751838505, Variance: 25.9442138671875
2024-12-27 14:46:42,424 - INFO - Distillation Epoch: 8
2024-12-27 14:46:44,609 - INFO - Epoch: 8 | Train Loss: 0.6962885409593582 | CE Loss: 0.9963726788759232 | Distill Loss: 0.4970139965415001
2024-12-27 14:46:44,651 - INFO - Cosine Similarity: 0.007425372675061226, Variance: 29.663921356201172
2024-12-27 14:46:44,651 - INFO - Distillation Epoch: 9
2024-12-27 14:46:46,848 - INFO - Epoch: 9 | Train Loss: 0.6952842593193054 | CE Loss: 0.9962711274623871 | Distill Loss: 0.49603002816438674
2024-12-27 14:46:46,875 - INFO - Cosine Similarity: 0.03461474813520908, Variance: 33.394439697265625
2024-12-27 14:46:46,875 - INFO - Distillation Epoch: 10
2024-12-27 14:46:49,075 - INFO - Epoch: 10 | Train Loss: 0.6956825971603393 | CE Loss: 0.9950320243835449 | Distill Loss: 0.4966761887073517
2024-12-27 14:46:49,103 - INFO - Cosine Similarity: 0.001141957938671112, Variance: 37.14532470703125
2024-12-27 14:47:34,818 - INFO - Distillation Epoch: 1
2024-12-27 14:47:37,002 - INFO - Epoch: 1 | Train Loss: 0.7194163292646408 | CE Loss: 1.1150909781455993 | Distill Loss: 0.4963981345295906
2024-12-27 14:47:37,034 - INFO - Cosine Similarity: -0.07958148028701544, Variance: 4.376304626464844
2024-12-27 14:47:37,034 - INFO - Distillation Epoch: 2
2024-12-27 14:47:39,216 - INFO - Epoch: 2 | Train Loss: 0.7026843070983887 | CE Loss: 1.0542170107364655 | Distill Loss: 0.49184090942144393
2024-12-27 14:47:39,275 - INFO - Cosine Similarity: 0.005163812637329101, Variance: 7.856802463531494
2024-12-27 14:47:39,275 - INFO - Distillation Epoch: 3
2024-12-27 14:47:41,443 - INFO - Epoch: 3 | Train Loss: 0.6955367863178253 | CE Loss: 1.0156716674566268 | Distill Loss: 0.4924024477601051
2024-12-27 14:47:41,474 - INFO - Cosine Similarity: -0.027768857218325137, Variance: 11.644630432128906
2024-12-27 14:47:41,474 - INFO - Distillation Epoch: 4
2024-12-27 14:47:43,667 - INFO - Epoch: 4 | Train Loss: 0.6920867562294006 | CE Loss: 1.000509813427925 | Distill Loss: 0.4919847920536995
2024-12-27 14:47:43,694 - INFO - Cosine Similarity: -0.001414899341762066, Variance: 15.472926139831543
2024-12-27 14:47:43,694 - INFO - Distillation Epoch: 5
2024-12-27 14:47:45,870 - INFO - Epoch: 5 | Train Loss: 0.6907000869512558 | CE Loss: 0.9873474836349487 | Distill Loss: 0.49323059171438216
2024-12-27 14:47:45,907 - INFO - Cosine Similarity: 0.025933515280485153, Variance: 19.348094940185547
2024-12-27 14:47:45,907 - INFO - Distillation Epoch: 6
2024-12-27 14:47:48,092 - INFO - Epoch: 6 | Train Loss: 0.689855819940567 | CE Loss: 0.9733551979064942 | Distill Loss: 0.49518478363752366
2024-12-27 14:47:48,125 - INFO - Cosine Similarity: 0.005359119921922684, Variance: 23.26309585571289
2024-12-27 14:47:48,125 - INFO - Distillation Epoch: 7
2024-12-27 14:47:50,308 - INFO - Epoch: 7 | Train Loss: 0.6883046567440033 | CE Loss: 0.9670412808656692 | Distill Loss: 0.4948964029550552
2024-12-27 14:47:50,345 - INFO - Cosine Similarity: 0.008561036363244057, Variance: 27.178646087646484
2024-12-27 14:47:50,345 - INFO - Distillation Epoch: 8
2024-12-27 14:47:52,525 - INFO - Epoch: 8 | Train Loss: 0.6861269921064377 | CE Loss: 0.9562421649694443 | Distill Loss: 0.49487855434417727
2024-12-27 14:47:52,559 - INFO - Cosine Similarity: 0.04143052902072668, Variance: 31.081228256225586
2024-12-27 14:47:52,559 - INFO - Distillation Epoch: 9
2024-12-27 14:47:54,741 - INFO - Epoch: 9 | Train Loss: 0.6874558448791503 | CE Loss: 0.9546663671731949 | Distill Loss: 0.49652256816625595
2024-12-27 14:47:54,777 - INFO - Cosine Similarity: -0.014240940846502782, Variance: 35.036930084228516
2024-12-27 14:47:54,777 - INFO - Distillation Epoch: 10
2024-12-27 14:47:56,967 - INFO - Epoch: 10 | Train Loss: 0.6855476081371308 | CE Loss: 0.9456462502479553 | Distill Loss: 0.49641835540533064
2024-12-27 14:47:57,003 - INFO - Cosine Similarity: 0.02822134383022785, Variance: 38.9378547668457
2024-12-27 14:48:43,685 - INFO - Distillation Epoch: 1
2024-12-27 14:48:45,869 - INFO - Epoch: 1 | Train Loss: 0.6971890091896057 | CE Loss: 0.9318569391965866 | Distill Loss: 0.510817614197731
2024-12-27 14:48:45,901 - INFO - Cosine Similarity: 0.03917472399771214, Variance: 4.23929500579834
2024-12-27 14:48:45,901 - INFO - Distillation Epoch: 2
2024-12-27 14:48:48,108 - INFO - Epoch: 2 | Train Loss: 0.6781899482011795 | CE Loss: 0.8778333097696305 | Distill Loss: 0.5026232808828354
2024-12-27 14:48:48,142 - INFO - Cosine Similarity: -0.016792815551161765, Variance: 8.023018836975098
2024-12-27 14:48:48,142 - INFO - Distillation Epoch: 3
2024-12-27 14:48:50,334 - INFO - Epoch: 3 | Train Loss: 0.6741603225469589 | CE Loss: 0.852047723531723 | Distill Loss: 0.5037507697939873
2024-12-27 14:48:50,369 - INFO - Cosine Similarity: 0.021610578754916787, Variance: 11.988706588745117
2024-12-27 14:48:50,369 - INFO - Distillation Epoch: 4
2024-12-27 14:48:52,567 - INFO - Epoch: 4 | Train Loss: 0.672245654463768 | CE Loss: 0.8438872396945953 | Distill Loss: 0.5034682050347328
2024-12-27 14:48:52,602 - INFO - Cosine Similarity: -0.02285453360527754, Variance: 16.031757354736328
2024-12-27 14:48:52,602 - INFO - Distillation Epoch: 5
2024-12-27 14:48:54,809 - INFO - Epoch: 5 | Train Loss: 0.6713803261518478 | CE Loss: 0.840688306093216 | Distill Loss: 0.5032426655292511
2024-12-27 14:48:54,842 - INFO - Cosine Similarity: -0.015192256681621075, Variance: 20.08428382873535
2024-12-27 14:48:54,842 - INFO - Distillation Epoch: 6
2024-12-27 14:48:57,034 - INFO - Epoch: 6 | Train Loss: 0.6709370106458664 | CE Loss: 0.8340945482254029 | Distill Loss: 0.504118087887764
2024-12-27 14:48:57,068 - INFO - Cosine Similarity: -0.016529097594320773, Variance: 24.147506713867188
2024-12-27 14:48:57,068 - INFO - Distillation Epoch: 7
2024-12-27 14:48:59,284 - INFO - Epoch: 7 | Train Loss: 0.6698453903198243 | CE Loss: 0.826781153678894 | Distill Loss: 0.5044891536235809
2024-12-27 14:48:59,318 - INFO - Cosine Similarity: -0.008103743568062783, Variance: 28.204721450805664
2024-12-27 14:48:59,318 - INFO - Distillation Epoch: 8
2024-12-27 14:49:01,511 - INFO - Epoch: 8 | Train Loss: 0.6695831596851349 | CE Loss: 0.8250529021024704 | Distill Loss: 0.5045725658535958
2024-12-27 14:49:01,552 - INFO - Cosine Similarity: -0.054855833761394024, Variance: 32.30121612548828
2024-12-27 14:49:01,552 - INFO - Distillation Epoch: 9
2024-12-27 14:49:03,768 - INFO - Epoch: 9 | Train Loss: 0.6693365216255188 | CE Loss: 0.8275047451257705 | Distill Loss: 0.503835566341877
2024-12-27 14:49:03,802 - INFO - Cosine Similarity: 0.03895187303423882, Variance: 36.335975646972656
2024-12-27 14:49:03,802 - INFO - Distillation Epoch: 10
2024-12-27 14:49:06,015 - INFO - Epoch: 10 | Train Loss: 0.6699509441852569 | CE Loss: 0.8221301287412643 | Distill Loss: 0.505524905025959
2024-12-27 14:49:06,044 - INFO - Cosine Similarity: 0.009913506545126438, Variance: 40.42909622192383
2024-12-27 14:49:52,368 - INFO - Distillation Epoch: 1
2024-12-27 14:49:54,536 - INFO - Epoch: 1 | Train Loss: 0.7524311780929566 | CE Loss: 1.1441936433315276 | Distill Loss: 0.5235924378037453
2024-12-27 14:49:54,579 - INFO - Cosine Similarity: 0.020685401931405067, Variance: 4.470828056335449
2024-12-27 14:49:54,579 - INFO - Distillation Epoch: 2
2024-12-27 14:49:56,753 - INFO - Epoch: 2 | Train Loss: 0.732838299870491 | CE Loss: 1.0808716118335724 | Distill Loss: 0.5166639745235443
2024-12-27 14:49:56,791 - INFO - Cosine Similarity: 0.02565402314066887, Variance: 8.398481369018555
2024-12-27 14:49:56,791 - INFO - Distillation Epoch: 3
2024-12-27 14:49:58,970 - INFO - Epoch: 3 | Train Loss: 0.7266661912202835 | CE Loss: 1.0467029929161071 | Distill Loss: 0.5173255801200867
2024-12-27 14:49:59,002 - INFO - Cosine Similarity: 0.02611743248999119, Variance: 12.479623794555664
2024-12-27 14:49:59,002 - INFO - Distillation Epoch: 4
2024-12-27 14:50:01,186 - INFO - Epoch: 4 | Train Loss: 0.7232248723506928 | CE Loss: 1.0300925701856614 | Distill Loss: 0.5172063499689102
2024-12-27 14:50:01,217 - INFO - Cosine Similarity: 0.0184315032325685, Variance: 16.6451473236084
2024-12-27 14:50:01,217 - INFO - Distillation Epoch: 5
2024-12-27 14:50:03,411 - INFO - Epoch: 5 | Train Loss: 0.7234862953424454 | CE Loss: 1.0244272500276566 | Distill Loss: 0.5186008423566818
2024-12-27 14:50:03,442 - INFO - Cosine Similarity: -0.02514900453388691, Variance: 20.83306312561035
2024-12-27 14:50:03,442 - INFO - Distillation Epoch: 6
2024-12-27 14:50:05,625 - INFO - Epoch: 6 | Train Loss: 0.722511601448059 | CE Loss: 1.0168761402368545 | Distill Loss: 0.519136369228363
2024-12-27 14:50:05,658 - INFO - Cosine Similarity: 0.0695353589951992, Variance: 24.991506576538086
2024-12-27 14:50:05,658 - INFO - Distillation Epoch: 7
2024-12-27 14:50:07,850 - INFO - Epoch: 7 | Train Loss: 0.7224105298519135 | CE Loss: 1.0046620428562165 | Distill Loss: 0.5214781165122986
2024-12-27 14:50:07,887 - INFO - Cosine Similarity: -0.02755092512816191, Variance: 29.22882652282715
2024-12-27 14:50:07,887 - INFO - Distillation Epoch: 8
2024-12-27 14:50:10,073 - INFO - Epoch: 8 | Train Loss: 0.7188915014266968 | CE Loss: 0.9938054591417312 | Distill Loss: 0.5201304018497467
2024-12-27 14:50:10,103 - INFO - Cosine Similarity: -0.020073580369353295, Variance: 33.419219970703125
2024-12-27 14:50:10,103 - INFO - Distillation Epoch: 9
2024-12-27 14:50:12,287 - INFO - Epoch: 9 | Train Loss: 0.7191137462854386 | CE Loss: 0.9824704885482788 | Distill Loss: 0.5226196467876434
2024-12-27 14:50:12,334 - INFO - Cosine Similarity: -0.01139887012541294, Variance: 37.61598205566406
2024-12-27 14:50:12,334 - INFO - Distillation Epoch: 10
2024-12-27 14:50:14,527 - INFO - Epoch: 10 | Train Loss: 0.7191808253526688 | CE Loss: 0.9804492652416229 | Distill Loss: 0.5230909645557403
2024-12-27 14:50:14,563 - INFO - Cosine Similarity: -0.021471285447478294, Variance: 41.82604217529297
2024-12-27 14:51:00,608 - INFO - Distillation Epoch: 1
2024-12-27 14:51:02,812 - INFO - Epoch: 1 | Train Loss: 0.695177286863327 | CE Loss: 0.8081900238990783 | Distill Loss: 0.5335392773151397
2024-12-27 14:51:02,853 - INFO - Cosine Similarity: -0.06778469905257226, Variance: 4.454632759094238
2024-12-27 14:51:02,853 - INFO - Distillation Epoch: 2
2024-12-27 14:51:05,053 - INFO - Epoch: 2 | Train Loss: 0.677125483751297 | CE Loss: 0.7632884323596955 | Distill Loss: 0.5244677841663361
2024-12-27 14:51:05,084 - INFO - Cosine Similarity: 0.03612520443275571, Variance: 8.496435165405273
2024-12-27 14:51:05,084 - INFO - Distillation Epoch: 3
2024-12-27 14:51:07,283 - INFO - Epoch: 3 | Train Loss: 0.6732250362634659 | CE Loss: 0.7410057365894318 | Distill Loss: 0.525023877620697
2024-12-27 14:51:07,317 - INFO - Cosine Similarity: -0.02758315932005644, Variance: 12.766785621643066
2024-12-27 14:51:07,317 - INFO - Distillation Epoch: 4
2024-12-27 14:51:09,509 - INFO - Epoch: 4 | Train Loss: 0.6724769681692123 | CE Loss: 0.7406696945428848 | Distill Loss: 0.5243430256843566
2024-12-27 14:51:09,544 - INFO - Cosine Similarity: 0.019453471153974534, Variance: 17.0296630859375
2024-12-27 14:51:09,544 - INFO - Distillation Epoch: 5
2024-12-27 14:51:11,770 - INFO - Epoch: 5 | Train Loss: 0.6711376905441284 | CE Loss: 0.7319075047969819 | Distill Loss: 0.524756184220314
2024-12-27 14:51:11,805 - INFO - Cosine Similarity: -0.042488907417282465, Variance: 21.348386764526367
2024-12-27 14:51:11,805 - INFO - Distillation Epoch: 6
2024-12-27 14:51:13,993 - INFO - Epoch: 6 | Train Loss: 0.670970955491066 | CE Loss: 0.7348935633897782 | Distill Loss: 0.5239922344684601
2024-12-27 14:51:14,026 - INFO - Cosine Similarity: 0.02806909065693617, Variance: 25.627771377563477
2024-12-27 14:51:14,026 - INFO - Distillation Epoch: 7
2024-12-27 14:51:16,209 - INFO - Epoch: 7 | Train Loss: 0.6687369048595428 | CE Loss: 0.7202789962291718 | Distill Loss: 0.5246811062097549
2024-12-27 14:51:16,234 - INFO - Cosine Similarity: 0.007478434778749943, Variance: 29.942636489868164
2024-12-27 14:51:16,234 - INFO - Distillation Epoch: 8
2024-12-27 14:51:18,426 - INFO - Epoch: 8 | Train Loss: 0.6727786540985108 | CE Loss: 0.7344806849956512 | Distill Loss: 0.5258825033903122
2024-12-27 14:51:18,465 - INFO - Cosine Similarity: -0.008358012576354667, Variance: 34.26103973388672
2024-12-27 14:51:18,465 - INFO - Distillation Epoch: 9
2024-12-27 14:51:20,634 - INFO - Epoch: 9 | Train Loss: 0.6691739320755005 | CE Loss: 0.718561914563179 | Distill Loss: 0.5254615396261215
2024-12-27 14:51:20,685 - INFO - Cosine Similarity: -0.01943945772945881, Variance: 38.5723876953125
2024-12-27 14:51:20,685 - INFO - Distillation Epoch: 10
2024-12-27 14:51:22,859 - INFO - Epoch: 10 | Train Loss: 0.6707937955856323 | CE Loss: 0.7254007518291473 | Distill Loss: 0.5257136344909668
2024-12-27 14:51:22,901 - INFO - Cosine Similarity: 0.0246382468380034, Variance: 42.877742767333984
2024-12-27 14:52:10,759 - INFO - Distillation Epoch: 1
2024-12-27 14:52:12,937 - INFO - Epoch: 1 | Train Loss: 0.7493670076131821 | CE Loss: 1.0627012073993682 | Distill Loss: 0.5368267670273781
2024-12-27 14:52:12,971 - INFO - Cosine Similarity: -0.040128308441489936, Variance: 4.506020545959473
2024-12-27 14:52:12,971 - INFO - Distillation Epoch: 2
2024-12-27 14:52:15,144 - INFO - Epoch: 2 | Train Loss: 0.7271269649267197 | CE Loss: 0.9993045419454575 | Distill Loss: 0.5272660464048385
2024-12-27 14:52:15,175 - INFO - Cosine Similarity: 0.06561246588826179, Variance: 8.542341232299805
2024-12-27 14:52:15,175 - INFO - Distillation Epoch: 3
2024-12-27 14:52:17,371 - INFO - Epoch: 3 | Train Loss: 0.7213190972805024 | CE Loss: 0.9648329794406891 | Distill Loss: 0.5283524930477143
2024-12-27 14:52:17,403 - INFO - Cosine Similarity: 0.0002725537866353989, Variance: 12.8217191696167
2024-12-27 14:52:17,403 - INFO - Distillation Epoch: 4
2024-12-27 14:52:19,589 - INFO - Epoch: 4 | Train Loss: 0.7211601167917252 | CE Loss: 0.9636639535427094 | Distill Loss: 0.528427317738533
2024-12-27 14:52:19,623 - INFO - Cosine Similarity: 0.053300005942583085, Variance: 17.106815338134766
2024-12-27 14:52:19,623 - INFO - Distillation Epoch: 5
2024-12-27 14:52:21,809 - INFO - Epoch: 5 | Train Loss: 0.7195113480091095 | CE Loss: 0.9479311466217041 | Distill Loss: 0.5299251109361649
2024-12-27 14:52:21,843 - INFO - Cosine Similarity: -6.643161177635192e-05, Variance: 21.466917037963867
2024-12-27 14:52:21,843 - INFO - Distillation Epoch: 6
2024-12-27 14:52:24,031 - INFO - Epoch: 6 | Train Loss: 0.7186905562877655 | CE Loss: 0.947887721657753 | Distill Loss: 0.5291129976511002
2024-12-27 14:52:24,061 - INFO - Cosine Similarity: -0.013792871125042438, Variance: 25.8048152923584
2024-12-27 14:52:24,061 - INFO - Distillation Epoch: 7
2024-12-27 14:52:26,242 - INFO - Epoch: 7 | Train Loss: 0.7178066462278366 | CE Loss: 0.9380074650049209 | Distill Loss: 0.5302051484584809
2024-12-27 14:52:26,284 - INFO - Cosine Similarity: -0.04061956079676747, Variance: 30.1573429107666
2024-12-27 14:52:26,284 - INFO - Distillation Epoch: 8
2024-12-27 14:52:28,464 - INFO - Epoch: 8 | Train Loss: 0.7166432738304138 | CE Loss: 0.9259491562843323 | Distill Loss: 0.5314534366130829
2024-12-27 14:52:28,504 - INFO - Cosine Similarity: -0.020192664116621017, Variance: 34.48921203613281
2024-12-27 14:52:28,504 - INFO - Distillation Epoch: 9
2024-12-27 14:52:30,684 - INFO - Epoch: 9 | Train Loss: 0.7168057292699814 | CE Loss: 0.9277055025100708 | Distill Loss: 0.5312646210193634
2024-12-27 14:52:30,719 - INFO - Cosine Similarity: 0.015719364024698736, Variance: 38.821022033691406
2024-12-27 14:52:30,719 - INFO - Distillation Epoch: 10
2024-12-27 14:52:32,903 - INFO - Epoch: 10 | Train Loss: 0.7162589579820633 | CE Loss: 0.9198003202676773 | Distill Loss: 0.5322988867759705
2024-12-27 14:52:32,943 - INFO - Cosine Similarity: -0.007858476880937815, Variance: 43.18047332763672
2024-12-27 14:53:19,911 - INFO - Distillation Epoch: 1
2024-12-27 14:53:22,092 - INFO - Epoch: 1 | Train Loss: 0.6826434105634689 | CE Loss: 0.8154104113578796 | Distill Loss: 0.5195613294839859
2024-12-27 14:53:22,121 - INFO - Cosine Similarity: 0.037424862198531625, Variance: 4.474225044250488
2024-12-27 14:53:22,121 - INFO - Distillation Epoch: 2
2024-12-27 14:53:24,301 - INFO - Epoch: 2 | Train Loss: 0.6668796956539154 | CE Loss: 0.768571624159813 | Distill Loss: 0.5131653666496276
2024-12-27 14:53:24,344 - INFO - Cosine Similarity: 0.014752265438437462, Variance: 8.643335342407227
2024-12-27 14:53:24,344 - INFO - Distillation Epoch: 3
2024-12-27 14:53:26,526 - INFO - Epoch: 3 | Train Loss: 0.6623519867658615 | CE Loss: 0.7495310753583908 | Distill Loss: 0.5124457746744155
2024-12-27 14:53:26,569 - INFO - Cosine Similarity: -0.0009353114292025566, Variance: 13.001241683959961
2024-12-27 14:53:26,569 - INFO - Distillation Epoch: 4
2024-12-27 14:53:28,756 - INFO - Epoch: 4 | Train Loss: 0.662523266673088 | CE Loss: 0.7480249494314194 | Distill Loss: 0.5129182696342468
2024-12-27 14:53:28,786 - INFO - Cosine Similarity: -0.047143709287047385, Variance: 17.415029525756836
2024-12-27 14:53:28,786 - INFO - Distillation Epoch: 5
2024-12-27 14:53:30,976 - INFO - Epoch: 5 | Train Loss: 0.6602417141199112 | CE Loss: 0.7371114492416382 | Distill Loss: 0.5128194183111191
2024-12-27 14:53:31,013 - INFO - Cosine Similarity: -0.016583875846117736, Variance: 21.797386169433594
2024-12-27 14:53:31,013 - INFO - Distillation Epoch: 6
2024-12-27 14:53:33,198 - INFO - Epoch: 6 | Train Loss: 0.6598767250776291 | CE Loss: 0.7295623540878295 | Distill Loss: 0.5139642477035522
2024-12-27 14:53:33,220 - INFO - Cosine Similarity: -0.0219369288533926, Variance: 26.21230697631836
2024-12-27 14:53:33,220 - INFO - Distillation Epoch: 7
2024-12-27 14:53:35,418 - INFO - Epoch: 7 | Train Loss: 0.6610139071941376 | CE Loss: 0.728107500076294 | Distill Loss: 0.515392404794693
2024-12-27 14:53:35,451 - INFO - Cosine Similarity: -0.021361603401601315, Variance: 30.623205184936523
2024-12-27 14:53:35,451 - INFO - Distillation Epoch: 8
2024-12-27 14:53:37,643 - INFO - Epoch: 8 | Train Loss: 0.6612836986780166 | CE Loss: 0.7296651899814606 | Distill Loss: 0.5153506547212601
2024-12-27 14:53:37,676 - INFO - Cosine Similarity: 0.019013600517064334, Variance: 35.02555465698242
2024-12-27 14:53:37,677 - INFO - Distillation Epoch: 9
2024-12-27 14:53:39,861 - INFO - Epoch: 9 | Train Loss: 0.6576813727617263 | CE Loss: 0.7164480805397033 | Distill Loss: 0.5143917471170425
2024-12-27 14:53:39,897 - INFO - Cosine Similarity: 0.013516481406986714, Variance: 39.445438385009766
2024-12-27 14:53:39,897 - INFO - Distillation Epoch: 10
2024-12-27 14:53:42,081 - INFO - Epoch: 10 | Train Loss: 0.658780825138092 | CE Loss: 0.7184103935956955 | Distill Loss: 0.5150987386703492
2024-12-27 14:53:42,110 - INFO - Cosine Similarity: -0.017908923607319594, Variance: 43.874778747558594
2024-12-27 14:54:28,701 - INFO - Distillation Epoch: 1
2024-12-27 14:54:30,876 - INFO - Epoch: 1 | Train Loss: 0.7474633932113648 | CE Loss: 1.0348245292901992 | Distill Loss: 0.5404984757304192
2024-12-27 14:54:30,914 - INFO - Cosine Similarity: -0.001049043983221054, Variance: 4.6446099281311035
2024-12-27 14:54:30,914 - INFO - Distillation Epoch: 2
2024-12-27 14:54:33,091 - INFO - Epoch: 2 | Train Loss: 0.7284150660037995 | CE Loss: 0.9886523753404617 | Distill Loss: 0.5306845784187317
2024-12-27 14:54:33,126 - INFO - Cosine Similarity: 0.0008721509948372841, Variance: 9.02849292755127
2024-12-27 14:54:33,126 - INFO - Distillation Epoch: 3
2024-12-27 14:54:35,303 - INFO - Epoch: 3 | Train Loss: 0.7242646813392639 | CE Loss: 0.9708339899778367 | Distill Loss: 0.5300978779792785
2024-12-27 14:54:35,344 - INFO - Cosine Similarity: 0.04662937670946121, Variance: 13.537333488464355
2024-12-27 14:54:35,344 - INFO - Distillation Epoch: 4
2024-12-27 14:54:37,520 - INFO - Epoch: 4 | Train Loss: 0.721640694141388 | CE Loss: 0.961707255244255 | Distill Loss: 0.5292992323637009
2024-12-27 14:54:37,554 - INFO - Cosine Similarity: 0.011414211615920067, Variance: 18.10873794555664
2024-12-27 14:54:37,554 - INFO - Distillation Epoch: 5
2024-12-27 14:54:39,741 - INFO - Epoch: 5 | Train Loss: 0.7214368015527726 | CE Loss: 0.9495433300733567 | Distill Loss: 0.5315281182527543
2024-12-27 14:54:39,776 - INFO - Cosine Similarity: -0.04478414282202721, Variance: 22.74550437927246
2024-12-27 14:54:39,776 - INFO - Distillation Epoch: 6
2024-12-27 14:54:41,954 - INFO - Epoch: 6 | Train Loss: 0.719348868727684 | CE Loss: 0.9406549245119095 | Distill Loss: 0.5312178790569305
2024-12-27 14:54:41,985 - INFO - Cosine Similarity: -0.029994715563952924, Variance: 27.29840087890625
2024-12-27 14:54:41,985 - INFO - Distillation Epoch: 7
2024-12-27 14:54:44,164 - INFO - Epoch: 7 | Train Loss: 0.7194783300161361 | CE Loss: 0.9357536971569062 | Distill Loss: 0.5323275864124298
2024-12-27 14:54:44,194 - INFO - Cosine Similarity: -0.042618912272155286, Variance: 31.911718368530273
2024-12-27 14:54:44,194 - INFO - Distillation Epoch: 8
2024-12-27 14:54:46,386 - INFO - Epoch: 8 | Train Loss: 0.7199936479330062 | CE Loss: 0.9340815842151642 | Distill Loss: 0.5331773310899734
2024-12-27 14:54:46,418 - INFO - Cosine Similarity: -0.02962268851697445, Variance: 36.49436950683594
2024-12-27 14:54:46,418 - INFO - Distillation Epoch: 9
2024-12-27 14:54:48,619 - INFO - Epoch: 9 | Train Loss: 0.7180406600236893 | CE Loss: 0.9220474839210511 | Distill Loss: 0.5336311608552933
2024-12-27 14:54:48,654 - INFO - Cosine Similarity: 0.011159403808414936, Variance: 41.04483413696289
2024-12-27 14:54:48,654 - INFO - Distillation Epoch: 10
2024-12-27 14:54:50,843 - INFO - Epoch: 10 | Train Loss: 0.7168905705213546 | CE Loss: 0.9165822297334671 | Distill Loss: 0.5335741192102432
2024-12-27 14:54:50,872 - INFO - Cosine Similarity: -0.02754407599568367, Variance: 45.650794982910156
2024-12-27 14:55:36,818 - INFO - Distillation Epoch: 1
2024-12-27 14:55:38,978 - INFO - Epoch: 1 | Train Loss: 0.7681298315525055 | CE Loss: 1.1035167187452317 | Distill Loss: 0.5474264845252037
2024-12-27 14:55:39,026 - INFO - Cosine Similarity: -0.07828522985801101, Variance: 4.671077728271484
2024-12-27 14:55:39,026 - INFO - Distillation Epoch: 2
2024-12-27 14:55:41,194 - INFO - Epoch: 2 | Train Loss: 0.7433520674705505 | CE Loss: 1.0140117406845093 | Distill Loss: 0.540549710392952
2024-12-27 14:55:41,219 - INFO - Cosine Similarity: 0.05303029604256153, Variance: 8.774896621704102
2024-12-27 14:55:41,219 - INFO - Distillation Epoch: 3
2024-12-27 14:55:43,388 - INFO - Epoch: 3 | Train Loss: 0.7382798314094543 | CE Loss: 0.994986280798912 | Distill Loss: 0.5392825692892075
2024-12-27 14:55:43,427 - INFO - Cosine Similarity: 0.017602413706481457, Variance: 13.17821216583252
2024-12-27 14:55:43,427 - INFO - Distillation Epoch: 4
2024-12-27 14:55:45,593 - INFO - Epoch: 4 | Train Loss: 0.7377923458814621 | CE Loss: 0.9826703310012818 | Distill Loss: 0.5412582755088806
2024-12-27 14:55:45,631 - INFO - Cosine Similarity: 0.00552322780713439, Variance: 17.63729476928711
2024-12-27 14:55:45,631 - INFO - Distillation Epoch: 5
2024-12-27 14:55:47,804 - INFO - Epoch: 5 | Train Loss: 0.7363614141941071 | CE Loss: 0.9782390683889389 | Distill Loss: 0.5407135963439942
2024-12-27 14:55:47,835 - INFO - Cosine Similarity: -0.04625089168548584, Variance: 22.09033203125
2024-12-27 14:55:47,835 - INFO - Distillation Epoch: 6
2024-12-27 14:55:50,012 - INFO - Epoch: 6 | Train Loss: 0.7340293616056442 | CE Loss: 0.9676934450864791 | Distill Loss: 0.5404906690120697
2024-12-27 14:55:50,045 - INFO - Cosine Similarity: -0.021101394295692445, Variance: 26.547924041748047
2024-12-27 14:55:50,045 - INFO - Distillation Epoch: 7
2024-12-27 14:55:52,219 - INFO - Epoch: 7 | Train Loss: 0.7342986583709716 | CE Loss: 0.965691864490509 | Distill Loss: 0.5411602824926376
2024-12-27 14:55:52,253 - INFO - Cosine Similarity: 0.02009005956351757, Variance: 31.008529663085938
2024-12-27 14:55:52,253 - INFO - Distillation Epoch: 8
2024-12-27 14:55:54,426 - INFO - Epoch: 8 | Train Loss: 0.73366479575634 | CE Loss: 0.9543976873159409 | Distill Loss: 0.5427852481603622
2024-12-27 14:55:54,460 - INFO - Cosine Similarity: 0.028028504736721516, Variance: 35.4809455871582
2024-12-27 14:55:54,460 - INFO - Distillation Epoch: 9
2024-12-27 14:55:56,634 - INFO - Epoch: 9 | Train Loss: 0.7322059452533722 | CE Loss: 0.9482955724000931 | Distill Loss: 0.5425468176603317
2024-12-27 14:55:56,669 - INFO - Cosine Similarity: 0.03157841023057699, Variance: 39.946022033691406
2024-12-27 14:55:56,669 - INFO - Distillation Epoch: 10
2024-12-27 14:55:58,839 - INFO - Epoch: 10 | Train Loss: 0.7323691189289093 | CE Loss: 0.9470512211322785 | Distill Loss: 0.5429588705301285
2024-12-27 14:55:58,870 - INFO - Cosine Similarity: -0.00386158749461174, Variance: 44.431034088134766
2024-12-27 14:56:46,968 - INFO - Distillation Epoch: 1
2024-12-27 14:56:49,043 - INFO - Epoch: 1 | Train Loss: 0.7224483847618103 | CE Loss: 1.0555509179830551 | Distill Loss: 0.5113381996750832
2024-12-27 14:56:49,077 - INFO - Cosine Similarity: -0.024714592844247818, Variance: 4.453558444976807
2024-12-27 14:56:49,077 - INFO - Distillation Epoch: 2
2024-12-27 14:56:51,168 - INFO - Epoch: 2 | Train Loss: 0.7079051017761231 | CE Loss: 0.9958577245473862 | Distill Loss: 0.5087335526943206
2024-12-27 14:56:51,203 - INFO - Cosine Similarity: 0.03772619441151619, Variance: 8.62194538116455
2024-12-27 14:56:51,203 - INFO - Distillation Epoch: 3
2024-12-27 14:56:53,349 - INFO - Epoch: 3 | Train Loss: 0.7047497868537903 | CE Loss: 0.9844039857387543 | Distill Loss: 0.5078689903020859
2024-12-27 14:56:53,385 - INFO - Cosine Similarity: -0.024252007808536293, Variance: 13.004046440124512
2024-12-27 14:56:53,385 - INFO - Distillation Epoch: 4
2024-12-27 14:56:55,496 - INFO - Epoch: 4 | Train Loss: 0.7025177240371704 | CE Loss: 0.9669415652751923 | Distill Loss: 0.5091294080018998
2024-12-27 14:56:55,527 - INFO - Cosine Similarity: -0.020285412296652795, Variance: 17.400379180908203
2024-12-27 14:56:55,527 - INFO - Distillation Epoch: 5
2024-12-27 14:56:57,612 - INFO - Epoch: 5 | Train Loss: 0.7022853046655655 | CE Loss: 0.961727249622345 | Distill Loss: 0.5099398493766785
2024-12-27 14:56:57,643 - INFO - Cosine Similarity: 0.0026268504559993746, Variance: 21.805294036865234
2024-12-27 14:56:57,643 - INFO - Distillation Epoch: 6
2024-12-27 14:56:59,795 - INFO - Epoch: 6 | Train Loss: 0.698864084482193 | CE Loss: 0.9451660722494125 | Distill Loss: 0.5098308533430099
2024-12-27 14:56:59,819 - INFO - Cosine Similarity: -0.024457654822617768, Variance: 26.229955673217773
2024-12-27 14:56:59,819 - INFO - Distillation Epoch: 7
2024-12-27 14:57:02,046 - INFO - Epoch: 7 | Train Loss: 0.69765644967556 | CE Loss: 0.9373165518045425 | Distill Loss: 0.5101931259036064
2024-12-27 14:57:02,087 - INFO - Cosine Similarity: 0.026556407008320092, Variance: 30.61664390563965
2024-12-27 14:57:02,088 - INFO - Distillation Epoch: 8
2024-12-27 14:57:04,291 - INFO - Epoch: 8 | Train Loss: 0.6962533742189407 | CE Loss: 0.9252279758453369 | Distill Loss: 0.5112077742815018
2024-12-27 14:57:04,328 - INFO - Cosine Similarity: -0.022077341563999653, Variance: 35.06542205810547
2024-12-27 14:57:04,328 - INFO - Distillation Epoch: 9
2024-12-27 14:57:06,545 - INFO - Epoch: 9 | Train Loss: 0.697056558728218 | CE Loss: 0.9257503896951675 | Distill Loss: 0.5119064778089524
2024-12-27 14:57:06,579 - INFO - Cosine Similarity: -0.002524610795080662, Variance: 39.48222732543945
2024-12-27 14:57:06,579 - INFO - Distillation Epoch: 10
2024-12-27 14:57:08,786 - INFO - Epoch: 10 | Train Loss: 0.6948601365089416 | CE Loss: 0.9154401123523712 | Distill Loss: 0.5117721050977707
2024-12-27 14:57:08,837 - INFO - Cosine Similarity: 0.007462568208575248, Variance: 43.89786148071289
2024-12-27 14:57:56,741 - INFO - Distillation Epoch: 1
2024-12-27 14:57:58,906 - INFO - Epoch: 1 | Train Loss: 0.7003060847520828 | CE Loss: 0.7959307610988617 | Distill Loss: 0.5411199346184731
2024-12-27 14:57:58,934 - INFO - Cosine Similarity: -0.016663205996155738, Variance: 4.775280475616455
2024-12-27 14:57:58,934 - INFO - Distillation Epoch: 2
2024-12-27 14:58:01,114 - INFO - Epoch: 2 | Train Loss: 0.6811980217695236 | CE Loss: 0.7485491186380386 | Distill Loss: 0.5314881861209869
2024-12-27 14:58:01,136 - INFO - Cosine Similarity: 0.06625312715768814, Variance: 9.171175956726074
2024-12-27 14:58:01,136 - INFO - Distillation Epoch: 3
2024-12-27 14:58:03,337 - INFO - Epoch: 3 | Train Loss: 0.6776518821716309 | CE Loss: 0.7334026157855987 | Distill Loss: 0.5309713512659073
2024-12-27 14:58:03,375 - INFO - Cosine Similarity: -0.021346972696483134, Variance: 13.770052909851074
2024-12-27 14:58:03,376 - INFO - Distillation Epoch: 4
2024-12-27 14:58:05,543 - INFO - Epoch: 4 | Train Loss: 0.6776149094104766 | CE Loss: 0.7336020141839981 | Distill Loss: 0.5308944970369339
2024-12-27 14:58:05,576 - INFO - Cosine Similarity: 0.01426932644098997, Variance: 18.383832931518555
2024-12-27 14:58:05,576 - INFO - Distillation Epoch: 5
2024-12-27 14:58:07,747 - INFO - Epoch: 5 | Train Loss: 0.6736299633979798 | CE Loss: 0.7128014713525772 | Distill Loss: 0.5310696542263031
2024-12-27 14:58:07,780 - INFO - Cosine Similarity: 0.0015694385394454003, Variance: 23.019306182861328
2024-12-27 14:58:07,780 - INFO - Distillation Epoch: 6
2024-12-27 14:58:09,954 - INFO - Epoch: 6 | Train Loss: 0.674714270234108 | CE Loss: 0.7178378075361251 | Distill Loss: 0.5311467051506042
2024-12-27 14:58:09,986 - INFO - Cosine Similarity: 0.023770225793123247, Variance: 27.651174545288086
2024-12-27 14:58:09,986 - INFO - Distillation Epoch: 7
2024-12-27 14:58:12,161 - INFO - Epoch: 7 | Train Loss: 0.6742776185274124 | CE Loss: 0.7136992394924164 | Distill Loss: 0.5315377682447433
2024-12-27 14:58:12,199 - INFO - Cosine Similarity: -0.005847488716244698, Variance: 32.3064079284668
2024-12-27 14:58:12,199 - INFO - Distillation Epoch: 8
2024-12-27 14:58:14,373 - INFO - Epoch: 8 | Train Loss: 0.6754505634307861 | CE Loss: 0.7138567268848419 | Distill Loss: 0.5326792120933532
2024-12-27 14:58:14,404 - INFO - Cosine Similarity: 0.05259059984236956, Variance: 36.942691802978516
2024-12-27 14:58:14,404 - INFO - Distillation Epoch: 9
2024-12-27 14:58:16,579 - INFO - Epoch: 9 | Train Loss: 0.6761130452156067 | CE Loss: 0.7194615870714187 | Distill Loss: 0.5322207182645797
2024-12-27 14:58:16,610 - INFO - Cosine Similarity: 0.04359643924981356, Variance: 41.58845901489258
2024-12-27 14:58:16,610 - INFO - Distillation Epoch: 10
2024-12-27 14:58:18,787 - INFO - Epoch: 10 | Train Loss: 0.6730377018451691 | CE Loss: 0.702930998802185 | Distill Loss: 0.5324514955282211
2024-12-27 14:58:18,821 - INFO - Cosine Similarity: 0.004783122427761554, Variance: 46.24545669555664
2024-12-27 14:59:05,181 - INFO - Distillation Epoch: 1
2024-12-27 14:59:07,355 - INFO - Epoch: 1 | Train Loss: 0.6834782302379608 | CE Loss: 0.8155127704143524 | Distill Loss: 0.5203756734728813
2024-12-27 14:59:07,392 - INFO - Cosine Similarity: -0.020088016986846924, Variance: 4.682833194732666
2024-12-27 14:59:07,392 - INFO - Distillation Epoch: 2
2024-12-27 14:59:09,569 - INFO - Epoch: 2 | Train Loss: 0.6664843738079071 | CE Loss: 0.7646276146173477 | Distill Loss: 0.5135588437318802
2024-12-27 14:59:09,603 - INFO - Cosine Similarity: 0.036138509213924405, Variance: 8.90570068359375
2024-12-27 14:59:09,603 - INFO - Distillation Epoch: 3
2024-12-27 14:59:11,792 - INFO - Epoch: 3 | Train Loss: 0.66236572265625 | CE Loss: 0.7508691221475601 | Distill Loss: 0.5121919006109238
2024-12-27 14:59:11,826 - INFO - Cosine Similarity: 0.002487000823020935, Variance: 13.351534843444824
2024-12-27 14:59:11,826 - INFO - Distillation Epoch: 4
2024-12-27 14:59:13,996 - INFO - Epoch: 4 | Train Loss: 0.6594736784696579 | CE Loss: 0.738296177983284 | Distill Loss: 0.5118144422769546
2024-12-27 14:59:14,036 - INFO - Cosine Similarity: 0.020469240751117466, Variance: 17.812381744384766
2024-12-27 14:59:14,036 - INFO - Distillation Epoch: 5
2024-12-27 14:59:16,212 - INFO - Epoch: 5 | Train Loss: 0.6598623424768448 | CE Loss: 0.738571771979332 | Distill Loss: 0.5121479809284211
2024-12-27 14:59:16,249 - INFO - Cosine Similarity: 0.008785386756062507, Variance: 22.306642532348633
2024-12-27 14:59:16,249 - INFO - Distillation Epoch: 6
2024-12-27 14:59:18,417 - INFO - Epoch: 6 | Train Loss: 0.6564189255237579 | CE Loss: 0.7201965808868408 | Distill Loss: 0.512379601597786
2024-12-27 14:59:18,456 - INFO - Cosine Similarity: 0.006317484751343727, Variance: 26.80517578125
2024-12-27 14:59:18,456 - INFO - Distillation Epoch: 7
2024-12-27 14:59:20,639 - INFO - Epoch: 7 | Train Loss: 0.6572510570287704 | CE Loss: 0.718641921877861 | Distill Loss: 0.5135226726531983
2024-12-27 14:59:20,678 - INFO - Cosine Similarity: -0.004258285276591778, Variance: 31.312463760375977
2024-12-27 14:59:20,678 - INFO - Distillation Epoch: 8
2024-12-27 14:59:22,868 - INFO - Epoch: 8 | Train Loss: 0.6564462780952454 | CE Loss: 0.7163580894470215 | Distill Loss: 0.5131746500730514
2024-12-27 14:59:22,904 - INFO - Cosine Similarity: 0.026142850704491138, Variance: 35.806007385253906
2024-12-27 14:59:22,904 - INFO - Distillation Epoch: 9
2024-12-27 14:59:25,086 - INFO - Epoch: 9 | Train Loss: 0.6555265963077546 | CE Loss: 0.7052575349807739 | Distill Loss: 0.5144750744104385
2024-12-27 14:59:25,125 - INFO - Cosine Similarity: -0.02958909384906292, Variance: 40.3397102355957
2024-12-27 14:59:25,125 - INFO - Distillation Epoch: 10
2024-12-27 14:59:27,269 - INFO - Epoch: 10 | Train Loss: 0.6561360627412796 | CE Loss: 0.7060539543628692 | Distill Loss: 0.5149252593517304
2024-12-27 14:59:27,309 - INFO - Cosine Similarity: -0.019409686140716077, Variance: 44.84974670410156
2024-12-27 15:37:29,713 - INFO - Distillation Epoch: 1
2024-12-27 15:37:31,790 - INFO - Epoch: 1 | Train Loss: 0.7963748186826706 | CE Loss: 1.6255555629730225 | Distill Loss: 0.47126370668411255
2024-12-27 15:37:31,823 - INFO - Cosine Similarity: 0.02048529926687479, Variance: 3.911076307296753
2024-12-27 15:37:31,823 - INFO - Distillation Epoch: 2
2024-12-27 15:37:33,880 - INFO - Epoch: 2 | Train Loss: 0.7732178062200546 | CE Loss: 1.4857572078704835 | Distill Loss: 0.4760663613677025
2024-12-27 15:37:33,911 - INFO - Cosine Similarity: -0.0022112535312771796, Variance: 7.275485038757324
2024-12-27 15:37:33,911 - INFO - Distillation Epoch: 3
2024-12-27 15:37:35,979 - INFO - Epoch: 3 | Train Loss: 0.766965064406395 | CE Loss: 1.4369219303131104 | Distill Loss: 0.4795806735754013
2024-12-27 15:37:36,012 - INFO - Cosine Similarity: 0.06250306954607368, Variance: 10.80490779876709
2024-12-27 15:37:36,012 - INFO - Distillation Epoch: 4
2024-12-27 15:37:38,078 - INFO - Epoch: 4 | Train Loss: 0.7631055116653442 | CE Loss: 1.4118627965450288 | Distill Loss: 0.4807329460978508
2024-12-27 15:37:38,110 - INFO - Cosine Similarity: -0.012467743270099163, Variance: 14.42088794708252
2024-12-27 15:37:38,110 - INFO - Distillation Epoch: 5
2024-12-27 15:37:40,176 - INFO - Epoch: 5 | Train Loss: 0.7596689522266388 | CE Loss: 1.3889216125011443 | Distill Loss: 0.4818846255540848
2024-12-27 15:37:40,210 - INFO - Cosine Similarity: 0.0018735489808022975, Variance: 18.0299072265625
2024-12-27 15:37:40,210 - INFO - Distillation Epoch: 6
2024-12-27 15:37:42,277 - INFO - Epoch: 6 | Train Loss: 0.759016153216362 | CE Loss: 1.3820620119571685 | Distill Loss: 0.48260375261306765
2024-12-27 15:37:42,317 - INFO - Cosine Similarity: -0.044495700299739836, Variance: 21.669605255126953
2024-12-27 15:37:42,318 - INFO - Distillation Epoch: 7
2024-12-27 15:37:44,379 - INFO - Epoch: 7 | Train Loss: 0.7564709484577179 | CE Loss: 1.362540751695633 | Distill Loss: 0.48396279364824296
2024-12-27 15:37:44,417 - INFO - Cosine Similarity: -0.03669718264136464, Variance: 25.305011749267578
2024-12-27 15:37:44,417 - INFO - Distillation Epoch: 8
2024-12-27 15:37:46,481 - INFO - Epoch: 8 | Train Loss: 0.7547076761722564 | CE Loss: 1.351476389169693 | Distill Loss: 0.4844123959541321
2024-12-27 15:37:46,523 - INFO - Cosine Similarity: 0.04860279075801373, Variance: 28.924514770507812
2024-12-27 15:37:46,523 - INFO - Distillation Epoch: 9
2024-12-27 15:37:48,591 - INFO - Epoch: 9 | Train Loss: 0.7532349050045013 | CE Loss: 1.3363703966140748 | Distill Loss: 0.4859608143568039
2024-12-27 15:37:48,629 - INFO - Cosine Similarity: -0.02655214900150895, Variance: 32.57791519165039
2024-12-27 15:37:48,629 - INFO - Distillation Epoch: 10
2024-12-27 15:37:50,697 - INFO - Epoch: 10 | Train Loss: 0.7524225592613221 | CE Loss: 1.3279740035533905 | Distill Loss: 0.4868277460336685
2024-12-27 15:37:50,729 - INFO - Cosine Similarity: 0.0035764860920608045, Variance: 36.21640396118164
2024-12-27 15:39:08,311 - INFO - Distillation Epoch: 1
2024-12-27 15:39:10,395 - INFO - Epoch: 1 | Train Loss: 0.6785677939653396 | CE Loss: 1.1334917366504669 | Distill Loss: 0.4518694385886192
2024-12-27 15:39:10,434 - INFO - Cosine Similarity: 0.019308457896113396, Variance: 3.307553768157959
2024-12-27 15:39:10,434 - INFO - Distillation Epoch: 2
2024-12-27 15:39:12,519 - INFO - Epoch: 2 | Train Loss: 0.6624980956315994 | CE Loss: 1.0649409592151642 | Distill Loss: 0.44950990229845045
2024-12-27 15:39:12,552 - INFO - Cosine Similarity: 0.024296412616968154, Variance: 6.4779558181762695
2024-12-27 15:39:12,552 - INFO - Distillation Epoch: 3
2024-12-27 15:39:14,613 - INFO - Epoch: 3 | Train Loss: 0.6571506381034851 | CE Loss: 1.0318705886602402 | Distill Loss: 0.45077651739120483
2024-12-27 15:39:14,660 - INFO - Cosine Similarity: -0.041156755201518534, Variance: 9.802794456481934
2024-12-27 15:39:14,660 - INFO - Distillation Epoch: 4
2024-12-27 15:39:16,713 - INFO - Epoch: 4 | Train Loss: 0.6550401210784912 | CE Loss: 1.0189480304718017 | Distill Loss: 0.45125051140785216
2024-12-27 15:39:16,754 - INFO - Cosine Similarity: 0.01397150605916977, Variance: 13.123086929321289
2024-12-27 15:39:16,754 - INFO - Distillation Epoch: 5
2024-12-27 15:39:18,823 - INFO - Epoch: 5 | Train Loss: 0.6524508774280549 | CE Loss: 1.0044429063796998 | Distill Loss: 0.45156229138374326
2024-12-27 15:39:18,858 - INFO - Cosine Similarity: 0.0670458983629942, Variance: 16.44610595703125
2024-12-27 15:39:18,858 - INFO - Distillation Epoch: 6
2024-12-27 15:39:20,932 - INFO - Epoch: 6 | Train Loss: 0.6531240999698639 | CE Loss: 0.9996358186006546 | Distill Loss: 0.4531969279050827
2024-12-27 15:39:20,974 - INFO - Cosine Similarity: 0.00917937308549881, Variance: 19.822378158569336
2024-12-27 15:39:20,974 - INFO - Distillation Epoch: 7
2024-12-27 15:39:23,030 - INFO - Epoch: 7 | Train Loss: 0.653648841381073 | CE Loss: 0.9974506437778473 | Distill Loss: 0.45415870994329455
2024-12-27 15:39:23,082 - INFO - Cosine Similarity: 0.009566151723265647, Variance: 23.181575775146484
2024-12-27 15:39:23,082 - INFO - Distillation Epoch: 8
2024-12-27 15:39:25,139 - INFO - Epoch: 8 | Train Loss: 0.6507364094257355 | CE Loss: 0.98493692278862 | Distill Loss: 0.4537490174174309
2024-12-27 15:39:25,188 - INFO - Cosine Similarity: -0.03027131110429764, Variance: 26.550500869750977
2024-12-27 15:39:25,188 - INFO - Distillation Epoch: 9
2024-12-27 15:39:27,246 - INFO - Epoch: 9 | Train Loss: 0.6510278552770614 | CE Loss: 0.9834908813238143 | Distill Loss: 0.45432967096567156
2024-12-27 15:39:27,278 - INFO - Cosine Similarity: -0.014120674505829812, Variance: 29.9053955078125
2024-12-27 15:39:27,278 - INFO - Distillation Epoch: 10
2024-12-27 15:39:29,356 - INFO - Epoch: 10 | Train Loss: 0.6494289994239807 | CE Loss: 0.9712951064109803 | Distill Loss: 0.45516998022794725
2024-12-27 15:39:29,390 - INFO - Cosine Similarity: -0.04695501085370779, Variance: 33.27705001831055
2024-12-27 15:40:48,188 - INFO - Distillation Epoch: 1
2024-12-27 15:40:50,271 - INFO - Epoch: 1 | Train Loss: 0.8171379148960114 | CE Loss: 1.6588167667388916 | Distill Loss: 0.48537455052137374
2024-12-27 15:40:50,307 - INFO - Cosine Similarity: 0.032026422768831254, Variance: 3.8056347370147705
2024-12-27 15:40:50,307 - INFO - Distillation Epoch: 2
2024-12-27 15:40:52,379 - INFO - Epoch: 2 | Train Loss: 0.7892621725797653 | CE Loss: 1.5248211562633514 | Distill Loss: 0.484297938644886
2024-12-27 15:40:52,413 - INFO - Cosine Similarity: -0.02180487560108304, Variance: 7.0711846351623535
2024-12-27 15:40:52,413 - INFO - Distillation Epoch: 3
2024-12-27 15:40:54,497 - INFO - Epoch: 3 | Train Loss: 0.7828263074159623 | CE Loss: 1.465799468755722 | Distill Loss: 0.48966641426086427
2024-12-27 15:40:54,531 - INFO - Cosine Similarity: 0.0032480732537806035, Variance: 10.47292423248291
2024-12-27 15:40:54,531 - INFO - Distillation Epoch: 4
2024-12-27 15:40:56,597 - INFO - Epoch: 4 | Train Loss: 0.7780905872583389 | CE Loss: 1.4312408983707428 | Distill Loss: 0.4918424054980278
2024-12-27 15:40:56,630 - INFO - Cosine Similarity: -0.005215302854776382, Variance: 13.938196182250977
2024-12-27 15:40:56,638 - INFO - Distillation Epoch: 5
2024-12-27 15:40:58,707 - INFO - Epoch: 5 | Train Loss: 0.7752233982086182 | CE Loss: 1.4088137865066528 | Distill Loss: 0.4934606343507767
2024-12-27 15:40:58,741 - INFO - Cosine Similarity: -0.006076285988092423, Variance: 17.42083740234375
2024-12-27 15:40:58,741 - INFO - Distillation Epoch: 6
2024-12-27 15:41:00,815 - INFO - Epoch: 6 | Train Loss: 0.7725850075483323 | CE Loss: 1.3877607822418212 | Distill Loss: 0.4950328469276428
2024-12-27 15:41:00,847 - INFO - Cosine Similarity: -0.015699638426303862, Variance: 20.91286849975586
2024-12-27 15:41:00,847 - INFO - Distillation Epoch: 7
2024-12-27 15:41:02,915 - INFO - Epoch: 7 | Train Loss: 0.7711455434560776 | CE Loss: 1.373520165681839 | Distill Loss: 0.4964415043592453
2024-12-27 15:41:02,947 - INFO - Cosine Similarity: -0.029630623012781142, Variance: 24.405113220214844
2024-12-27 15:41:02,947 - INFO - Distillation Epoch: 8
2024-12-27 15:41:05,030 - INFO - Epoch: 8 | Train Loss: 0.7675778210163117 | CE Loss: 1.3554598987102509 | Distill Loss: 0.4964858442544937
2024-12-27 15:41:05,063 - INFO - Cosine Similarity: 0.0075862336903810505, Variance: 27.884716033935547
2024-12-27 15:41:05,063 - INFO - Distillation Epoch: 9
2024-12-27 15:41:07,138 - INFO - Epoch: 9 | Train Loss: 0.766787412762642 | CE Loss: 1.3349678277969361 | Distill Loss: 0.4997938483953476
2024-12-27 15:41:07,163 - INFO - Cosine Similarity: -0.007258176244795323, Variance: 31.39027976989746
2024-12-27 15:41:07,163 - INFO - Distillation Epoch: 10
2024-12-27 15:41:09,247 - INFO - Epoch: 10 | Train Loss: 0.7639908909797668 | CE Loss: 1.3244744479656219 | Distill Loss: 0.4990959957242012
2024-12-27 15:41:09,272 - INFO - Cosine Similarity: 0.000812479667365551, Variance: 34.88109588623047
2024-12-27 15:42:27,774 - INFO - Distillation Epoch: 1
2024-12-27 15:42:29,857 - INFO - Epoch: 1 | Train Loss: 0.7182643622159958 | CE Loss: 1.1792496263980865 | Distill Loss: 0.4824144273996353
2024-12-27 15:42:29,898 - INFO - Cosine Similarity: -0.0221572145819664, Variance: 4.164773464202881
2024-12-27 15:42:29,898 - INFO - Distillation Epoch: 2
2024-12-27 15:42:31,965 - INFO - Epoch: 2 | Train Loss: 0.6998027592897416 | CE Loss: 1.1037961959838867 | Distill Loss: 0.4790435165166855
2024-12-27 15:42:32,002 - INFO - Cosine Similarity: 0.012269267812371254, Variance: 7.601216793060303
2024-12-27 15:42:32,002 - INFO - Distillation Epoch: 3
2024-12-27 15:42:34,064 - INFO - Epoch: 3 | Train Loss: 0.6951926976442337 | CE Loss: 1.0793064951896667 | Distill Loss: 0.47933139055967333
2024-12-27 15:42:34,099 - INFO - Cosine Similarity: -0.055939791910350325, Variance: 11.312406539916992
2024-12-27 15:42:34,099 - INFO - Distillation Epoch: 4
2024-12-27 15:42:36,164 - INFO - Epoch: 4 | Train Loss: 0.6932770252227783 | CE Loss: 1.06351997256279 | Distill Loss: 0.4805730268359184
2024-12-27 15:42:36,197 - INFO - Cosine Similarity: 0.006804494094103575, Variance: 15.033811569213867
2024-12-27 15:42:36,197 - INFO - Distillation Epoch: 5
2024-12-27 15:42:38,272 - INFO - Epoch: 5 | Train Loss: 0.6916737347841263 | CE Loss: 1.0473900943994523 | Distill Loss: 0.48219570964574815
2024-12-27 15:42:38,312 - INFO - Cosine Similarity: -0.057082572020590305, Variance: 18.838298797607422
2024-12-27 15:42:38,312 - INFO - Distillation Epoch: 6
2024-12-27 15:42:40,380 - INFO - Epoch: 6 | Train Loss: 0.6901511311531067 | CE Loss: 1.0368119418621062 | Distill Loss: 0.48278873711824416
2024-12-27 15:42:40,429 - INFO - Cosine Similarity: 0.06772808339446783, Variance: 22.579275131225586
2024-12-27 15:42:40,429 - INFO - Distillation Epoch: 7
2024-12-27 15:42:42,499 - INFO - Epoch: 7 | Train Loss: 0.6892786949872971 | CE Loss: 1.0282692193984986 | Distill Loss: 0.48362485468387606
2024-12-27 15:42:42,554 - INFO - Cosine Similarity: -0.013580990582704544, Variance: 26.3933048248291
2024-12-27 15:42:42,554 - INFO - Distillation Epoch: 8
2024-12-27 15:42:44,629 - INFO - Epoch: 8 | Train Loss: 0.6883246421813964 | CE Loss: 1.0242426872253418 | Distill Loss: 0.4834761038422585
2024-12-27 15:42:44,661 - INFO - Cosine Similarity: -0.08092101290822029, Variance: 30.22702407836914
2024-12-27 15:42:44,661 - INFO - Distillation Epoch: 9
2024-12-27 15:42:46,748 - INFO - Epoch: 9 | Train Loss: 0.6875365912914276 | CE Loss: 1.0164677113294602 | Distill Loss: 0.4842430457472801
2024-12-27 15:42:46,782 - INFO - Cosine Similarity: 0.10205819737166166, Variance: 33.9542350769043
2024-12-27 15:42:46,782 - INFO - Distillation Epoch: 10
2024-12-27 15:42:48,857 - INFO - Epoch: 10 | Train Loss: 0.686682614684105 | CE Loss: 1.0089156180620193 | Distill Loss: 0.4848994851112366
2024-12-27 15:42:48,882 - INFO - Cosine Similarity: -0.005120747163891793, Variance: 37.79157257080078
2024-12-27 15:44:07,912 - INFO - Distillation Epoch: 1
2024-12-27 15:44:10,092 - INFO - Epoch: 1 | Train Loss: 0.6952280968427658 | CE Loss: 0.9864714473485947 | Distill Loss: 0.49793380945920945
2024-12-27 15:44:10,118 - INFO - Cosine Similarity: -0.12897662296891213, Variance: 4.661254405975342
2024-12-27 15:44:10,118 - INFO - Distillation Epoch: 2
2024-12-27 15:44:12,320 - INFO - Epoch: 2 | Train Loss: 0.6768826156854629 | CE Loss: 0.9340297788381576 | Distill Loss: 0.4900766536593437
2024-12-27 15:44:12,352 - INFO - Cosine Similarity: -0.006655064597725868, Variance: 8.477296829223633
2024-12-27 15:44:12,352 - INFO - Distillation Epoch: 3
2024-12-27 15:44:14,562 - INFO - Epoch: 3 | Train Loss: 0.6737781465053558 | CE Loss: 0.9089676111936569 | Distill Loss: 0.49198461323976517
2024-12-27 15:44:14,593 - INFO - Cosine Similarity: 0.0824617587029934, Variance: 12.522454261779785
2024-12-27 15:44:14,593 - INFO - Distillation Epoch: 4
2024-12-27 15:44:16,774 - INFO - Epoch: 4 | Train Loss: 0.6703217893838882 | CE Loss: 0.8911445677280426 | Distill Loss: 0.49209286868572233
2024-12-27 15:44:16,812 - INFO - Cosine Similarity: -0.04769315645098686, Variance: 16.730955123901367
2024-12-27 15:44:16,812 - INFO - Distillation Epoch: 5
2024-12-27 15:44:18,898 - INFO - Epoch: 5 | Train Loss: 0.6695567727088928 | CE Loss: 0.8800174713134765 | Distill Loss: 0.49355327486991885
2024-12-27 15:44:18,943 - INFO - Cosine Similarity: 0.056133005768060684, Variance: 20.879905700683594
2024-12-27 15:44:18,943 - INFO - Distillation Epoch: 6
2024-12-27 15:44:20,999 - INFO - Epoch: 6 | Train Loss: 0.6683932930231095 | CE Loss: 0.8728678345680236 | Distill Loss: 0.4938197210431099
2024-12-27 15:44:21,034 - INFO - Cosine Similarity: 0.041115108877420425, Variance: 25.070741653442383
2024-12-27 15:44:21,034 - INFO - Distillation Epoch: 7
2024-12-27 15:44:23,106 - INFO - Epoch: 7 | Train Loss: 0.6680788189172745 | CE Loss: 0.8751510441303253 | Distill Loss: 0.4930486023426056
2024-12-27 15:44:23,137 - INFO - Cosine Similarity: -0.028164734318852424, Variance: 29.318735122680664
2024-12-27 15:44:23,137 - INFO - Distillation Epoch: 8
2024-12-27 15:44:25,209 - INFO - Epoch: 8 | Train Loss: 0.6674237608909607 | CE Loss: 0.8662726193666458 | Distill Loss: 0.4941692307591438
2024-12-27 15:44:25,239 - INFO - Cosine Similarity: -0.08540367381647229, Variance: 33.557090759277344
2024-12-27 15:44:25,239 - INFO - Distillation Epoch: 9
2024-12-27 15:44:27,308 - INFO - Epoch: 9 | Train Loss: 0.6664869844913482 | CE Loss: 0.8607445389032364 | Distill Loss: 0.49433807879686353
2024-12-27 15:44:27,345 - INFO - Cosine Similarity: 0.04556325264275074, Variance: 37.718223571777344
2024-12-27 15:44:27,345 - INFO - Distillation Epoch: 10
2024-12-27 15:44:29,414 - INFO - Epoch: 10 | Train Loss: 0.6654296725988388 | CE Loss: 0.8531029701232911 | Distill Loss: 0.49480907469987867
2024-12-27 15:44:29,447 - INFO - Cosine Similarity: 0.016705779172480107, Variance: 41.9423942565918
2024-12-27 15:45:48,123 - INFO - Distillation Epoch: 1
2024-12-27 15:45:50,199 - INFO - Epoch: 1 | Train Loss: 0.7105574280023574 | CE Loss: 0.9402275264263154 | Distill Loss: 0.5225119099020958
2024-12-27 15:45:50,232 - INFO - Cosine Similarity: 0.0045966899022459986, Variance: 4.245926856994629
2024-12-27 15:45:50,232 - INFO - Distillation Epoch: 2
2024-12-27 15:45:52,292 - INFO - Epoch: 2 | Train Loss: 0.6859877467155456 | CE Loss: 0.8541671007871627 | Distill Loss: 0.5151543200016022
2024-12-27 15:45:52,326 - INFO - Cosine Similarity: -0.046992553025484086, Variance: 8.117521286010742
2024-12-27 15:45:52,326 - INFO - Distillation Epoch: 3
2024-12-27 15:45:54,389 - INFO - Epoch: 3 | Train Loss: 0.6822191566228867 | CE Loss: 0.8383792191743851 | Distill Loss: 0.514543303847313
2024-12-27 15:45:54,421 - INFO - Cosine Similarity: -0.06017801631242037, Variance: 12.155619621276855
2024-12-27 15:45:54,421 - INFO - Distillation Epoch: 4
2024-12-27 15:45:56,473 - INFO - Epoch: 4 | Train Loss: 0.680514445900917 | CE Loss: 0.8291200548410416 | Distill Loss: 0.5146904349327087
2024-12-27 15:45:56,512 - INFO - Cosine Similarity: -0.010417926497757435, Variance: 16.232746124267578
2024-12-27 15:45:56,512 - INFO - Distillation Epoch: 5
2024-12-27 15:45:58,566 - INFO - Epoch: 5 | Train Loss: 0.6799602240324021 | CE Loss: 0.8306894481182099 | Distill Loss: 0.5138223260641098
2024-12-27 15:45:58,600 - INFO - Cosine Similarity: -0.04454911947250366, Variance: 20.341690063476562
2024-12-27 15:45:58,600 - INFO - Distillation Epoch: 6
2024-12-27 15:46:00,665 - INFO - Epoch: 6 | Train Loss: 0.6797777503728867 | CE Loss: 0.825461259484291 | Distill Loss: 0.5146854877471924
2024-12-27 15:46:00,691 - INFO - Cosine Similarity: 0.014191815536469221, Variance: 24.434476852416992
2024-12-27 15:46:00,691 - INFO - Distillation Epoch: 7
2024-12-27 15:46:02,761 - INFO - Epoch: 7 | Train Loss: 0.6808112919330597 | CE Loss: 0.826745793223381 | Distill Loss: 0.515462127327919
2024-12-27 15:46:02,792 - INFO - Cosine Similarity: -0.0034923551604151724, Variance: 28.563297271728516
2024-12-27 15:46:02,792 - INFO - Distillation Epoch: 8
2024-12-27 15:46:04,864 - INFO - Epoch: 8 | Train Loss: 0.6797275245189667 | CE Loss: 0.8165054321289062 | Distill Loss: 0.516426432132721
2024-12-27 15:46:04,900 - INFO - Cosine Similarity: -0.0022632657550275327, Variance: 32.682945251464844
2024-12-27 15:46:04,900 - INFO - Distillation Epoch: 9
2024-12-27 15:46:06,958 - INFO - Epoch: 9 | Train Loss: 0.680345094203949 | CE Loss: 0.8238606482744217 | Distill Loss: 0.5155729681253434
2024-12-27 15:46:06,990 - INFO - Cosine Similarity: 0.03703753091394901, Variance: 36.79472732543945
2024-12-27 15:46:06,990 - INFO - Distillation Epoch: 10
2024-12-27 15:46:09,048 - INFO - Epoch: 10 | Train Loss: 0.6784837961196899 | CE Loss: 0.8090359568595886 | Distill Loss: 0.5166766017675399
2024-12-27 15:46:09,085 - INFO - Cosine Similarity: 0.010888671875, Variance: 40.91317367553711
2024-12-27 15:47:27,330 - INFO - Distillation Epoch: 1
2024-12-27 15:47:29,397 - INFO - Epoch: 1 | Train Loss: 0.7388368546962738 | CE Loss: 1.2355995893478393 | Distill Loss: 0.4917169287800789
2024-12-27 15:47:29,434 - INFO - Cosine Similarity: -0.070501574780792, Variance: 4.375250339508057
2024-12-27 15:47:29,435 - INFO - Distillation Epoch: 2
2024-12-27 15:47:31,515 - INFO - Epoch: 2 | Train Loss: 0.7224785536527634 | CE Loss: 1.1730777442455291 | Distill Loss: 0.48786300867795945
2024-12-27 15:47:31,549 - INFO - Cosine Similarity: 0.02272154614329338, Variance: 8.200408935546875
2024-12-27 15:47:31,549 - INFO - Distillation Epoch: 3
2024-12-27 15:47:33,611 - INFO - Epoch: 3 | Train Loss: 0.7186379045248031 | CE Loss: 1.1425972044467927 | Distill Loss: 0.49011845886707306
2024-12-27 15:47:33,643 - INFO - Cosine Similarity: -0.03471423164010048, Variance: 12.28056812286377
2024-12-27 15:47:33,643 - INFO - Distillation Epoch: 4
2024-12-27 15:47:35,712 - INFO - Epoch: 4 | Train Loss: 0.7156275153160095 | CE Loss: 1.1224197924137116 | Distill Loss: 0.4911435529589653
2024-12-27 15:47:35,749 - INFO - Cosine Similarity: -0.025232410151511432, Variance: 16.376937866210938
2024-12-27 15:47:35,749 - INFO - Distillation Epoch: 5
2024-12-27 15:47:37,823 - INFO - Epoch: 5 | Train Loss: 0.7120451658964158 | CE Loss: 1.1073716640472413 | Distill Loss: 0.49057082980871203
2024-12-27 15:47:37,859 - INFO - Cosine Similarity: 0.012744690570980311, Variance: 20.46786117553711
2024-12-27 15:47:37,859 - INFO - Distillation Epoch: 6
2024-12-27 15:47:39,931 - INFO - Epoch: 6 | Train Loss: 0.708704999089241 | CE Loss: 1.0891946852207184 | Distill Loss: 0.49086605608463285
2024-12-27 15:47:39,973 - INFO - Cosine Similarity: -0.0038637656718492506, Variance: 24.61224365234375
2024-12-27 15:47:39,973 - INFO - Distillation Epoch: 7
2024-12-27 15:47:42,033 - INFO - Epoch: 7 | Train Loss: 0.709612175822258 | CE Loss: 1.084475302696228 | Distill Loss: 0.49271710962057114
2024-12-27 15:47:42,072 - INFO - Cosine Similarity: -0.027785684168338775, Variance: 28.763254165649414
2024-12-27 15:47:42,073 - INFO - Distillation Epoch: 8
2024-12-27 15:47:44,149 - INFO - Epoch: 8 | Train Loss: 0.7082192599773407 | CE Loss: 1.070285940170288 | Distill Loss: 0.4941620662808418
2024-12-27 15:47:44,182 - INFO - Cosine Similarity: -0.011381874233484269, Variance: 32.891082763671875
2024-12-27 15:47:44,182 - INFO - Distillation Epoch: 9
2024-12-27 15:47:46,248 - INFO - Epoch: 9 | Train Loss: 0.70748972594738 | CE Loss: 1.066701740026474 | Distill Loss: 0.49414937347173693
2024-12-27 15:47:46,299 - INFO - Cosine Similarity: -0.0007759145461022854, Variance: 37.040496826171875
2024-12-27 15:47:46,299 - INFO - Distillation Epoch: 10
2024-12-27 15:47:48,385 - INFO - Epoch: 10 | Train Loss: 0.7074606150388718 | CE Loss: 1.0639384627342223 | Distill Loss: 0.4946729108691216
2024-12-27 15:47:48,428 - INFO - Cosine Similarity: -0.05000397227704525, Variance: 41.214271545410156
2024-12-27 15:49:06,115 - INFO - Distillation Epoch: 1
2024-12-27 15:49:08,233 - INFO - Epoch: 1 | Train Loss: 0.6777597963809967 | CE Loss: 0.9002978295087815 | Distill Loss: 0.4977002292871475
2024-12-27 15:49:08,265 - INFO - Cosine Similarity: 0.12119173500686883, Variance: 4.524306297302246
2024-12-27 15:49:08,265 - INFO - Distillation Epoch: 2
2024-12-27 15:49:10,375 - INFO - Epoch: 2 | Train Loss: 0.6570260345935821 | CE Loss: 0.8362545967102051 | Distill Loss: 0.4897751122713089
2024-12-27 15:49:10,408 - INFO - Cosine Similarity: -0.08140623718500137, Variance: 8.46627426147461
2024-12-27 15:49:10,408 - INFO - Distillation Epoch: 3
2024-12-27 15:49:12,480 - INFO - Epoch: 3 | Train Loss: 0.6535425871610642 | CE Loss: 0.8164035230875015 | Distill Loss: 0.4902618780732155
2024-12-27 15:49:12,531 - INFO - Cosine Similarity: -0.03642964530736208, Variance: 12.520376205444336
2024-12-27 15:49:12,531 - INFO - Distillation Epoch: 4
2024-12-27 15:49:14,598 - INFO - Epoch: 4 | Train Loss: 0.6524658083915711 | CE Loss: 0.8115978688001633 | Distill Loss: 0.49014623612165453
2024-12-27 15:49:14,649 - INFO - Cosine Similarity: -0.002088441140949726, Variance: 16.669841766357422
2024-12-27 15:49:14,649 - INFO - Distillation Epoch: 5
2024-12-27 15:49:16,716 - INFO - Epoch: 5 | Train Loss: 0.6508804202079773 | CE Loss: 0.7984109818935394 | Distill Loss: 0.4911982133984566
2024-12-27 15:49:16,749 - INFO - Cosine Similarity: -0.04404188301414251, Variance: 20.896623611450195
2024-12-27 15:49:16,749 - INFO - Distillation Epoch: 6
2024-12-27 15:49:18,831 - INFO - Epoch: 6 | Train Loss: 0.6497950494289398 | CE Loss: 0.792802506685257 | Distill Loss: 0.49123454093933105
2024-12-27 15:49:18,874 - INFO - Cosine Similarity: 0.04595835357904434, Variance: 25.047096252441406
2024-12-27 15:49:18,874 - INFO - Distillation Epoch: 7
2024-12-27 15:49:20,940 - INFO - Epoch: 7 | Train Loss: 0.6479325771331788 | CE Loss: 0.7788110941648483 | Distill Loss: 0.4921703487634659
2024-12-27 15:49:20,971 - INFO - Cosine Similarity: 0.0023496359586715697, Variance: 29.304468154907227
2024-12-27 15:49:20,971 - INFO - Distillation Epoch: 8
2024-12-27 15:49:23,031 - INFO - Epoch: 8 | Train Loss: 0.6485163509845734 | CE Loss: 0.782586419582367 | Distill Loss: 0.49199906438589097
2024-12-27 15:49:23,076 - INFO - Cosine Similarity: -0.001062535308301449, Variance: 33.535423278808594
2024-12-27 15:49:23,076 - INFO - Distillation Epoch: 9
2024-12-27 15:49:25,140 - INFO - Epoch: 9 | Train Loss: 0.6462449967861176 | CE Loss: 0.7691781044006347 | Distill Loss: 0.4924093812704086
2024-12-27 15:49:25,184 - INFO - Cosine Similarity: -0.014160361886024476, Variance: 37.78754806518555
2024-12-27 15:49:25,184 - INFO - Distillation Epoch: 10
2024-12-27 15:49:27,258 - INFO - Epoch: 10 | Train Loss: 0.6460643619298935 | CE Loss: 0.7662343591451645 | Distill Loss: 0.49281748980283735
2024-12-27 15:49:27,302 - INFO - Cosine Similarity: 0.057627790793776515, Variance: 41.992374420166016
2024-12-27 15:50:44,508 - INFO - Distillation Epoch: 1
2024-12-27 15:50:46,594 - INFO - Epoch: 1 | Train Loss: 0.685891181230545 | CE Loss: 0.8709139585494995 | Distill Loss: 0.5117083832621574
2024-12-27 15:50:46,624 - INFO - Cosine Similarity: -0.0025651187635958193, Variance: 4.933606147766113
2024-12-27 15:50:46,624 - INFO - Distillation Epoch: 2
2024-12-27 15:50:48,699 - INFO - Epoch: 2 | Train Loss: 0.6673087924718857 | CE Loss: 0.8194867312908173 | Distill Loss: 0.5034114316105842
2024-12-27 15:50:48,731 - INFO - Cosine Similarity: -0.033720582723617554, Variance: 9.183145523071289
2024-12-27 15:50:48,731 - INFO - Distillation Epoch: 3
2024-12-27 15:50:50,815 - INFO - Epoch: 3 | Train Loss: 0.6611918985843659 | CE Loss: 0.800221049785614 | Distill Loss: 0.5011476799845695
2024-12-27 15:50:50,847 - INFO - Cosine Similarity: -0.014668484777212143, Variance: 13.6376314163208
2024-12-27 15:50:50,847 - INFO - Distillation Epoch: 4
2024-12-27 15:50:52,932 - INFO - Epoch: 4 | Train Loss: 0.6595741122961044 | CE Loss: 0.7857497304677963 | Distill Loss: 0.5024241596460343
2024-12-27 15:50:52,964 - INFO - Cosine Similarity: 0.024399402644485237, Variance: 18.141387939453125
2024-12-27 15:50:52,965 - INFO - Distillation Epoch: 5
2024-12-27 15:50:55,035 - INFO - Epoch: 5 | Train Loss: 0.6603852033615112 | CE Loss: 0.7855920284986496 | Distill Loss: 0.5032667934894561
2024-12-27 15:50:55,070 - INFO - Cosine Similarity: -0.024329323880374433, Variance: 22.694517135620117
2024-12-27 15:50:55,070 - INFO - Distillation Epoch: 6
2024-12-27 15:50:57,165 - INFO - Epoch: 6 | Train Loss: 0.6595239609479904 | CE Loss: 0.7828717231750488 | Distill Loss: 0.5029496133327485
2024-12-27 15:50:57,201 - INFO - Cosine Similarity: 0.007843416929244996, Variance: 27.223316192626953
2024-12-27 15:50:57,201 - INFO - Distillation Epoch: 7
2024-12-27 15:50:59,281 - INFO - Epoch: 7 | Train Loss: 0.6608876705169677 | CE Loss: 0.7793161511421204 | Distill Loss: 0.5050244390964508
2024-12-27 15:50:59,324 - INFO - Cosine Similarity: -0.027560485154390336, Variance: 31.784778594970703
2024-12-27 15:50:59,324 - INFO - Distillation Epoch: 8
2024-12-27 15:51:01,423 - INFO - Epoch: 8 | Train Loss: 0.6593070089817047 | CE Loss: 0.777888897061348 | Distill Loss: 0.503729222714901
2024-12-27 15:51:01,449 - INFO - Cosine Similarity: -0.010102614760398865, Variance: 36.32036590576172
2024-12-27 15:51:01,449 - INFO - Distillation Epoch: 9
2024-12-27 15:51:03,544 - INFO - Epoch: 9 | Train Loss: 0.656431519985199 | CE Loss: 0.7635906130075455 | Distill Loss: 0.5037133917212486
2024-12-27 15:51:03,574 - INFO - Cosine Similarity: -0.04599680006504059, Variance: 40.88095474243164
2024-12-27 15:51:03,574 - INFO - Distillation Epoch: 10
2024-12-27 15:51:05,659 - INFO - Epoch: 10 | Train Loss: 0.657478979229927 | CE Loss: 0.7652567684650421 | Distill Loss: 0.5044276192784309
2024-12-27 15:51:05,689 - INFO - Cosine Similarity: 0.01947047747671604, Variance: 45.41250991821289
2024-12-27 15:52:24,407 - INFO - Distillation Epoch: 1
2024-12-27 15:52:26,459 - INFO - Epoch: 1 | Train Loss: 0.7881016582250595 | CE Loss: 1.234375250339508 | Distill Loss: 0.5412266060709954
2024-12-27 15:52:26,520 - INFO - Cosine Similarity: -0.026134753227233888, Variance: 4.829841613769531
2024-12-27 15:52:26,520 - INFO - Distillation Epoch: 2
2024-12-27 15:52:28,592 - INFO - Epoch: 2 | Train Loss: 0.755948057770729 | CE Loss: 1.1033864319324493 | Distill Loss: 0.5352707654237747
2024-12-27 15:52:28,638 - INFO - Cosine Similarity: 0.03822611477226019, Variance: 9.097818374633789
2024-12-27 15:52:28,638 - INFO - Distillation Epoch: 3
2024-12-27 15:52:30,707 - INFO - Epoch: 3 | Train Loss: 0.7484682887792588 | CE Loss: 1.0807159870862961 | Distill Loss: 0.5323250770568848
2024-12-27 15:52:30,750 - INFO - Cosine Similarity: 0.035496807843446734, Variance: 13.57507038116455
2024-12-27 15:52:30,750 - INFO - Distillation Epoch: 4
2024-12-27 15:52:32,816 - INFO - Epoch: 4 | Train Loss: 0.7468659192323684 | CE Loss: 1.0670617341995239 | Distill Loss: 0.5334535658359527
2024-12-27 15:52:32,849 - INFO - Cosine Similarity: -0.035898073390126226, Variance: 18.129642486572266
2024-12-27 15:52:32,849 - INFO - Distillation Epoch: 5
2024-12-27 15:52:34,917 - INFO - Epoch: 5 | Train Loss: 0.7448448807001113 | CE Loss: 1.0564058035612107 | Distill Loss: 0.5335637152194976
2024-12-27 15:52:34,949 - INFO - Cosine Similarity: 0.04124988710973412, Variance: 22.63674545288086
2024-12-27 15:52:34,949 - INFO - Distillation Epoch: 6
2024-12-27 15:52:37,018 - INFO - Epoch: 6 | Train Loss: 0.7438122749328613 | CE Loss: 1.0509701073169708 | Distill Loss: 0.5336182475090027
2024-12-27 15:52:37,050 - INFO - Cosine Similarity: 0.011597268469631671, Variance: 27.186161041259766
2024-12-27 15:52:37,050 - INFO - Distillation Epoch: 7
2024-12-27 15:52:39,114 - INFO - Epoch: 7 | Train Loss: 0.7436626225709915 | CE Loss: 1.051634243130684 | Distill Loss: 0.5333357691764832
2024-12-27 15:52:39,150 - INFO - Cosine Similarity: -0.05258621610701084, Variance: 31.77872085571289
2024-12-27 15:52:39,150 - INFO - Distillation Epoch: 8
2024-12-27 15:52:41,223 - INFO - Epoch: 8 | Train Loss: 0.743220204114914 | CE Loss: 1.0390111714601518 | Distill Loss: 0.535417965054512
2024-12-27 15:52:41,258 - INFO - Cosine Similarity: -0.04812899101525545, Variance: 36.30305862426758
2024-12-27 15:52:41,258 - INFO - Distillation Epoch: 9
2024-12-27 15:52:43,341 - INFO - Epoch: 9 | Train Loss: 0.741498926281929 | CE Loss: 1.026725360751152 | Distill Loss: 0.536153843998909
2024-12-27 15:52:43,375 - INFO - Cosine Similarity: -0.040966679342091084, Variance: 40.853187561035156
2024-12-27 15:52:43,375 - INFO - Distillation Epoch: 10
2024-12-27 15:52:45,459 - INFO - Epoch: 10 | Train Loss: 0.741923812031746 | CE Loss: 1.030028060078621 | Distill Loss: 0.5359181970357895
2024-12-27 15:52:45,490 - INFO - Cosine Similarity: 0.01958988131955266, Variance: 45.38470458984375
2024-12-27 15:54:07,468 - INFO - Distillation Epoch: 1
2024-12-27 15:54:09,653 - INFO - Epoch: 1 | Train Loss: 0.6791204571723938 | CE Loss: 0.8314530700445175 | Distill Loss: 0.5128298386931419
2024-12-27 15:54:09,695 - INFO - Cosine Similarity: -0.02414552792906761, Variance: 4.838823318481445
2024-12-27 15:54:09,695 - INFO - Distillation Epoch: 2
2024-12-27 15:54:11,889 - INFO - Epoch: 2 | Train Loss: 0.6648386269807816 | CE Loss: 0.7923715293407441 | Distill Loss: 0.506364318728447
2024-12-27 15:54:11,927 - INFO - Cosine Similarity: -0.02339101266115904, Variance: 8.966368675231934
2024-12-27 15:54:11,927 - INFO - Distillation Epoch: 3
2024-12-27 15:54:14,120 - INFO - Epoch: 3 | Train Loss: 0.6606306970119477 | CE Loss: 0.7750221163034439 | Distill Loss: 0.5056262657046318
2024-12-27 15:54:14,152 - INFO - Cosine Similarity: -0.06742635816335678, Variance: 13.323565483093262
2024-12-27 15:54:14,152 - INFO - Distillation Epoch: 4
2024-12-27 15:54:16,345 - INFO - Epoch: 4 | Train Loss: 0.6593196511268615 | CE Loss: 0.7643188863992691 | Distill Loss: 0.5064558684825897
2024-12-27 15:54:16,377 - INFO - Cosine Similarity: -0.05513879247009754, Variance: 17.70984649658203
2024-12-27 15:54:16,377 - INFO - Distillation Epoch: 5
2024-12-27 15:54:18,569 - INFO - Epoch: 5 | Train Loss: 0.6590430676937103 | CE Loss: 0.760194045305252 | Distill Loss: 0.507004252076149
2024-12-27 15:54:18,600 - INFO - Cosine Similarity: -0.000794592872262001, Variance: 22.083477020263672
2024-12-27 15:54:18,600 - INFO - Distillation Epoch: 6
2024-12-27 15:54:20,797 - INFO - Epoch: 6 | Train Loss: 0.6569416046142578 | CE Loss: 0.7527277261018753 | Distill Loss: 0.5063960507512093
2024-12-27 15:54:20,828 - INFO - Cosine Similarity: 0.015100280195474625, Variance: 26.489688873291016
2024-12-27 15:54:20,828 - INFO - Distillation Epoch: 7
2024-12-27 15:54:23,029 - INFO - Epoch: 7 | Train Loss: 0.6586262851953506 | CE Loss: 0.7505285292863846 | Distill Loss: 0.5085205733776093
2024-12-27 15:54:23,053 - INFO - Cosine Similarity: -0.03247205689549446, Variance: 30.949499130249023
2024-12-27 15:54:23,053 - INFO - Distillation Epoch: 8
2024-12-27 15:54:25,255 - INFO - Epoch: 8 | Train Loss: 0.6581594824790955 | CE Loss: 0.7476651430130005 | Distill Loss: 0.5086264491081238
2024-12-27 15:54:25,289 - INFO - Cosine Similarity: 0.02701442241668701, Variance: 35.351348876953125
2024-12-27 15:54:25,289 - INFO - Distillation Epoch: 9
2024-12-27 15:54:27,484 - INFO - Epoch: 9 | Train Loss: 0.6553474605083466 | CE Loss: 0.7348070085048676 | Distill Loss: 0.5083860486745835
2024-12-27 15:54:27,511 - INFO - Cosine Similarity: -0.012373539246618747, Variance: 39.801025390625
2024-12-27 15:54:27,511 - INFO - Distillation Epoch: 10
2024-12-27 15:54:29,699 - INFO - Epoch: 10 | Train Loss: 0.6569981873035431 | CE Loss: 0.7403794050216674 | Distill Loss: 0.5089222997426986
2024-12-27 15:54:29,736 - INFO - Cosine Similarity: -0.006028397055342793, Variance: 44.228309631347656
2024-12-27 15:55:50,003 - INFO - Distillation Epoch: 1
2024-12-27 15:55:52,204 - INFO - Epoch: 1 | Train Loss: 0.6294488102197647 | CE Loss: 0.6580883711576462 | Distill Loss: 0.497831130027771
2024-12-27 15:55:52,239 - INFO - Cosine Similarity: 0.062027628533542156, Variance: 4.517749786376953
2024-12-27 15:55:52,239 - INFO - Distillation Epoch: 2
2024-12-27 15:55:54,419 - INFO - Epoch: 2 | Train Loss: 0.6171601682901382 | CE Loss: 0.6218382030725479 | Distill Loss: 0.49279251992702483
2024-12-27 15:55:54,454 - INFO - Cosine Similarity: 0.00850128848105669, Variance: 8.669143676757812
2024-12-27 15:55:54,454 - INFO - Distillation Epoch: 3
2024-12-27 15:55:56,636 - INFO - Epoch: 3 | Train Loss: 0.6129133313894272 | CE Loss: 0.6086171984672546 | Distill Loss: 0.49118989557027815
2024-12-27 15:55:56,676 - INFO - Cosine Similarity: -0.0003957763314247131, Variance: 12.98168659210205
2024-12-27 15:55:56,676 - INFO - Distillation Epoch: 4
2024-12-27 15:55:58,876 - INFO - Epoch: 4 | Train Loss: 0.6129673272371292 | CE Loss: 0.6032580405473709 | Distill Loss: 0.49231571406126023
2024-12-27 15:55:58,909 - INFO - Cosine Similarity: -0.026448138151317836, Variance: 17.33718490600586
2024-12-27 15:55:58,909 - INFO - Distillation Epoch: 5
2024-12-27 15:56:01,103 - INFO - Epoch: 5 | Train Loss: 0.6106994897127151 | CE Loss: 0.5933281391859054 | Distill Loss: 0.4920338600873947
2024-12-27 15:56:01,136 - INFO - Cosine Similarity: 0.010211481340229511, Variance: 21.687623977661133
2024-12-27 15:56:01,136 - INFO - Distillation Epoch: 6
2024-12-27 15:56:03,333 - INFO - Epoch: 6 | Train Loss: 0.6094365000724793 | CE Loss: 0.589441254734993 | Distill Loss: 0.4915482491254807
2024-12-27 15:56:03,369 - INFO - Cosine Similarity: 0.017359338700771332, Variance: 26.06467056274414
2024-12-27 15:56:03,370 - INFO - Distillation Epoch: 7
2024-12-27 15:56:05,553 - INFO - Epoch: 7 | Train Loss: 0.6109460353851318 | CE Loss: 0.5918494462966919 | Distill Loss: 0.49257614463567734
2024-12-27 15:56:05,588 - INFO - Cosine Similarity: -0.012623639404773712, Variance: 30.467620849609375
2024-12-27 15:56:05,588 - INFO - Distillation Epoch: 8
2024-12-27 15:56:07,777 - INFO - Epoch: 8 | Train Loss: 0.6108336001634598 | CE Loss: 0.5906637579202652 | Distill Loss: 0.49270085245370865
2024-12-27 15:56:07,811 - INFO - Cosine Similarity: -0.032597542833536865, Variance: 34.845970153808594
2024-12-27 15:56:07,811 - INFO - Distillation Epoch: 9
2024-12-27 15:56:10,001 - INFO - Epoch: 9 | Train Loss: 0.6090862154960632 | CE Loss: 0.5815845608711243 | Distill Loss: 0.49276929944753645
2024-12-27 15:56:10,034 - INFO - Cosine Similarity: 0.021534479409456252, Variance: 39.2064323425293
2024-12-27 15:56:10,034 - INFO - Distillation Epoch: 10
2024-12-27 15:56:12,218 - INFO - Epoch: 10 | Train Loss: 0.6094901889562607 | CE Loss: 0.5860054552555084 | Distill Loss: 0.49228909611701965
2024-12-27 15:56:12,260 - INFO - Cosine Similarity: 0.02430727072060108, Variance: 43.58134078979492
2024-12-27 15:57:31,642 - INFO - Distillation Epoch: 1
2024-12-27 15:57:33,826 - INFO - Epoch: 1 | Train Loss: 0.7150001913309098 | CE Loss: 0.9596577107906341 | Distill Loss: 0.5230686411261558
2024-12-27 15:57:33,858 - INFO - Cosine Similarity: 0.005089199170470238, Variance: 4.677811622619629
2024-12-27 15:57:33,858 - INFO - Distillation Epoch: 2
2024-12-27 15:57:36,035 - INFO - Epoch: 2 | Train Loss: 0.6909188896417617 | CE Loss: 0.8982788443565368 | Distill Loss: 0.5112631171941757
2024-12-27 15:57:36,082 - INFO - Cosine Similarity: 0.00025727711617946626, Variance: 8.84752082824707
2024-12-27 15:57:36,082 - INFO - Distillation Epoch: 3
2024-12-27 15:57:38,270 - INFO - Epoch: 3 | Train Loss: 0.685953113436699 | CE Loss: 0.8821379572153092 | Distill Loss: 0.5095255166292191
2024-12-27 15:57:38,310 - INFO - Cosine Similarity: -0.006389358267188072, Variance: 13.217707633972168
2024-12-27 15:57:38,310 - INFO - Distillation Epoch: 4
2024-12-27 15:57:40,484 - INFO - Epoch: 4 | Train Loss: 0.6845667809247971 | CE Loss: 0.8723515421152115 | Distill Loss: 0.5100964665412903
2024-12-27 15:57:40,526 - INFO - Cosine Similarity: -0.02820573947392404, Variance: 17.648578643798828
2024-12-27 15:57:40,526 - INFO - Distillation Epoch: 5
2024-12-27 15:57:42,720 - INFO - Epoch: 5 | Train Loss: 0.6840010911226273 | CE Loss: 0.8621477484703064 | Distill Loss: 0.5115715354681015
2024-12-27 15:57:42,755 - INFO - Cosine Similarity: -0.007255138643085956, Variance: 22.06329345703125
2024-12-27 15:57:42,755 - INFO - Distillation Epoch: 6
2024-12-27 15:57:44,941 - INFO - Epoch: 6 | Train Loss: 0.6821952670812607 | CE Loss: 0.8555800706148148 | Distill Loss: 0.511079253256321
2024-12-27 15:57:44,975 - INFO - Cosine Similarity: -0.00347167095169425, Variance: 26.502573013305664
2024-12-27 15:57:44,975 - INFO - Distillation Epoch: 7
2024-12-27 15:57:47,154 - INFO - Epoch: 7 | Train Loss: 0.6837081640958786 | CE Loss: 0.8546761780977249 | Distill Loss: 0.5127729177474976
2024-12-27 15:57:47,192 - INFO - Cosine Similarity: -0.022502313554286956, Variance: 30.953662872314453
2024-12-27 15:57:47,192 - INFO - Distillation Epoch: 8
2024-12-27 15:57:49,385 - INFO - Epoch: 8 | Train Loss: 0.6812170505523681 | CE Loss: 0.8359096884727478 | Distill Loss: 0.5140351116657257
2024-12-27 15:57:49,418 - INFO - Cosine Similarity: -0.0003952275961637497, Variance: 35.38943862915039
2024-12-27 15:57:49,418 - INFO - Distillation Epoch: 9
2024-12-27 15:57:51,601 - INFO - Epoch: 9 | Train Loss: 0.6813554137945175 | CE Loss: 0.8395033657550812 | Distill Loss: 0.5134547382593155
2024-12-27 15:57:51,632 - INFO - Cosine Similarity: -0.014307627454400063, Variance: 39.84575271606445
2024-12-27 15:57:51,634 - INFO - Distillation Epoch: 10
2024-12-27 15:57:53,817 - INFO - Epoch: 10 | Train Loss: 0.6816905707120895 | CE Loss: 0.840053042769432 | Distill Loss: 0.5136799573898315
2024-12-27 15:57:53,851 - INFO - Cosine Similarity: -0.0289514422416687, Variance: 44.3076171875
2024-12-27 15:59:14,859 - INFO - Distillation Epoch: 1
2024-12-27 15:59:17,051 - INFO - Epoch: 1 | Train Loss: 0.658846589922905 | CE Loss: 0.7588851481676102 | Distill Loss: 0.5070695504546165
2024-12-27 15:59:17,085 - INFO - Cosine Similarity: 0.025349878752604128, Variance: 4.863215923309326
2024-12-27 15:59:17,085 - INFO - Distillation Epoch: 2
2024-12-27 15:59:19,279 - INFO - Epoch: 2 | Train Loss: 0.6413468778133392 | CE Loss: 0.7215350091457366 | Distill Loss: 0.4970398709177971
2024-12-27 15:59:19,303 - INFO - Cosine Similarity: -0.008325660601258278, Variance: 9.164426803588867
2024-12-27 15:59:19,303 - INFO - Distillation Epoch: 3
2024-12-27 15:59:21,500 - INFO - Epoch: 3 | Train Loss: 0.6392760127782822 | CE Loss: 0.7090125620365143 | Distill Loss: 0.49747349619865416
2024-12-27 15:59:21,544 - INFO - Cosine Similarity: 0.010412875097244978, Variance: 13.656527519226074
2024-12-27 15:59:21,544 - INFO - Distillation Epoch: 4
2024-12-27 15:59:23,726 - INFO - Epoch: 4 | Train Loss: 0.6361778527498245 | CE Loss: 0.7000126838684082 | Distill Loss: 0.4961753115057945
2024-12-27 15:59:23,775 - INFO - Cosine Similarity: 0.004961658641695977, Variance: 18.193130493164062
2024-12-27 15:59:23,775 - INFO - Distillation Epoch: 5
2024-12-27 15:59:25,964 - INFO - Epoch: 5 | Train Loss: 0.6349283695220947 | CE Loss: 0.6976951479911804 | Distill Loss: 0.4953893408179283
2024-12-27 15:59:25,996 - INFO - Cosine Similarity: 0.05284045785665512, Variance: 22.723297119140625
2024-12-27 15:59:25,996 - INFO - Distillation Epoch: 6
2024-12-27 15:59:28,176 - INFO - Epoch: 6 | Train Loss: 0.6345380127429963 | CE Loss: 0.6881648182868958 | Distill Loss: 0.4969050496816635
2024-12-27 15:59:28,209 - INFO - Cosine Similarity: 0.003955106623470784, Variance: 27.3051700592041
2024-12-27 15:59:28,209 - INFO - Distillation Epoch: 7
2024-12-27 15:59:30,388 - INFO - Epoch: 7 | Train Loss: 0.635099059343338 | CE Loss: 0.6859092026948929 | Distill Loss: 0.4979172214865685
2024-12-27 15:59:30,429 - INFO - Cosine Similarity: 0.0435352249071002, Variance: 31.85805320739746
2024-12-27 15:59:30,429 - INFO - Distillation Epoch: 8
2024-12-27 15:59:32,601 - INFO - Epoch: 8 | Train Loss: 0.6344082057476044 | CE Loss: 0.6842444926500321 | Distill Loss: 0.4975593164563179
2024-12-27 15:59:32,644 - INFO - Cosine Similarity: 0.058178527280688286, Variance: 36.43596649169922
2024-12-27 15:59:32,644 - INFO - Distillation Epoch: 9
2024-12-27 15:59:34,826 - INFO - Epoch: 9 | Train Loss: 0.6324270218610764 | CE Loss: 0.6716451972723008 | Distill Loss: 0.4980979755520821
2024-12-27 15:59:34,871 - INFO - Cosine Similarity: 0.05559455268085003, Variance: 40.99822998046875
2024-12-27 15:59:34,871 - INFO - Distillation Epoch: 10
2024-12-27 15:59:37,053 - INFO - Epoch: 10 | Train Loss: 0.6340929329395294 | CE Loss: 0.672781103849411 | Distill Loss: 0.4995367035269737
2024-12-27 15:59:37,085 - INFO - Cosine Similarity: -0.010680128447711467, Variance: 45.6173210144043
2024-12-27 16:00:56,545 - INFO - Distillation Epoch: 1
2024-12-27 16:00:58,754 - INFO - Epoch: 1 | Train Loss: 0.6448637008666992 | CE Loss: 0.6647656202316284 | Distill Loss: 0.5119105696678161
2024-12-27 16:00:58,789 - INFO - Cosine Similarity: 0.07761155366897583, Variance: 4.6828107833862305
2024-12-27 16:00:58,789 - INFO - Distillation Epoch: 2
2024-12-27 16:01:01,002 - INFO - Epoch: 2 | Train Loss: 0.6311349362134934 | CE Loss: 0.6282431721687317 | Distill Loss: 0.5054862946271896
2024-12-27 16:01:01,037 - INFO - Cosine Similarity: -0.04960431680083275, Variance: 9.060765266418457
2024-12-27 16:01:01,037 - INFO - Distillation Epoch: 3
2024-12-27 16:01:03,240 - INFO - Epoch: 3 | Train Loss: 0.6252566665410996 | CE Loss: 0.6118365287780761 | Distill Loss: 0.5028893575072289
2024-12-27 16:01:03,279 - INFO - Cosine Similarity: 0.02327801724895835, Variance: 13.544949531555176
2024-12-27 16:01:03,279 - INFO - Distillation Epoch: 4
2024-12-27 16:01:05,473 - INFO - Epoch: 4 | Train Loss: 0.6237925678491593 | CE Loss: 0.6040109008550644 | Distill Loss: 0.5029903843998909
2024-12-27 16:01:05,508 - INFO - Cosine Similarity: 0.03522209711372852, Variance: 18.068782806396484
2024-12-27 16:01:05,508 - INFO - Distillation Epoch: 5
2024-12-27 16:01:07,710 - INFO - Epoch: 5 | Train Loss: 0.6277004152536392 | CE Loss: 0.6099742680788041 | Distill Loss: 0.5057055622339248
2024-12-27 16:01:07,752 - INFO - Cosine Similarity: -0.023697271756827832, Variance: 22.655765533447266
2024-12-27 16:01:07,752 - INFO - Distillation Epoch: 6
2024-12-27 16:01:09,972 - INFO - Epoch: 6 | Train Loss: 0.6262149065732956 | CE Loss: 0.6111554086208344 | Distill Loss: 0.5039838194847107
2024-12-27 16:01:10,010 - INFO - Cosine Similarity: 0.04996972046792507, Variance: 27.195972442626953
2024-12-27 16:01:10,010 - INFO - Distillation Epoch: 7
2024-12-27 16:01:12,204 - INFO - Epoch: 7 | Train Loss: 0.6242186963558197 | CE Loss: 0.5999955534934998 | Distill Loss: 0.5042195826768875
2024-12-27 16:01:12,244 - INFO - Cosine Similarity: -0.02762354239821434, Variance: 31.806949615478516
2024-12-27 16:01:12,244 - INFO - Distillation Epoch: 8
2024-12-27 16:01:14,425 - INFO - Epoch: 8 | Train Loss: 0.6235238432884216 | CE Loss: 0.5968847692012786 | Distill Loss: 0.5041468933224678
2024-12-27 16:01:14,454 - INFO - Cosine Similarity: -0.013705123495310546, Variance: 36.37102127075195
2024-12-27 16:01:14,454 - INFO - Distillation Epoch: 9
2024-12-27 16:01:16,636 - INFO - Epoch: 9 | Train Loss: 0.6224996507167816 | CE Loss: 0.5887822300195694 | Distill Loss: 0.5047432094812393
2024-12-27 16:01:16,676 - INFO - Cosine Similarity: 0.011267417669296264, Variance: 40.93895721435547
2024-12-27 16:01:16,676 - INFO - Distillation Epoch: 10
2024-12-27 16:01:18,848 - INFO - Epoch: 10 | Train Loss: 0.6233270794153214 | CE Loss: 0.5939265996217727 | Distill Loss: 0.5045417532324791
2024-12-27 16:01:18,884 - INFO - Cosine Similarity: 0.013562799245119096, Variance: 45.51803207397461
2024-12-27 21:20:33,919 - INFO - Note: NumExpr detected 24 cores but "NUMEXPR_MAX_THREADS" not set, so enforcing safe limit of 8.
2024-12-27 21:20:33,919 - INFO - NumExpr defaulting to 8 threads.
2024-12-27 21:21:22,194 - INFO - Distillation Epoch: 1
2024-12-27 21:21:24,525 - INFO - Epoch: 1 | Train Loss: 0.7892210900783538 | CE Loss: 1.597929632663727 | Distill Loss: 0.4696351557970047
2024-12-27 21:21:24,583 - INFO - Cosine Similarity: 0.010988442040979863, Variance: 3.7307629585266113
2024-12-27 21:21:24,583 - INFO - Distillation Epoch: 2
2024-12-27 21:21:26,793 - INFO - Epoch: 2 | Train Loss: 0.7645664513111115 | CE Loss: 1.450504368543625 | Distill Loss: 0.474465574324131
2024-12-27 21:21:26,836 - INFO - Cosine Similarity: -0.0016990119591355323, Variance: 7.015408515930176
2024-12-27 21:21:26,837 - INFO - Distillation Epoch: 3
2024-12-27 21:21:29,061 - INFO - Epoch: 3 | Train Loss: 0.7583769619464874 | CE Loss: 1.409728854894638 | Distill Loss: 0.4764311820268631
2024-12-27 21:21:29,103 - INFO - Cosine Similarity: 0.024154305830597876, Variance: 10.477972984313965
2024-12-27 21:21:29,103 - INFO - Distillation Epoch: 4
2024-12-27 21:21:31,316 - INFO - Epoch: 4 | Train Loss: 0.7554134607315064 | CE Loss: 1.3794216215610504 | Distill Loss: 0.4795291289687157
2024-12-27 21:21:31,345 - INFO - Cosine Similarity: 0.04707298753783107, Variance: 14.003189086914062
2024-12-27 21:21:31,345 - INFO - Distillation Epoch: 5
2024-12-27 21:21:33,564 - INFO - Epoch: 5 | Train Loss: 0.7521508514881134 | CE Loss: 1.3660693705081939 | Distill Loss: 0.4789369717240334
2024-12-27 21:21:33,601 - INFO - Cosine Similarity: 0.025368197495117782, Variance: 17.55479621887207
2024-12-27 21:21:33,601 - INFO - Distillation Epoch: 6
2024-12-27 21:21:35,816 - INFO - Epoch: 6 | Train Loss: 0.7501531600952148 | CE Loss: 1.3480455994606018 | Distill Loss: 0.48054403215646746
2024-12-27 21:21:35,853 - INFO - Cosine Similarity: -0.03880355358123779, Variance: 21.13007354736328
2024-12-27 21:21:35,853 - INFO - Distillation Epoch: 7
2024-12-27 21:21:38,068 - INFO - Epoch: 7 | Train Loss: 0.7485026895999909 | CE Loss: 1.3289075314998626 | Distill Loss: 0.48272116780281066
2024-12-27 21:21:38,101 - INFO - Cosine Similarity: -0.015391841251403093, Variance: 24.69438934326172
2024-12-27 21:21:38,101 - INFO - Distillation Epoch: 8
2024-12-27 21:21:40,307 - INFO - Epoch: 8 | Train Loss: 0.7477691382169723 | CE Loss: 1.327860140800476 | Distill Loss: 0.48219710886478423
2024-12-27 21:21:40,351 - INFO - Cosine Similarity: 0.010201969929039479, Variance: 28.258541107177734
2024-12-27 21:21:40,351 - INFO - Distillation Epoch: 9
2024-12-27 21:21:42,542 - INFO - Epoch: 9 | Train Loss: 0.7458876192569732 | CE Loss: 1.31288782954216 | Distill Loss: 0.4833100512623787
2024-12-27 21:21:42,600 - INFO - Cosine Similarity: -0.004694690508767962, Variance: 31.833642959594727
2024-12-27 21:21:42,600 - INFO - Distillation Epoch: 10
2024-12-27 21:21:44,809 - INFO - Epoch: 10 | Train Loss: 0.7449448257684708 | CE Loss: 1.3029551327228546 | Distill Loss: 0.4843537986278534
2024-12-27 21:21:44,841 - INFO - Cosine Similarity: -0.02654420882463455, Variance: 35.41769790649414
2024-12-27 21:21:44,841 - INFO - Distillation Epoch: 11
2024-12-27 21:21:47,051 - INFO - Epoch: 11 | Train Loss: 0.7422946393489838 | CE Loss: 1.2842979371547698 | Distill Loss: 0.485435052216053
2024-12-27 21:21:47,091 - INFO - Cosine Similarity: 0.036222323589026925, Variance: 38.9777717590332
2024-12-27 21:21:47,091 - INFO - Distillation Epoch: 12
2024-12-27 21:21:49,304 - INFO - Epoch: 12 | Train Loss: 0.7413642048835755 | CE Loss: 1.277589213848114 | Distill Loss: 0.48584635853767394
2024-12-27 21:21:49,358 - INFO - Cosine Similarity: -0.0287795789539814, Variance: 42.57042694091797
2024-12-27 21:21:49,358 - INFO - Distillation Epoch: 13
2024-12-27 21:21:51,578 - INFO - Epoch: 13 | Train Loss: 0.7397682309150696 | CE Loss: 1.2667118608951569 | Distill Loss: 0.4864258527755737
2024-12-27 21:21:51,609 - INFO - Cosine Similarity: -0.005340367741882801, Variance: 46.13639831542969
2024-12-27 21:21:51,609 - INFO - Distillation Epoch: 14
2024-12-27 21:21:53,832 - INFO - Epoch: 14 | Train Loss: 0.7389218926429748 | CE Loss: 1.2601999998092652 | Distill Loss: 0.4868818879127502
2024-12-27 21:21:53,868 - INFO - Cosine Similarity: -0.017684349743649363, Variance: 49.71685791015625
2024-12-27 21:21:53,868 - INFO - Distillation Epoch: 15
2024-12-27 21:21:56,086 - INFO - Epoch: 15 | Train Loss: 0.7375976115465164 | CE Loss: 1.247738629579544 | Distill Loss: 0.48804988116025927
2024-12-27 21:21:56,120 - INFO - Cosine Similarity: 0.02141918009147048, Variance: 53.287071228027344
2024-12-27 21:21:56,120 - INFO - Distillation Epoch: 16
2024-12-27 21:21:58,326 - INFO - Epoch: 16 | Train Loss: 0.7362471580505371 | CE Loss: 1.235914134979248 | Distill Loss: 0.4890643209218979
2024-12-27 21:21:58,367 - INFO - Cosine Similarity: -0.02614897061139345, Variance: 56.873138427734375
2024-12-27 21:21:58,367 - INFO - Distillation Epoch: 17
2024-12-27 21:22:00,584 - INFO - Epoch: 17 | Train Loss: 0.7351881444454194 | CE Loss: 1.2327108502388 | Distill Loss: 0.4886459678411484
2024-12-27 21:22:00,618 - INFO - Cosine Similarity: -0.03689556010067463, Variance: 60.45184326171875
2024-12-27 21:22:00,618 - INFO - Distillation Epoch: 18
2024-12-27 21:22:02,846 - INFO - Epoch: 18 | Train Loss: 0.7338471621274948 | CE Loss: 1.2231358468532563 | Distill Loss: 0.4892199859023094
2024-12-27 21:22:02,888 - INFO - Cosine Similarity: -0.02887011058628559, Variance: 64.02495574951172
2024-12-27 21:22:02,888 - INFO - Distillation Epoch: 19
2024-12-27 21:22:05,100 - INFO - Epoch: 19 | Train Loss: 0.7334394723176956 | CE Loss: 1.210959142446518 | Distill Loss: 0.4912476435303688
2024-12-27 21:22:05,132 - INFO - Cosine Similarity: -0.01039861524477601, Variance: 67.59920501708984
2024-12-27 21:22:05,132 - INFO - Distillation Epoch: 20
2024-12-27 21:22:07,353 - INFO - Epoch: 20 | Train Loss: 0.732274267077446 | CE Loss: 1.2151781260967254 | Distill Loss: 0.489238640666008
2024-12-27 21:22:07,392 - INFO - Cosine Similarity: 0.023081150278449057, Variance: 71.16030883789062
2024-12-27 21:22:54,626 - INFO - Distillation Epoch: 1
2024-12-27 21:22:56,835 - INFO - Epoch: 1 | Train Loss: 0.7637689739465714 | CE Loss: 1.5461445987224578 | Distill Loss: 0.45454004406929016
2024-12-27 21:22:56,872 - INFO - Cosine Similarity: 0.0201893356628716, Variance: 3.2193119525909424
2024-12-27 21:22:56,872 - INFO - Distillation Epoch: 2
2024-12-27 21:22:59,078 - INFO - Epoch: 2 | Train Loss: 0.7416438579559326 | CE Loss: 1.4214314997196198 | Distill Loss: 0.4573575511574745
2024-12-27 21:22:59,111 - INFO - Cosine Similarity: 0.018164435215294362, Variance: 6.28226375579834
2024-12-27 21:22:59,111 - INFO - Distillation Epoch: 3
2024-12-27 21:23:01,319 - INFO - Epoch: 3 | Train Loss: 0.7351978570222855 | CE Loss: 1.362781435251236 | Distill Loss: 0.4626415565609932
2024-12-27 21:23:01,355 - INFO - Cosine Similarity: 0.0011433234438300132, Variance: 9.491268157958984
2024-12-27 21:23:01,355 - INFO - Distillation Epoch: 4
2024-12-27 21:23:03,577 - INFO - Epoch: 4 | Train Loss: 0.7308801591396332 | CE Loss: 1.3255295932292939 | Distill Loss: 0.46577423214912417
2024-12-27 21:23:03,621 - INFO - Cosine Similarity: -0.0062894067261368035, Variance: 12.735969543457031
2024-12-27 21:23:03,621 - INFO - Distillation Epoch: 5
2024-12-27 21:23:05,834 - INFO - Epoch: 5 | Train Loss: 0.7273640930652618 | CE Loss: 1.3013387739658355 | Distill Loss: 0.4670963376760483
2024-12-27 21:23:05,871 - INFO - Cosine Similarity: -0.013508605118840934, Variance: 15.992260932922363
2024-12-27 21:23:05,871 - INFO - Distillation Epoch: 6
2024-12-27 21:23:08,092 - INFO - Epoch: 6 | Train Loss: 0.7243939816951752 | CE Loss: 1.2717370688915253 | Distill Loss: 0.4700465649366379
2024-12-27 21:23:08,128 - INFO - Cosine Similarity: 0.009960349649190903, Variance: 19.251840591430664
2024-12-27 21:23:08,128 - INFO - Distillation Epoch: 7
2024-12-27 21:23:10,349 - INFO - Epoch: 7 | Train Loss: 0.7223337113857269 | CE Loss: 1.2609636425971984 | Distill Loss: 0.47014097720384596
2024-12-27 21:23:10,376 - INFO - Cosine Similarity: -0.01396667119115591, Variance: 22.519914627075195
2024-12-27 21:23:10,376 - INFO - Distillation Epoch: 8
2024-12-27 21:23:12,603 - INFO - Epoch: 8 | Train Loss: 0.7209892362356186 | CE Loss: 1.2472774386405945 | Distill Loss: 0.47153374254703523
2024-12-27 21:23:12,643 - INFO - Cosine Similarity: -0.0011202127672731877, Variance: 25.783977508544922
2024-12-27 21:23:12,643 - INFO - Distillation Epoch: 9
2024-12-27 21:23:14,864 - INFO - Epoch: 9 | Train Loss: 0.7195039808750152 | CE Loss: 1.2343542873859406 | Distill Loss: 0.4726331099867821
2024-12-27 21:23:14,902 - INFO - Cosine Similarity: -0.015206867875531316, Variance: 29.059757232666016
2024-12-27 21:23:14,902 - INFO - Distillation Epoch: 10
2024-12-27 21:23:17,127 - INFO - Epoch: 10 | Train Loss: 0.7166510999202729 | CE Loss: 1.2158174991607666 | Distill Loss: 0.4734875977039337
2024-12-27 21:23:17,169 - INFO - Cosine Similarity: -0.002146291360259056, Variance: 32.327117919921875
2024-12-27 21:23:17,169 - INFO - Distillation Epoch: 11
2024-12-27 21:23:19,387 - INFO - Epoch: 11 | Train Loss: 0.715418130159378 | CE Loss: 1.2010574281215667 | Distill Loss: 0.4752066358923912
2024-12-27 21:23:19,422 - INFO - Cosine Similarity: 0.01587008386850357, Variance: 35.59614562988281
2024-12-27 21:23:19,422 - INFO - Distillation Epoch: 12
2024-12-27 21:23:21,644 - INFO - Epoch: 12 | Train Loss: 0.7147791057825088 | CE Loss: 1.1969215869903564 | Distill Loss: 0.4753947824239731
2024-12-27 21:23:21,683 - INFO - Cosine Similarity: 0.01251094862818718, Variance: 38.87245178222656
2024-12-27 21:23:21,683 - INFO - Distillation Epoch: 13
2024-12-27 21:23:23,903 - INFO - Epoch: 13 | Train Loss: 0.7139186322689056 | CE Loss: 1.1876658916473388 | Distill Loss: 0.4763854593038559
2024-12-27 21:23:23,928 - INFO - Cosine Similarity: 0.0046576492488384245, Variance: 42.14512252807617
2024-12-27 21:23:23,928 - INFO - Distillation Epoch: 14
2024-12-27 21:23:26,159 - INFO - Epoch: 14 | Train Loss: 0.7119031757116318 | CE Loss: 1.1787067711353303 | Distill Loss: 0.4761618167161942
2024-12-27 21:23:26,195 - INFO - Cosine Similarity: -0.00017957454547286035, Variance: 45.419532775878906
2024-12-27 21:23:26,195 - INFO - Distillation Epoch: 15
2024-12-27 21:23:28,411 - INFO - Epoch: 15 | Train Loss: 0.7133050322532654 | CE Loss: 1.1787269711494446 | Distill Loss: 0.47755963951349256
2024-12-27 21:23:28,444 - INFO - Cosine Similarity: -0.001182229071855545, Variance: 48.694541931152344
2024-12-27 21:23:28,444 - INFO - Distillation Epoch: 16
2024-12-27 21:23:30,663 - INFO - Epoch: 16 | Train Loss: 0.7111335813999176 | CE Loss: 1.1642135500907898 | Distill Loss: 0.47829086929559705
2024-12-27 21:23:30,698 - INFO - Cosine Similarity: 0.009281383454799652, Variance: 51.96375274658203
2024-12-27 21:23:30,698 - INFO - Distillation Epoch: 17
2024-12-27 21:23:32,916 - INFO - Epoch: 17 | Train Loss: 0.7088547796010971 | CE Loss: 1.1562236189842223 | Distill Loss: 0.47761005312204363
2024-12-27 21:23:32,952 - INFO - Cosine Similarity: 0.011325710080564022, Variance: 55.23701095581055
2024-12-27 21:23:32,952 - INFO - Distillation Epoch: 18
2024-12-27 21:23:35,162 - INFO - Epoch: 18 | Train Loss: 0.7088122546672821 | CE Loss: 1.1459280014038087 | Distill Loss: 0.4796266585588455
2024-12-27 21:23:35,202 - INFO - Cosine Similarity: -0.0019229356199502944, Variance: 58.51372146606445
2024-12-27 21:23:35,202 - INFO - Distillation Epoch: 19
2024-12-27 21:23:37,423 - INFO - Epoch: 19 | Train Loss: 0.7083219796419143 | CE Loss: 1.1514721870422364 | Distill Loss: 0.4780275374650955
2024-12-27 21:23:37,456 - INFO - Cosine Similarity: 0.005695550329983234, Variance: 61.78668975830078
2024-12-27 21:23:37,456 - INFO - Distillation Epoch: 20
2024-12-27 21:23:39,676 - INFO - Epoch: 20 | Train Loss: 0.7070263504981995 | CE Loss: 1.1332625091075896 | Distill Loss: 0.48037385046482084
2024-12-27 21:23:39,710 - INFO - Cosine Similarity: 0.020936157368123532, Variance: 65.05199432373047
2024-12-27 21:24:26,546 - INFO - Distillation Epoch: 1
2024-12-27 21:24:28,752 - INFO - Epoch: 1 | Train Loss: 0.676173385977745 | CE Loss: 1.168452161550522 | Distill Loss: 0.4424829438328743
2024-12-27 21:24:28,788 - INFO - Cosine Similarity: -0.09493090510368347, Variance: 3.7677273750305176
2024-12-27 21:24:28,788 - INFO - Distillation Epoch: 2
2024-12-27 21:24:30,984 - INFO - Epoch: 2 | Train Loss: 0.6553957343101502 | CE Loss: 1.075038206577301 | Distill Loss: 0.440388086438179
2024-12-27 21:24:31,021 - INFO - Cosine Similarity: 0.016701961122453212, Variance: 6.652005195617676
2024-12-27 21:24:31,021 - INFO - Distillation Epoch: 3
2024-12-27 21:24:33,229 - INFO - Epoch: 3 | Train Loss: 0.6490089744329453 | CE Loss: 1.039684185385704 | Distill Loss: 0.44107213616371155
2024-12-27 21:24:33,270 - INFO - Cosine Similarity: 0.04512119069695473, Variance: 9.789876937866211
2024-12-27 21:24:33,270 - INFO - Distillation Epoch: 4
2024-12-27 21:24:35,479 - INFO - Epoch: 4 | Train Loss: 0.6454445749521256 | CE Loss: 1.0167451709508897 | Distill Loss: 0.44209554195404055
2024-12-27 21:24:35,518 - INFO - Cosine Similarity: 0.04262777301482856, Variance: 13.010248184204102
2024-12-27 21:24:35,518 - INFO - Distillation Epoch: 5
2024-12-27 21:24:37,733 - INFO - Epoch: 5 | Train Loss: 0.6444315403699875 | CE Loss: 1.0085435569286347 | Distill Loss: 0.44272283762693404
2024-12-27 21:24:37,774 - INFO - Cosine Similarity: -0.01941662710160017, Variance: 16.266063690185547
2024-12-27 21:24:37,774 - INFO - Distillation Epoch: 6
2024-12-27 21:24:39,994 - INFO - Epoch: 6 | Train Loss: 0.6432926893234253 | CE Loss: 1.0022716104984284 | Distill Loss: 0.4428383678197861
2024-12-27 21:24:40,027 - INFO - Cosine Similarity: 0.0014302236668299884, Variance: 19.508358001708984
2024-12-27 21:24:40,027 - INFO - Distillation Epoch: 7
2024-12-27 21:24:42,262 - INFO - Epoch: 7 | Train Loss: 0.6424544781446457 | CE Loss: 0.994358479976654 | Distill Loss: 0.4435827791690826
2024-12-27 21:24:42,286 - INFO - Cosine Similarity: -0.003561989404261112, Variance: 22.758094787597656
2024-12-27 21:24:42,286 - INFO - Distillation Epoch: 8
2024-12-27 21:24:44,518 - INFO - Epoch: 8 | Train Loss: 0.6400151163339615 | CE Loss: 0.9734873324632645 | Distill Loss: 0.44531765282154084
2024-12-27 21:24:44,556 - INFO - Cosine Similarity: -0.02072508316487074, Variance: 26.02457046508789
2024-12-27 21:24:44,556 - INFO - Distillation Epoch: 9
2024-12-27 21:24:46,799 - INFO - Epoch: 9 | Train Loss: 0.638152813911438 | CE Loss: 0.967401596903801 | Distill Loss: 0.4446724906563759
2024-12-27 21:24:46,835 - INFO - Cosine Similarity: -0.024284467473626135, Variance: 29.294872283935547
2024-12-27 21:24:46,835 - INFO - Distillation Epoch: 10
2024-12-27 21:24:49,062 - INFO - Epoch: 10 | Train Loss: 0.6386963486671448 | CE Loss: 0.9651343584060669 | Distill Loss: 0.44566947370767596
2024-12-27 21:24:49,086 - INFO - Cosine Similarity: -0.000628620944917202, Variance: 32.54616165161133
2024-12-27 21:24:49,086 - INFO - Distillation Epoch: 11
2024-12-27 21:24:51,330 - INFO - Epoch: 11 | Train Loss: 0.636592909693718 | CE Loss: 0.9513980686664582 | Distill Loss: 0.4463132917881012
2024-12-27 21:24:51,360 - INFO - Cosine Similarity: -0.019997359812259675, Variance: 35.811180114746094
2024-12-27 21:24:51,360 - INFO - Distillation Epoch: 12
2024-12-27 21:24:53,602 - INFO - Epoch: 12 | Train Loss: 0.6368741661310195 | CE Loss: 0.9522982507944107 | Distill Loss: 0.4464145123958588
2024-12-27 21:24:53,637 - INFO - Cosine Similarity: 0.009879009518772363, Variance: 39.068580627441406
2024-12-27 21:24:53,637 - INFO - Distillation Epoch: 13
2024-12-27 21:24:55,870 - INFO - Epoch: 13 | Train Loss: 0.6376070082187653 | CE Loss: 0.9567056864500045 | Distill Loss: 0.44626586735248563
2024-12-27 21:24:55,904 - INFO - Cosine Similarity: 0.03675206589978188, Variance: 42.32697677612305
2024-12-27 21:24:55,904 - INFO - Distillation Epoch: 14
2024-12-27 21:24:58,141 - INFO - Epoch: 14 | Train Loss: 0.6354433596134186 | CE Loss: 0.943089172244072 | Distill Loss: 0.4468255236744881
2024-12-27 21:24:58,172 - INFO - Cosine Similarity: 0.02069708351045847, Variance: 45.60194396972656
2024-12-27 21:24:58,172 - INFO - Distillation Epoch: 15
2024-12-27 21:25:00,402 - INFO - Epoch: 15 | Train Loss: 0.6355121910572052 | CE Loss: 0.9390978991985321 | Distill Loss: 0.4476926073431969
2024-12-27 21:25:00,438 - INFO - Cosine Similarity: -0.024380568973720075, Variance: 48.89031219482422
2024-12-27 21:25:00,438 - INFO - Distillation Epoch: 16
2024-12-27 21:25:02,660 - INFO - Epoch: 16 | Train Loss: 0.6335793912410737 | CE Loss: 0.9311096280813217 | Distill Loss: 0.4473574623465538
2024-12-27 21:25:02,704 - INFO - Cosine Similarity: -0.03046836769208312, Variance: 52.16466522216797
2024-12-27 21:25:02,704 - INFO - Distillation Epoch: 17
2024-12-27 21:25:04,919 - INFO - Epoch: 17 | Train Loss: 0.6343016266822815 | CE Loss: 0.9295398503541946 | Distill Loss: 0.4483936488628387
2024-12-27 21:25:04,959 - INFO - Cosine Similarity: 0.015791039541363718, Variance: 55.4215202331543
2024-12-27 21:25:04,959 - INFO - Distillation Epoch: 18
2024-12-27 21:25:07,179 - INFO - Epoch: 18 | Train Loss: 0.6342784255743027 | CE Loss: 0.9296290367841721 | Distill Loss: 0.44835261404514315
2024-12-27 21:25:07,218 - INFO - Cosine Similarity: 0.0614215362817049, Variance: 58.66984939575195
2024-12-27 21:25:07,218 - INFO - Distillation Epoch: 19
2024-12-27 21:25:09,452 - INFO - Epoch: 19 | Train Loss: 0.6332631200551987 | CE Loss: 0.9236676126718522 | Distill Loss: 0.4485295906662941
2024-12-27 21:25:09,496 - INFO - Cosine Similarity: 0.04700831938534975, Variance: 61.9526481628418
2024-12-27 21:25:09,496 - INFO - Distillation Epoch: 20
2024-12-27 21:25:11,738 - INFO - Epoch: 20 | Train Loss: 0.6335677623748779 | CE Loss: 0.9252591073513031 | Distill Loss: 0.4485159382224083
2024-12-27 21:25:11,767 - INFO - Cosine Similarity: 0.015764393471181394, Variance: 65.22697448730469
2024-12-27 21:25:58,320 - INFO - Distillation Epoch: 1
2024-12-27 21:26:00,516 - INFO - Epoch: 1 | Train Loss: 0.7003342151641846 | CE Loss: 1.1181763410568237 | Distill Loss: 0.4766989439725876
2024-12-27 21:26:00,548 - INFO - Cosine Similarity: 0.007032336667180061, Variance: 3.9152190685272217
2024-12-27 21:26:00,548 - INFO - Distillation Epoch: 2
2024-12-27 21:26:02,762 - INFO - Epoch: 2 | Train Loss: 0.678043881058693 | CE Loss: 1.038045158982277 | Distill Loss: 0.4704348459839821
2024-12-27 21:26:02,796 - INFO - Cosine Similarity: -0.0025138843804597853, Variance: 7.4165520668029785
2024-12-27 21:26:02,796 - INFO - Distillation Epoch: 3
2024-12-27 21:26:05,017 - INFO - Epoch: 3 | Train Loss: 0.6735696256160736 | CE Loss: 1.0138313829898835 | Distill Loss: 0.4708033472299576
2024-12-27 21:26:05,051 - INFO - Cosine Similarity: 0.020548970624804496, Variance: 11.0653715133667
2024-12-27 21:26:05,051 - INFO - Distillation Epoch: 4
2024-12-27 21:26:07,270 - INFO - Epoch: 4 | Train Loss: 0.6700952112674713 | CE Loss: 0.9945913970470428 | Distill Loss: 0.47117692679166795
2024-12-27 21:26:07,310 - INFO - Cosine Similarity: 0.023177467100322247, Variance: 14.77221393585205
2024-12-27 21:26:07,311 - INFO - Distillation Epoch: 5
2024-12-27 21:26:09,534 - INFO - Epoch: 5 | Train Loss: 0.6689173012971878 | CE Loss: 0.9915452331304551 | Distill Loss: 0.4706082507967949
2024-12-27 21:26:09,565 - INFO - Cosine Similarity: -0.006867045722901821, Variance: 18.512285232543945
2024-12-27 21:26:09,565 - INFO - Distillation Epoch: 6
2024-12-27 21:26:11,793 - INFO - Epoch: 6 | Train Loss: 0.6672991782426834 | CE Loss: 0.9781270235776901 | Distill Loss: 0.4716737762093544
2024-12-27 21:26:11,829 - INFO - Cosine Similarity: -0.03796227462589741, Variance: 22.261211395263672
2024-12-27 21:26:11,829 - INFO - Distillation Epoch: 7
2024-12-27 21:26:14,054 - INFO - Epoch: 7 | Train Loss: 0.667796790599823 | CE Loss: 0.9791949212551116 | Distill Loss: 0.4719578132033348
2024-12-27 21:26:14,079 - INFO - Cosine Similarity: -0.010606921464204788, Variance: 25.9893856048584
2024-12-27 21:26:14,079 - INFO - Distillation Epoch: 8
2024-12-27 21:26:16,312 - INFO - Epoch: 8 | Train Loss: 0.6652387708425522 | CE Loss: 0.959809198975563 | Distill Loss: 0.47327693104743956
2024-12-27 21:26:16,345 - INFO - Cosine Similarity: 0.021576476469635963, Variance: 29.71651840209961
2024-12-27 21:26:16,345 - INFO - Distillation Epoch: 9
2024-12-27 21:26:18,562 - INFO - Epoch: 9 | Train Loss: 0.6644185274839401 | CE Loss: 0.9576764136552811 | Distill Loss: 0.4728832393884659
2024-12-27 21:26:18,602 - INFO - Cosine Similarity: -0.018964069336652754, Variance: 33.484535217285156
2024-12-27 21:26:18,602 - INFO - Distillation Epoch: 10
2024-12-27 21:26:20,818 - INFO - Epoch: 10 | Train Loss: 0.6629707276821136 | CE Loss: 0.9452754259109497 | Distill Loss: 0.4739156439900398
2024-12-27 21:26:20,851 - INFO - Cosine Similarity: -0.007601010613143444, Variance: 37.22871398925781
2024-12-27 21:26:20,851 - INFO - Distillation Epoch: 11
2024-12-27 21:26:23,075 - INFO - Epoch: 11 | Train Loss: 0.6632389515638352 | CE Loss: 0.9461610436439514 | Distill Loss: 0.4740067422389984
2024-12-27 21:26:23,109 - INFO - Cosine Similarity: 0.05440733432769775, Variance: 40.94977569580078
2024-12-27 21:26:23,109 - INFO - Distillation Epoch: 12
2024-12-27 21:26:25,338 - INFO - Epoch: 12 | Train Loss: 0.6636193990707397 | CE Loss: 0.9413495272397995 | Distill Loss: 0.4753494843840599
2024-12-27 21:26:25,371 - INFO - Cosine Similarity: -0.04979451708495617, Variance: 44.734134674072266
2024-12-27 21:26:25,373 - INFO - Distillation Epoch: 13
2024-12-27 21:26:27,594 - INFO - Epoch: 13 | Train Loss: 0.6624252587556839 | CE Loss: 0.9382804989814758 | Distill Loss: 0.4747691586613655
2024-12-27 21:26:27,619 - INFO - Cosine Similarity: 0.01996282134205103, Variance: 48.44947814941406
2024-12-27 21:26:27,619 - INFO - Distillation Epoch: 14
2024-12-27 21:26:29,850 - INFO - Epoch: 14 | Train Loss: 0.6637088000774384 | CE Loss: 0.9440063446760177 | Distill Loss: 0.4749075248837471
2024-12-27 21:26:29,878 - INFO - Cosine Similarity: 0.026377055794000626, Variance: 52.192710876464844
2024-12-27 21:26:29,878 - INFO - Distillation Epoch: 15
2024-12-27 21:26:32,105 - INFO - Epoch: 15 | Train Loss: 0.6613282293081284 | CE Loss: 0.9290727496147155 | Distill Loss: 0.47551367431879044
2024-12-27 21:26:32,139 - INFO - Cosine Similarity: 0.02946069766767323, Variance: 55.93389129638672
2024-12-27 21:26:32,139 - INFO - Distillation Epoch: 16
2024-12-27 21:26:34,359 - INFO - Epoch: 16 | Train Loss: 0.6617219775915146 | CE Loss: 0.9306961029767991 | Distill Loss: 0.4755827531218529
2024-12-27 21:26:34,395 - INFO - Cosine Similarity: 0.0602859852835536, Variance: 59.6698112487793
2024-12-27 21:26:34,395 - INFO - Distillation Epoch: 17
2024-12-27 21:26:36,612 - INFO - Epoch: 17 | Train Loss: 0.660795259475708 | CE Loss: 0.9189663469791413 | Distill Loss: 0.4770019888877869
2024-12-27 21:26:36,662 - INFO - Cosine Similarity: -0.0695311788469553, Variance: 63.47715377807617
2024-12-27 21:26:36,662 - INFO - Distillation Epoch: 18
2024-12-27 21:26:38,881 - INFO - Epoch: 18 | Train Loss: 0.6616592407226562 | CE Loss: 0.9244619011878967 | Distill Loss: 0.4767668589949608
2024-12-27 21:26:38,919 - INFO - Cosine Similarity: 0.01577140875160694, Variance: 67.18394470214844
2024-12-27 21:26:38,919 - INFO - Distillation Epoch: 19
2024-12-27 21:26:41,143 - INFO - Epoch: 19 | Train Loss: 0.6616136938333511 | CE Loss: 0.9238548398017883 | Distill Loss: 0.4768427163362503
2024-12-27 21:26:41,174 - INFO - Cosine Similarity: 0.004751747008413076, Variance: 70.94447326660156
2024-12-27 21:26:41,174 - INFO - Distillation Epoch: 20
2024-12-27 21:26:43,409 - INFO - Epoch: 20 | Train Loss: 0.6600585281848907 | CE Loss: 0.9156134694814682 | Distill Loss: 0.4769358351826668
2024-12-27 21:26:43,445 - INFO - Cosine Similarity: 0.06607631891965866, Variance: 74.66867065429688
2024-12-27 21:27:30,585 - INFO - Distillation Epoch: 1
2024-12-27 21:27:32,804 - INFO - Epoch: 1 | Train Loss: 0.7528412640094757 | CE Loss: 1.334004181623459 | Distill Loss: 0.48604042232036593
2024-12-27 21:27:32,846 - INFO - Cosine Similarity: -0.06445472612977028, Variance: 3.8302483558654785
2024-12-27 21:27:32,846 - INFO - Distillation Epoch: 2
2024-12-27 21:27:35,055 - INFO - Epoch: 2 | Train Loss: 0.720647069811821 | CE Loss: 1.1258260697126388 | Distill Loss: 0.49548185914754866
2024-12-27 21:27:35,088 - INFO - Cosine Similarity: -0.02891696644946933, Variance: 7.165471076965332
2024-12-27 21:27:35,088 - INFO - Distillation Epoch: 3
2024-12-27 21:27:37,314 - INFO - Epoch: 3 | Train Loss: 0.7153742969036102 | CE Loss: 1.1209932327270509 | Distill Loss: 0.4911756470799446
2024-12-27 21:27:37,357 - INFO - Cosine Similarity: 0.03610233338549733, Variance: 10.714524269104004
2024-12-27 21:27:37,357 - INFO - Distillation Epoch: 4
2024-12-27 21:27:39,577 - INFO - Epoch: 4 | Train Loss: 0.7130620986223221 | CE Loss: 1.1001679241657256 | Distill Loss: 0.4930285081267357
2024-12-27 21:27:39,609 - INFO - Cosine Similarity: 0.00046279188245534897, Variance: 14.352643013000488
2024-12-27 21:27:39,609 - INFO - Distillation Epoch: 5
2024-12-27 21:27:41,838 - INFO - Epoch: 5 | Train Loss: 0.7112565219402314 | CE Loss: 1.09294992685318 | Distill Loss: 0.49266652911901476
2024-12-27 21:27:41,880 - INFO - Cosine Similarity: -0.02489570379257202, Variance: 18.01334571838379
2024-12-27 21:27:41,880 - INFO - Distillation Epoch: 6
2024-12-27 21:27:44,095 - INFO - Epoch: 6 | Train Loss: 0.7109274059534073 | CE Loss: 1.0807232409715652 | Distill Loss: 0.49478275179862974
2024-12-27 21:27:44,118 - INFO - Cosine Similarity: -0.05650898590683937, Variance: 21.680707931518555
2024-12-27 21:27:44,118 - INFO - Distillation Epoch: 7
2024-12-27 21:27:46,346 - INFO - Epoch: 7 | Train Loss: 0.709320142865181 | CE Loss: 1.080472594499588 | Distill Loss: 0.493225622177124
2024-12-27 21:27:46,381 - INFO - Cosine Similarity: -0.016380082815885544, Variance: 25.328025817871094
2024-12-27 21:27:46,381 - INFO - Distillation Epoch: 8
2024-12-27 21:27:48,594 - INFO - Epoch: 8 | Train Loss: 0.7083223342895508 | CE Loss: 1.0690491765737533 | Distill Loss: 0.49451250284910203
2024-12-27 21:27:48,630 - INFO - Cosine Similarity: 0.026756078377366065, Variance: 28.97686767578125
2024-12-27 21:27:48,630 - INFO - Distillation Epoch: 9
2024-12-27 21:27:50,848 - INFO - Epoch: 9 | Train Loss: 0.7063371270895005 | CE Loss: 1.053796112537384 | Distill Loss: 0.4955779016017914
2024-12-27 21:27:50,877 - INFO - Cosine Similarity: -0.029597934707999228, Variance: 32.66082000732422
2024-12-27 21:27:50,877 - INFO - Distillation Epoch: 10
2024-12-27 21:27:53,094 - INFO - Epoch: 10 | Train Loss: 0.7082533806562423 | CE Loss: 1.0574836134910583 | Distill Loss: 0.4967566549777985
2024-12-27 21:27:53,129 - INFO - Cosine Similarity: -0.030088289827108382, Variance: 36.3275260925293
2024-12-27 21:27:53,129 - INFO - Distillation Epoch: 11
2024-12-27 21:27:55,343 - INFO - Epoch: 11 | Train Loss: 0.7063058137893676 | CE Loss: 1.050784060359001 | Distill Loss: 0.49614899754524233
2024-12-27 21:27:55,388 - INFO - Cosine Similarity: -0.03362860130146146, Variance: 39.99686813354492
2024-12-27 21:27:55,388 - INFO - Distillation Epoch: 12
2024-12-27 21:27:57,607 - INFO - Epoch: 12 | Train Loss: 0.7066553473472595 | CE Loss: 1.052235198020935 | Distill Loss: 0.49620830565690993
2024-12-27 21:27:57,643 - INFO - Cosine Similarity: -0.0063269009813666345, Variance: 43.669071197509766
2024-12-27 21:27:57,643 - INFO - Distillation Epoch: 13
2024-12-27 21:27:59,862 - INFO - Epoch: 13 | Train Loss: 0.7066039025783539 | CE Loss: 1.0440930038690568 | Distill Loss: 0.4977852925658226
2024-12-27 21:27:59,895 - INFO - Cosine Similarity: -0.002904090844094753, Variance: 47.34246063232422
2024-12-27 21:27:59,895 - INFO - Distillation Epoch: 14
2024-12-27 21:28:02,119 - INFO - Epoch: 14 | Train Loss: 0.7051895141601563 | CE Loss: 1.0395172864198685 | Distill Loss: 0.49728605300188067
2024-12-27 21:28:02,146 - INFO - Cosine Similarity: -0.03720695711672306, Variance: 51.02158737182617
2024-12-27 21:28:02,156 - INFO - Distillation Epoch: 15
2024-12-27 21:28:04,370 - INFO - Epoch: 15 | Train Loss: 0.7040764898061752 | CE Loss: 1.0338101536035538 | Distill Loss: 0.49731445759534837
2024-12-27 21:28:04,409 - INFO - Cosine Similarity: -0.012567105889320373, Variance: 54.68767166137695
2024-12-27 21:28:04,409 - INFO - Distillation Epoch: 16
2024-12-27 21:28:06,628 - INFO - Epoch: 16 | Train Loss: 0.7046630054712295 | CE Loss: 1.0360396534204483 | Distill Loss: 0.4974550724029541
2024-12-27 21:28:06,666 - INFO - Cosine Similarity: -0.027482195943593978, Variance: 58.37288284301758
2024-12-27 21:28:06,666 - INFO - Distillation Epoch: 17
2024-12-27 21:28:08,873 - INFO - Epoch: 17 | Train Loss: 0.7047005712985992 | CE Loss: 1.0278193742036819 | Distill Loss: 0.49913669377565384
2024-12-27 21:28:08,919 - INFO - Cosine Similarity: -0.01912316270172596, Variance: 62.0374870300293
2024-12-27 21:28:08,919 - INFO - Distillation Epoch: 18
2024-12-27 21:28:11,146 - INFO - Epoch: 18 | Train Loss: 0.7038487821817399 | CE Loss: 1.0323283046483993 | Distill Loss: 0.4973831236362457
2024-12-27 21:28:11,184 - INFO - Cosine Similarity: -0.04010751806199551, Variance: 65.7139663696289
2024-12-27 21:28:11,184 - INFO - Distillation Epoch: 19
2024-12-27 21:28:13,408 - INFO - Epoch: 19 | Train Loss: 0.7031829178333282 | CE Loss: 1.0255156636238099 | Distill Loss: 0.4980797812342644
2024-12-27 21:28:13,446 - INFO - Cosine Similarity: 0.006781071238219738, Variance: 69.37200927734375
2024-12-27 21:28:13,446 - INFO - Distillation Epoch: 20
2024-12-27 21:28:15,655 - INFO - Epoch: 20 | Train Loss: 0.702085068821907 | CE Loss: 1.0190907061100005 | Distill Loss: 0.4982669159770012
2024-12-27 21:28:15,702 - INFO - Cosine Similarity: -0.0045510753989219666, Variance: 73.05122375488281
2024-12-27 21:29:02,539 - INFO - Distillation Epoch: 1
2024-12-27 21:29:04,751 - INFO - Epoch: 1 | Train Loss: 0.6649590492248535 | CE Loss: 0.913504672050476 | Distill Loss: 0.48225811719894407
2024-12-27 21:29:04,786 - INFO - Cosine Similarity: -0.08989858329296112, Variance: 3.946728467941284
2024-12-27 21:29:04,786 - INFO - Distillation Epoch: 2
2024-12-27 21:29:07,000 - INFO - Epoch: 2 | Train Loss: 0.6427515000104904 | CE Loss: 0.8238887310028076 | Distill Loss: 0.47797375321388247
2024-12-27 21:29:07,033 - INFO - Cosine Similarity: -0.014924364537000656, Variance: 7.408432960510254
2024-12-27 21:29:07,033 - INFO - Distillation Epoch: 3
2024-12-27 21:29:09,253 - INFO - Epoch: 3 | Train Loss: 0.6399387538433075 | CE Loss: 0.814159506559372 | Distill Loss: 0.4771068572998047
2024-12-27 21:29:09,285 - INFO - Cosine Similarity: -0.014746887516230345, Variance: 11.075325965881348
2024-12-27 21:29:09,285 - INFO - Distillation Epoch: 4
2024-12-27 21:29:11,503 - INFO - Epoch: 4 | Train Loss: 0.6378893256187439 | CE Loss: 0.8051443010568619 | Distill Loss: 0.47686046212911604
2024-12-27 21:29:11,532 - INFO - Cosine Similarity: -0.05676423497498036, Variance: 14.793180465698242
2024-12-27 21:29:11,532 - INFO - Distillation Epoch: 5
2024-12-27 21:29:13,761 - INFO - Epoch: 5 | Train Loss: 0.6364903926849366 | CE Loss: 0.802632862329483 | Distill Loss: 0.47596382200717924
2024-12-27 21:29:13,799 - INFO - Cosine Similarity: -0.05593145303428173, Variance: 18.503429412841797
2024-12-27 21:29:13,799 - INFO - Distillation Epoch: 6
2024-12-27 21:29:16,013 - INFO - Epoch: 6 | Train Loss: 0.6367583364248276 | CE Loss: 0.7970282793045044 | Distill Loss: 0.4773526728153229
2024-12-27 21:29:16,049 - INFO - Cosine Similarity: 0.02693940419703722, Variance: 22.216243743896484
2024-12-27 21:29:16,049 - INFO - Distillation Epoch: 7
2024-12-27 21:29:18,279 - INFO - Epoch: 7 | Train Loss: 0.6354223012924194 | CE Loss: 0.7894470900297165 | Distill Loss: 0.4775328800082207
2024-12-27 21:29:18,315 - INFO - Cosine Similarity: 0.015432634204626084, Variance: 25.957550048828125
2024-12-27 21:29:18,315 - INFO - Distillation Epoch: 8
2024-12-27 21:29:20,532 - INFO - Epoch: 8 | Train Loss: 0.6351096630096436 | CE Loss: 0.7936174690723419 | Distill Loss: 0.4763861671090126
2024-12-27 21:29:20,561 - INFO - Cosine Similarity: 0.049890538305044176, Variance: 29.67531967163086
2024-12-27 21:29:20,561 - INFO - Distillation Epoch: 9
2024-12-27 21:29:22,779 - INFO - Epoch: 9 | Train Loss: 0.6352845758199692 | CE Loss: 0.7911605358123779 | Distill Loss: 0.47705246657133105
2024-12-27 21:29:22,819 - INFO - Cosine Similarity: -0.0021555135026574135, Variance: 33.42168426513672
2024-12-27 21:29:22,819 - INFO - Distillation Epoch: 10
2024-12-27 21:29:25,043 - INFO - Epoch: 10 | Train Loss: 0.6358834773302078 | CE Loss: 0.7918330878019333 | Distill Loss: 0.47751685231924057
2024-12-27 21:29:25,078 - INFO - Cosine Similarity: 0.04574220851063728, Variance: 37.148765563964844
2024-12-27 21:29:25,078 - INFO - Distillation Epoch: 11
2024-12-27 21:29:27,301 - INFO - Epoch: 11 | Train Loss: 0.6343008816242218 | CE Loss: 0.781277883052826 | Distill Loss: 0.4780453026294708
2024-12-27 21:29:27,330 - INFO - Cosine Similarity: -0.062500374391675, Variance: 40.90807342529297
2024-12-27 21:29:27,330 - INFO - Distillation Epoch: 12
2024-12-27 21:29:29,554 - INFO - Epoch: 12 | Train Loss: 0.6351579427719116 | CE Loss: 0.7893475770950318 | Distill Loss: 0.47728842347860334
2024-12-27 21:29:29,586 - INFO - Cosine Similarity: -0.05582688301801682, Variance: 44.6512336730957
2024-12-27 21:29:29,586 - INFO - Distillation Epoch: 13
2024-12-27 21:29:31,811 - INFO - Epoch: 13 | Train Loss: 0.6345761507749558 | CE Loss: 0.7804439276456833 | Distill Loss: 0.4784873589873314
2024-12-27 21:29:31,846 - INFO - Cosine Similarity: -0.004381072730757296, Variance: 48.380287170410156
2024-12-27 21:29:31,846 - INFO - Distillation Epoch: 14
2024-12-27 21:29:34,066 - INFO - Epoch: 14 | Train Loss: 0.6336149036884308 | CE Loss: 0.7796765863895416 | Distill Loss: 0.47767958641052244
2024-12-27 21:29:34,096 - INFO - Cosine Similarity: -0.035958283208310605, Variance: 52.122833251953125
2024-12-27 21:29:34,096 - INFO - Distillation Epoch: 15
2024-12-27 21:29:36,314 - INFO - Epoch: 15 | Train Loss: 0.6349132716655731 | CE Loss: 0.7848623037338257 | Distill Loss: 0.47794080674648287
2024-12-27 21:29:36,356 - INFO - Cosine Similarity: 0.0487883310765028, Variance: 55.841949462890625
2024-12-27 21:29:36,356 - INFO - Distillation Epoch: 16
2024-12-27 21:29:38,577 - INFO - Epoch: 16 | Train Loss: 0.6342981815338135 | CE Loss: 0.780096772313118 | Distill Loss: 0.4782788321375847
2024-12-27 21:29:38,615 - INFO - Cosine Similarity: -0.10924878716468811, Variance: 59.608924865722656
2024-12-27 21:29:38,615 - INFO - Distillation Epoch: 17
2024-12-27 21:29:40,820 - INFO - Epoch: 17 | Train Loss: 0.6340897768735886 | CE Loss: 0.7718784779310226 | Distill Loss: 0.4797140687704086
2024-12-27 21:29:40,862 - INFO - Cosine Similarity: -0.05103432945907116, Variance: 63.34052658081055
2024-12-27 21:29:40,862 - INFO - Distillation Epoch: 18
2024-12-27 21:29:43,077 - INFO - Epoch: 18 | Train Loss: 0.6330343157052993 | CE Loss: 0.7788189053535461 | Distill Loss: 0.47727052867412567
2024-12-27 21:29:43,122 - INFO - Cosine Similarity: -0.04241616502404213, Variance: 67.07855224609375
2024-12-27 21:29:43,122 - INFO - Distillation Epoch: 19
2024-12-27 21:29:45,342 - INFO - Epoch: 19 | Train Loss: 0.6334361135959625 | CE Loss: 0.7723092466592789 | Distill Loss: 0.47897426784038544
2024-12-27 21:29:45,378 - INFO - Cosine Similarity: 0.002939981035888195, Variance: 70.81356048583984
2024-12-27 21:29:45,379 - INFO - Distillation Epoch: 20
2024-12-27 21:29:47,605 - INFO - Epoch: 20 | Train Loss: 0.6333932042121887 | CE Loss: 0.7746305674314499 | Distill Loss: 0.4784670829772949
2024-12-27 21:29:47,637 - INFO - Cosine Similarity: -0.06278894953429699, Variance: 74.5770492553711
2024-12-27 21:30:34,429 - INFO - Distillation Epoch: 1
2024-12-27 21:30:36,657 - INFO - Epoch: 1 | Train Loss: 0.6650294095277787 | CE Loss: 0.9821522951126098 | Distill Loss: 0.46859895139932634
2024-12-27 21:30:36,692 - INFO - Cosine Similarity: -0.01770293526351452, Variance: 3.8425076007843018
2024-12-27 21:30:36,692 - INFO - Distillation Epoch: 2
2024-12-27 21:30:38,899 - INFO - Epoch: 2 | Train Loss: 0.6492323279380798 | CE Loss: 0.9146209508180618 | Distill Loss: 0.4663081347942352
2024-12-27 21:30:38,931 - INFO - Cosine Similarity: 0.008364048600196839, Variance: 7.332056522369385
2024-12-27 21:30:38,931 - INFO - Distillation Epoch: 3
2024-12-27 21:30:41,154 - INFO - Epoch: 3 | Train Loss: 0.6436021119356156 | CE Loss: 0.8848150908946991 | Distill Loss: 0.4666390910744667
2024-12-27 21:30:41,187 - INFO - Cosine Similarity: -0.01185807390138507, Variance: 11.008563995361328
2024-12-27 21:30:41,187 - INFO - Distillation Epoch: 4
2024-12-27 21:30:43,422 - INFO - Epoch: 4 | Train Loss: 0.6416339486837387 | CE Loss: 0.8734073132276535 | Distill Loss: 0.46695248037576675
2024-12-27 21:30:43,453 - INFO - Cosine Similarity: 0.016071057878434658, Variance: 14.691156387329102
2024-12-27 21:30:43,453 - INFO - Distillation Epoch: 5
2024-12-27 21:30:45,680 - INFO - Epoch: 5 | Train Loss: 0.6393318593502044 | CE Loss: 0.8560777455568314 | Distill Loss: 0.46811630129814147
2024-12-27 21:30:45,719 - INFO - Cosine Similarity: -0.011263665929436683, Variance: 18.41669464111328
2024-12-27 21:30:45,719 - INFO - Distillation Epoch: 6
2024-12-27 21:30:47,959 - INFO - Epoch: 6 | Train Loss: 0.6408291727304458 | CE Loss: 0.856594231724739 | Distill Loss: 0.46951032876968385
2024-12-27 21:30:47,988 - INFO - Cosine Similarity: 0.02287055682390928, Variance: 22.134597778320312
2024-12-27 21:30:47,994 - INFO - Distillation Epoch: 7
2024-12-27 21:30:50,213 - INFO - Epoch: 7 | Train Loss: 0.6388209700584412 | CE Loss: 0.8474952936172485 | Distill Loss: 0.4693219095468521
2024-12-27 21:30:50,259 - INFO - Cosine Similarity: 0.03168729525059462, Variance: 25.86250877380371
2024-12-27 21:30:50,259 - INFO - Distillation Epoch: 8
2024-12-27 21:30:52,488 - INFO - Epoch: 8 | Train Loss: 0.6372023224830627 | CE Loss: 0.8365997761487961 | Distill Loss: 0.46988236010074613
2024-12-27 21:30:52,522 - INFO - Cosine Similarity: -0.0027172258123755455, Variance: 29.60968017578125
2024-12-27 21:30:52,522 - INFO - Distillation Epoch: 9
2024-12-27 21:30:54,747 - INFO - Epoch: 9 | Train Loss: 0.6374164670705795 | CE Loss: 0.8291372984647751 | Distill Loss: 0.471589007973671
2024-12-27 21:30:54,778 - INFO - Cosine Similarity: -0.0189331641420722, Variance: 33.35707473754883
2024-12-27 21:30:54,778 - INFO - Distillation Epoch: 10
2024-12-27 21:30:57,004 - INFO - Epoch: 10 | Train Loss: 0.6356291383504867 | CE Loss: 0.8234649240970612 | Distill Loss: 0.47093615531921384
2024-12-27 21:30:57,038 - INFO - Cosine Similarity: 0.0075644092634320256, Variance: 37.08970260620117
2024-12-27 21:30:57,038 - INFO - Distillation Epoch: 11
2024-12-27 21:30:59,269 - INFO - Epoch: 11 | Train Loss: 0.6352121114730835 | CE Loss: 0.8219072222709656 | Distill Loss: 0.470830662548542
2024-12-27 21:30:59,305 - INFO - Cosine Similarity: 0.01683204211294651, Variance: 40.823307037353516
2024-12-27 21:30:59,305 - INFO - Distillation Epoch: 12
2024-12-27 21:31:01,524 - INFO - Epoch: 12 | Train Loss: 0.635029923915863 | CE Loss: 0.8171081960201263 | Distill Loss: 0.4716082811355591
2024-12-27 21:31:01,551 - INFO - Cosine Similarity: -0.024540650844573974, Variance: 44.576515197753906
2024-12-27 21:31:01,551 - INFO - Distillation Epoch: 13
2024-12-27 21:31:03,789 - INFO - Epoch: 13 | Train Loss: 0.6348913908004761 | CE Loss: 0.8117291688919067 | Distill Loss: 0.4725455537438393
2024-12-27 21:31:03,833 - INFO - Cosine Similarity: 0.013276353105902671, Variance: 48.30567932128906
2024-12-27 21:31:03,833 - INFO - Distillation Epoch: 14
2024-12-27 21:31:06,044 - INFO - Epoch: 14 | Train Loss: 0.6334800034761429 | CE Loss: 0.8099150508642197 | Distill Loss: 0.4714969903230667
2024-12-27 21:31:06,072 - INFO - Cosine Similarity: -0.012424434721469878, Variance: 52.05396270751953
2024-12-27 21:31:06,072 - INFO - Distillation Epoch: 15
2024-12-27 21:31:08,267 - INFO - Epoch: 15 | Train Loss: 0.6337095737457276 | CE Loss: 0.8044789284467697 | Distill Loss: 0.4728137910366058
2024-12-27 21:31:08,306 - INFO - Cosine Similarity: 0.02479203026741743, Variance: 55.78737258911133
2024-12-27 21:31:08,306 - INFO - Distillation Epoch: 16
2024-12-27 21:31:10,526 - INFO - Epoch: 16 | Train Loss: 0.6328406661748887 | CE Loss: 0.8041296899318695 | Distill Loss: 0.47201472371816633
2024-12-27 21:31:10,565 - INFO - Cosine Similarity: 0.011562999105080962, Variance: 59.534629821777344
2024-12-27 21:31:10,565 - INFO - Distillation Epoch: 17
2024-12-27 21:31:12,795 - INFO - Epoch: 17 | Train Loss: 0.6321781575679779 | CE Loss: 0.7976121604442596 | Distill Loss: 0.47265572398900985
2024-12-27 21:31:12,829 - INFO - Cosine Similarity: 0.004266350995749235, Variance: 63.2773551940918
2024-12-27 21:31:12,829 - INFO - Distillation Epoch: 18
2024-12-27 21:31:15,039 - INFO - Epoch: 18 | Train Loss: 0.63194240629673 | CE Loss: 0.7982932388782501 | Distill Loss: 0.47228375524282457
2024-12-27 21:31:15,071 - INFO - Cosine Similarity: -0.02208434292115271, Variance: 67.0276870727539
2024-12-27 21:31:15,071 - INFO - Distillation Epoch: 19
2024-12-27 21:31:17,287 - INFO - Epoch: 19 | Train Loss: 0.6320570886135102 | CE Loss: 0.7906140565872193 | Distill Loss: 0.4739342719316483
2024-12-27 21:31:17,323 - INFO - Cosine Similarity: -0.017071106657385825, Variance: 70.76725769042969
2024-12-27 21:31:17,323 - INFO - Distillation Epoch: 20
2024-12-27 21:31:19,541 - INFO - Epoch: 20 | Train Loss: 0.6318076610565185 | CE Loss: 0.793711495399475 | Distill Loss: 0.47306535989046095
2024-12-27 21:31:19,568 - INFO - Cosine Similarity: -0.008495035208761692, Variance: 74.50697326660156
2024-12-27 21:32:06,347 - INFO - Distillation Epoch: 1
2024-12-27 21:32:08,535 - INFO - Epoch: 1 | Train Loss: 0.6611161917448044 | CE Loss: 1.0319844037294388 | Distill Loss: 0.454719303548336
2024-12-27 21:32:08,569 - INFO - Cosine Similarity: 0.0064936747774481775, Variance: 3.915952205657959
2024-12-27 21:32:08,569 - INFO - Distillation Epoch: 2
2024-12-27 21:32:10,753 - INFO - Epoch: 2 | Train Loss: 0.6451972126960754 | CE Loss: 0.9689317584037781 | Distill Loss: 0.4514108508825302
2024-12-27 21:32:10,787 - INFO - Cosine Similarity: -0.02254136763513088, Variance: 7.295262336730957
2024-12-27 21:32:10,787 - INFO - Distillation Epoch: 3
2024-12-27 21:32:12,966 - INFO - Epoch: 3 | Train Loss: 0.6398492604494095 | CE Loss: 0.9422093540430069 | Distill Loss: 0.451407390832901
2024-12-27 21:32:13,004 - INFO - Cosine Similarity: -0.03994615152478218, Variance: 10.885168075561523
2024-12-27 21:32:13,004 - INFO - Distillation Epoch: 4
2024-12-27 21:32:15,188 - INFO - Epoch: 4 | Train Loss: 0.6403006911277771 | CE Loss: 0.937286502122879 | Distill Loss: 0.4528433933854103
2024-12-27 21:32:15,228 - INFO - Cosine Similarity: -0.02878618398681283, Variance: 14.505541801452637
2024-12-27 21:32:15,228 - INFO - Distillation Epoch: 5
2024-12-27 21:32:17,413 - INFO - Epoch: 5 | Train Loss: 0.6369886577129364 | CE Loss: 0.9180085152387619 | Distill Loss: 0.45338694751262665
2024-12-27 21:32:17,455 - INFO - Cosine Similarity: 0.010041641630232334, Variance: 18.130218505859375
2024-12-27 21:32:17,455 - INFO - Distillation Epoch: 6
2024-12-27 21:32:19,644 - INFO - Epoch: 6 | Train Loss: 0.6364667147397995 | CE Loss: 0.9074659705162048 | Distill Loss: 0.45497351735830305
2024-12-27 21:32:19,676 - INFO - Cosine Similarity: -0.0005368833197280764, Variance: 21.798751831054688
2024-12-27 21:32:19,676 - INFO - Distillation Epoch: 7
2024-12-27 21:32:21,869 - INFO - Epoch: 7 | Train Loss: 0.6347176492214203 | CE Loss: 0.8991585403680802 | Distill Loss: 0.4548859387636185
2024-12-27 21:32:21,896 - INFO - Cosine Similarity: 0.008052003011107445, Variance: 25.470643997192383
2024-12-27 21:32:21,896 - INFO - Distillation Epoch: 8
2024-12-27 21:32:24,095 - INFO - Epoch: 8 | Train Loss: 0.6335318744182586 | CE Loss: 0.8878972470760346 | Distill Loss: 0.4559524208307266
2024-12-27 21:32:24,128 - INFO - Cosine Similarity: 0.0009980577044188977, Variance: 29.14443016052246
2024-12-27 21:32:24,128 - INFO - Distillation Epoch: 9
2024-12-27 21:32:26,313 - INFO - Epoch: 9 | Train Loss: 0.633252090215683 | CE Loss: 0.8870803892612458 | Distill Loss: 0.4558360084891319
2024-12-27 21:32:26,347 - INFO - Cosine Similarity: 0.025658129528164864, Variance: 32.810829162597656
2024-12-27 21:32:26,347 - INFO - Distillation Epoch: 10
2024-12-27 21:32:28,539 - INFO - Epoch: 10 | Train Loss: 0.6319956094026565 | CE Loss: 0.8741341441869735 | Distill Loss: 0.45716877579689025
2024-12-27 21:32:28,571 - INFO - Cosine Similarity: -0.0008868951350450516, Variance: 36.50308609008789
2024-12-27 21:32:28,571 - INFO - Distillation Epoch: 11
2024-12-27 21:32:30,765 - INFO - Epoch: 11 | Train Loss: 0.6314661532640458 | CE Loss: 0.8680105626583099 | Distill Loss: 0.4578640326857567
2024-12-27 21:32:30,800 - INFO - Cosine Similarity: 0.02660291139036417, Variance: 40.17057800292969
2024-12-27 21:32:30,800 - INFO - Distillation Epoch: 12
2024-12-27 21:32:32,985 - INFO - Epoch: 12 | Train Loss: 0.6296414881944656 | CE Loss: 0.8638590425252914 | Distill Loss: 0.4568696767091751
2024-12-27 21:32:33,022 - INFO - Cosine Similarity: -0.03282209848985076, Variance: 43.854984283447266
2024-12-27 21:32:33,022 - INFO - Distillation Epoch: 13
2024-12-27 21:32:35,207 - INFO - Epoch: 13 | Train Loss: 0.6299955695867538 | CE Loss: 0.8580961436033249 | Distill Loss: 0.4583763346076012
2024-12-27 21:32:35,241 - INFO - Cosine Similarity: -0.0019508812576532364, Variance: 47.530418395996094
2024-12-27 21:32:35,241 - INFO - Distillation Epoch: 14
2024-12-27 21:32:37,428 - INFO - Epoch: 14 | Train Loss: 0.6310088723897934 | CE Loss: 0.8621075481176377 | Distill Loss: 0.4585873603820801
2024-12-27 21:32:37,463 - INFO - Cosine Similarity: 0.008180279470980167, Variance: 51.215232849121094
2024-12-27 21:32:37,463 - INFO - Distillation Epoch: 15
2024-12-27 21:32:39,654 - INFO - Epoch: 15 | Train Loss: 0.6297832667827606 | CE Loss: 0.8592577010393143 | Distill Loss: 0.4579317271709442
2024-12-27 21:32:39,696 - INFO - Cosine Similarity: -0.02462614104151726, Variance: 54.90117645263672
2024-12-27 21:32:39,696 - INFO - Distillation Epoch: 16
2024-12-27 21:32:41,894 - INFO - Epoch: 16 | Train Loss: 0.6282162934541702 | CE Loss: 0.8464977651834488 | Distill Loss: 0.45891674160957335
2024-12-27 21:32:41,928 - INFO - Cosine Similarity: -0.007215640787035227, Variance: 58.57628631591797
2024-12-27 21:32:41,928 - INFO - Distillation Epoch: 17
2024-12-27 21:32:44,140 - INFO - Epoch: 17 | Train Loss: 0.6275967687368393 | CE Loss: 0.8420088410377502 | Distill Loss: 0.4591949999332428
2024-12-27 21:32:44,171 - INFO - Cosine Similarity: -0.010671974718570709, Variance: 62.2657470703125
2024-12-27 21:32:44,171 - INFO - Distillation Epoch: 18
2024-12-27 21:32:46,368 - INFO - Epoch: 18 | Train Loss: 0.6286552906036377 | CE Loss: 0.843218418955803 | Distill Loss: 0.4600115954875946
2024-12-27 21:32:46,405 - INFO - Cosine Similarity: 0.005042046494781971, Variance: 65.94200134277344
2024-12-27 21:32:46,405 - INFO - Distillation Epoch: 19
2024-12-27 21:32:48,595 - INFO - Epoch: 19 | Train Loss: 0.6283021748065949 | CE Loss: 0.8436053544282913 | Distill Loss: 0.459581096470356
2024-12-27 21:32:48,641 - INFO - Cosine Similarity: -0.0026026473031379284, Variance: 69.6323471069336
2024-12-27 21:32:48,641 - INFO - Distillation Epoch: 20
2024-12-27 21:32:50,852 - INFO - Epoch: 20 | Train Loss: 0.6275023430585861 | CE Loss: 0.8381762415170669 | Distill Loss: 0.459867088496685
2024-12-27 21:32:50,895 - INFO - Cosine Similarity: 0.03140413723886013, Variance: 73.29539489746094
2024-12-27 21:33:37,814 - INFO - Distillation Epoch: 1
2024-12-27 21:33:39,998 - INFO - Epoch: 1 | Train Loss: 0.6382032811641694 | CE Loss: 0.9271494209766388 | Distill Loss: 0.45277339667081834
2024-12-27 21:33:40,037 - INFO - Cosine Similarity: 0.004735134728252888, Variance: 3.876680374145508
2024-12-27 21:33:40,037 - INFO - Distillation Epoch: 2
2024-12-27 21:33:42,218 - INFO - Epoch: 2 | Train Loss: 0.6267641484737396 | CE Loss: 0.8881072193384171 | Distill Loss: 0.4491427019238472
2024-12-27 21:33:42,261 - INFO - Cosine Similarity: -0.027413548715412617, Variance: 7.452349662780762
2024-12-27 21:33:42,261 - INFO - Distillation Epoch: 3
2024-12-27 21:33:44,454 - INFO - Epoch: 3 | Train Loss: 0.6209938019514084 | CE Loss: 0.8657160371541976 | Distill Loss: 0.4478505954146385
2024-12-27 21:33:44,487 - INFO - Cosine Similarity: -0.039550981111824514, Variance: 11.194130897521973
2024-12-27 21:33:44,487 - INFO - Distillation Epoch: 4
2024-12-27 21:33:46,680 - INFO - Epoch: 4 | Train Loss: 0.6196073859930038 | CE Loss: 0.8549358874559403 | Distill Loss: 0.44862020909786227
2024-12-27 21:33:46,720 - INFO - Cosine Similarity: 0.047842179983854295, Variance: 14.909200668334961
2024-12-27 21:33:46,720 - INFO - Distillation Epoch: 5
2024-12-27 21:33:48,915 - INFO - Epoch: 5 | Train Loss: 0.6172185093164444 | CE Loss: 0.8402568995952606 | Distill Loss: 0.44916712790727614
2024-12-27 21:33:48,955 - INFO - Cosine Similarity: 0.03568375110626221, Variance: 18.697063446044922
2024-12-27 21:33:48,955 - INFO - Distillation Epoch: 6
2024-12-27 21:33:51,141 - INFO - Epoch: 6 | Train Loss: 0.6176260381937027 | CE Loss: 0.8398065865039825 | Distill Loss: 0.44966471642255784
2024-12-27 21:33:51,175 - INFO - Cosine Similarity: -0.011670093983411789, Variance: 22.502538681030273
2024-12-27 21:33:51,175 - INFO - Distillation Epoch: 7
2024-12-27 21:33:53,371 - INFO - Epoch: 7 | Train Loss: 0.6164125889539719 | CE Loss: 0.8288715481758118 | Distill Loss: 0.4506382688879967
2024-12-27 21:33:53,402 - INFO - Cosine Similarity: 0.011391831561923027, Variance: 26.27980613708496
2024-12-27 21:33:53,402 - INFO - Distillation Epoch: 8
2024-12-27 21:33:55,595 - INFO - Epoch: 8 | Train Loss: 0.6142341613769531 | CE Loss: 0.8172953993082046 | Distill Loss: 0.4507750734686852
2024-12-27 21:33:55,620 - INFO - Cosine Similarity: -0.0031956344842910766, Variance: 30.064361572265625
2024-12-27 21:33:55,620 - INFO - Distillation Epoch: 9
2024-12-27 21:33:57,846 - INFO - Epoch: 9 | Train Loss: 0.6150843888521195 | CE Loss: 0.8185468018054962 | Distill Loss: 0.4513750195503235
2024-12-27 21:33:57,881 - INFO - Cosine Similarity: -0.014710378274321556, Variance: 33.85966491699219
2024-12-27 21:33:57,881 - INFO - Distillation Epoch: 10
2024-12-27 21:34:00,064 - INFO - Epoch: 10 | Train Loss: 0.613729277253151 | CE Loss: 0.8107696324586868 | Distill Loss: 0.4515753448009491
2024-12-27 21:34:00,106 - INFO - Cosine Similarity: -0.0013087483122944832, Variance: 37.64755630493164
2024-12-27 21:34:00,106 - INFO - Distillation Epoch: 11
2024-12-27 21:34:02,308 - INFO - Epoch: 11 | Train Loss: 0.6130233019590378 | CE Loss: 0.8052604794502258 | Distill Loss: 0.4519711971282959
2024-12-27 21:34:02,336 - INFO - Cosine Similarity: 0.01930409101769328, Variance: 41.420310974121094
2024-12-27 21:34:02,336 - INFO - Distillation Epoch: 12
2024-12-27 21:34:04,527 - INFO - Epoch: 12 | Train Loss: 0.6129220187664032 | CE Loss: 0.801885923743248 | Distill Loss: 0.452544829249382
2024-12-27 21:34:04,573 - INFO - Cosine Similarity: -0.010977692157030105, Variance: 45.22187423706055
2024-12-27 21:34:04,573 - INFO - Distillation Epoch: 13
2024-12-27 21:34:06,770 - INFO - Epoch: 13 | Train Loss: 0.6125727355480194 | CE Loss: 0.7974408686161041 | Distill Loss: 0.4530845612287521
2024-12-27 21:34:06,806 - INFO - Cosine Similarity: 0.025507277622818948, Variance: 49.002445220947266
2024-12-27 21:34:06,806 - INFO - Distillation Epoch: 14
2024-12-27 21:34:09,001 - INFO - Epoch: 14 | Train Loss: 0.6133899509906768 | CE Loss: 0.8072832733392715 | Distill Loss: 0.4519332930445671
2024-12-27 21:34:09,032 - INFO - Cosine Similarity: 0.01961455587297678, Variance: 52.787391662597656
2024-12-27 21:34:09,032 - INFO - Distillation Epoch: 15
2024-12-27 21:34:11,218 - INFO - Epoch: 15 | Train Loss: 0.6123657047748565 | CE Loss: 0.7962253361940383 | Distill Loss: 0.45312063694000243
2024-12-27 21:34:11,253 - INFO - Cosine Similarity: 0.00981823392212391, Variance: 56.58576202392578
2024-12-27 21:34:11,253 - INFO - Distillation Epoch: 16
2024-12-27 21:34:13,458 - INFO - Epoch: 16 | Train Loss: 0.6114154577255249 | CE Loss: 0.7816706776618958 | Distill Loss: 0.45508132725954054
2024-12-27 21:34:13,493 - INFO - Cosine Similarity: -0.017981181852519512, Variance: 60.382713317871094
2024-12-27 21:34:13,493 - INFO - Distillation Epoch: 17
2024-12-27 21:34:15,697 - INFO - Epoch: 17 | Train Loss: 0.6118441730737686 | CE Loss: 0.7875374853610992 | Distill Loss: 0.45433667600154876
2024-12-27 21:34:15,739 - INFO - Cosine Similarity: -0.018345783092081548, Variance: 64.16679382324219
2024-12-27 21:34:15,739 - INFO - Distillation Epoch: 18
2024-12-27 21:34:17,943 - INFO - Epoch: 18 | Train Loss: 0.6112207442522049 | CE Loss: 0.7818615227937699 | Distill Loss: 0.45484843850135803
2024-12-27 21:34:17,985 - INFO - Cosine Similarity: -0.01735941544175148, Variance: 67.95813751220703
2024-12-27 21:34:17,985 - INFO - Distillation Epoch: 19
2024-12-27 21:34:20,178 - INFO - Epoch: 19 | Train Loss: 0.6106326133012772 | CE Loss: 0.7798102766275405 | Distill Loss: 0.45467055439949033
2024-12-27 21:34:20,226 - INFO - Cosine Similarity: -0.050772131979465486, Variance: 71.76173400878906
2024-12-27 21:34:20,226 - INFO - Distillation Epoch: 20
2024-12-27 21:34:22,418 - INFO - Epoch: 20 | Train Loss: 0.6103458225727081 | CE Loss: 0.779161536693573 | Distill Loss: 0.45451351404190066
2024-12-27 21:34:22,453 - INFO - Cosine Similarity: -0.02356846034526825, Variance: 75.54129028320312
2024-12-27 21:35:09,934 - INFO - Distillation Epoch: 1
2024-12-27 21:35:12,107 - INFO - Epoch: 1 | Train Loss: 0.6668667316436767 | CE Loss: 0.9076620936393738 | Distill Loss: 0.48533430844545367
2024-12-27 21:35:12,151 - INFO - Cosine Similarity: -0.038549871742725374, Variance: 3.9649548530578613
2024-12-27 21:35:12,151 - INFO - Distillation Epoch: 2
2024-12-27 21:35:14,303 - INFO - Epoch: 2 | Train Loss: 0.6464272171258927 | CE Loss: 0.8557764321565628 | Distill Loss: 0.4752719238400459
2024-12-27 21:35:14,347 - INFO - Cosine Similarity: -0.00758624766021967, Variance: 7.701159477233887
2024-12-27 21:35:14,347 - INFO - Distillation Epoch: 3
2024-12-27 21:35:16,535 - INFO - Epoch: 3 | Train Loss: 0.6425433188676835 | CE Loss: 0.8381027221679688 | Distill Loss: 0.47492277175188063
2024-12-27 21:35:16,569 - INFO - Cosine Similarity: 0.06443316573277116, Variance: 11.574460983276367
2024-12-27 21:35:16,569 - INFO - Distillation Epoch: 4
2024-12-27 21:35:18,745 - INFO - Epoch: 4 | Train Loss: 0.6397262871265411 | CE Loss: 0.8239576399326325 | Distill Loss: 0.47493475377559663
2024-12-27 21:35:18,779 - INFO - Cosine Similarity: -0.04128331430256367, Variance: 15.522153854370117
2024-12-27 21:35:18,779 - INFO - Distillation Epoch: 5
2024-12-27 21:35:20,964 - INFO - Epoch: 5 | Train Loss: 0.6397339910268783 | CE Loss: 0.8223866194486618 | Distill Loss: 0.47525666654109955
2024-12-27 21:35:20,998 - INFO - Cosine Similarity: 0.047778580570593476, Variance: 19.429563522338867
2024-12-27 21:35:20,998 - INFO - Distillation Epoch: 6
2024-12-27 21:35:23,197 - INFO - Epoch: 6 | Train Loss: 0.6384988695383071 | CE Loss: 0.8135723829269409 | Distill Loss: 0.47578438371419907
2024-12-27 21:35:23,229 - INFO - Cosine Similarity: -0.02420082688331604, Variance: 23.399200439453125
2024-12-27 21:35:23,229 - INFO - Distillation Epoch: 7
2024-12-27 21:35:25,422 - INFO - Epoch: 7 | Train Loss: 0.63853440284729 | CE Loss: 0.8109268337488175 | Distill Loss: 0.47634903639554976
2024-12-27 21:35:25,457 - INFO - Cosine Similarity: -0.0011700058355927467, Variance: 27.339391708374023
2024-12-27 21:35:25,457 - INFO - Distillation Epoch: 8
2024-12-27 21:35:27,664 - INFO - Epoch: 8 | Train Loss: 0.6370453804731369 | CE Loss: 0.8066534131765366 | Distill Loss: 0.4757146894931793
2024-12-27 21:35:27,705 - INFO - Cosine Similarity: -0.04367682058364153, Variance: 31.296310424804688
2024-12-27 21:35:27,705 - INFO - Distillation Epoch: 9
2024-12-27 21:35:29,896 - INFO - Epoch: 9 | Train Loss: 0.6362615346908569 | CE Loss: 0.8010708063840866 | Distill Loss: 0.47604737132787706
2024-12-27 21:35:29,933 - INFO - Cosine Similarity: 0.012556743249297142, Variance: 35.226463317871094
2024-12-27 21:35:29,933 - INFO - Distillation Epoch: 10
2024-12-27 21:35:32,128 - INFO - Epoch: 10 | Train Loss: 0.6362716645002365 | CE Loss: 0.8020087957382203 | Distill Loss: 0.4758699044585228
2024-12-27 21:35:32,164 - INFO - Cosine Similarity: -0.047134286165237425, Variance: 39.18635559082031
2024-12-27 21:35:32,164 - INFO - Distillation Epoch: 11
2024-12-27 21:35:34,346 - INFO - Epoch: 11 | Train Loss: 0.6368418157100677 | CE Loss: 0.801276558637619 | Distill Loss: 0.47658650726079943
2024-12-27 21:35:34,382 - INFO - Cosine Similarity: 0.05226811207830906, Variance: 43.11044692993164
2024-12-27 21:35:34,382 - INFO - Distillation Epoch: 12
2024-12-27 21:35:36,558 - INFO - Epoch: 12 | Train Loss: 0.6347936809062957 | CE Loss: 0.78741574883461 | Distill Loss: 0.4773105293512344
2024-12-27 21:35:36,592 - INFO - Cosine Similarity: -0.03335491186007857, Variance: 47.07912063598633
2024-12-27 21:35:36,592 - INFO - Distillation Epoch: 13
2024-12-27 21:35:38,766 - INFO - Epoch: 13 | Train Loss: 0.6366336464881897 | CE Loss: 0.7961118549108506 | Distill Loss: 0.4774112731218338
2024-12-27 21:35:38,808 - INFO - Cosine Similarity: 0.026294224709272385, Variance: 51.01420211791992
2024-12-27 21:35:38,808 - INFO - Distillation Epoch: 14
2024-12-27 21:35:40,980 - INFO - Epoch: 14 | Train Loss: 0.6352448463439941 | CE Loss: 0.7932821065187454 | Distill Loss: 0.47658842653036115
2024-12-27 21:35:41,014 - INFO - Cosine Similarity: 0.032115130499005315, Variance: 54.957733154296875
2024-12-27 21:35:41,014 - INFO - Distillation Epoch: 15
2024-12-27 21:35:43,186 - INFO - Epoch: 15 | Train Loss: 0.6360922157764435 | CE Loss: 0.7896268486976623 | Distill Loss: 0.47816684693098066
2024-12-27 21:35:43,220 - INFO - Cosine Similarity: 0.01381548997014761, Variance: 58.917076110839844
2024-12-27 21:35:43,220 - INFO - Distillation Epoch: 16
2024-12-27 21:35:45,397 - INFO - Epoch: 16 | Train Loss: 0.6336711943149567 | CE Loss: 0.7800427138805389 | Distill Loss: 0.4776626542210579
2024-12-27 21:35:45,434 - INFO - Cosine Similarity: 0.0028701039031147958, Variance: 62.872840881347656
2024-12-27 21:35:45,434 - INFO - Distillation Epoch: 17
2024-12-27 21:35:47,613 - INFO - Epoch: 17 | Train Loss: 0.6340001106262207 | CE Loss: 0.7814314037561416 | Distill Loss: 0.4777138248085976
2024-12-27 21:35:47,652 - INFO - Cosine Similarity: -0.013505096826702357, Variance: 66.827880859375
2024-12-27 21:35:47,652 - INFO - Distillation Epoch: 18
2024-12-27 21:35:49,821 - INFO - Epoch: 18 | Train Loss: 0.6345805764198303 | CE Loss: 0.7785715490579606 | Distill Loss: 0.4788662552833557
2024-12-27 21:35:49,857 - INFO - Cosine Similarity: -0.030542206764221192, Variance: 70.789794921875
2024-12-27 21:35:49,857 - INFO - Distillation Epoch: 19
2024-12-27 21:35:52,028 - INFO - Epoch: 19 | Train Loss: 0.6346719652414322 | CE Loss: 0.7854769706726075 | Distill Loss: 0.4775765657424927
2024-12-27 21:35:52,061 - INFO - Cosine Similarity: 0.015515902265906333, Variance: 74.72286224365234
2024-12-27 21:35:52,061 - INFO - Distillation Epoch: 20
2024-12-27 21:35:54,228 - INFO - Epoch: 20 | Train Loss: 0.6347814828157425 | CE Loss: 0.7804582059383393 | Distill Loss: 0.47868984043598173
2024-12-27 21:35:54,277 - INFO - Cosine Similarity: -0.04269306920468807, Variance: 78.6947021484375
2024-12-27 21:36:40,595 - INFO - Distillation Epoch: 1
2024-12-27 21:36:42,673 - INFO - Epoch: 1 | Train Loss: 0.6512759417295456 | CE Loss: 0.8859631448984147 | Distill Loss: 0.47408330887556077
2024-12-27 21:36:42,705 - INFO - Cosine Similarity: -0.010433930158615112, Variance: 3.9972636699676514
2024-12-27 21:36:42,705 - INFO - Distillation Epoch: 2
2024-12-27 21:36:44,787 - INFO - Epoch: 2 | Train Loss: 0.6352591872215271 | CE Loss: 0.84075348675251 | Distill Loss: 0.4671084925532341
2024-12-27 21:36:44,812 - INFO - Cosine Similarity: -0.03531361222267151, Variance: 7.734644412994385
2024-12-27 21:36:44,812 - INFO - Distillation Epoch: 3
2024-12-27 21:36:46,877 - INFO - Epoch: 3 | Train Loss: 0.6317354381084442 | CE Loss: 0.8184966504573822 | Distill Loss: 0.4680361047387123
2024-12-27 21:36:46,914 - INFO - Cosine Similarity: -0.024104906618595122, Variance: 11.578531265258789
2024-12-27 21:36:46,915 - INFO - Distillation Epoch: 4
2024-12-27 21:36:48,985 - INFO - Epoch: 4 | Train Loss: 0.6299286872148514 | CE Loss: 0.8178705900907517 | Distill Loss: 0.46635456532239916
2024-12-27 21:36:49,017 - INFO - Cosine Similarity: 0.02492102775722742, Variance: 15.4547758102417
2024-12-27 21:36:49,017 - INFO - Distillation Epoch: 5
2024-12-27 21:36:51,105 - INFO - Epoch: 5 | Train Loss: 0.6285969257354737 | CE Loss: 0.8025429844856262 | Distill Loss: 0.46808833032846453
2024-12-27 21:36:51,136 - INFO - Cosine Similarity: -0.06911903508007526, Variance: 19.382526397705078
2024-12-27 21:36:51,136 - INFO - Distillation Epoch: 6
2024-12-27 21:36:53,221 - INFO - Epoch: 6 | Train Loss: 0.6283113896846771 | CE Loss: 0.800499215722084 | Distill Loss: 0.46821154206991195
2024-12-27 21:36:53,257 - INFO - Cosine Similarity: 0.07677834816277027, Variance: 23.246185302734375
2024-12-27 21:36:53,257 - INFO - Distillation Epoch: 7
2024-12-27 21:36:55,358 - INFO - Epoch: 7 | Train Loss: 0.6270521402359008 | CE Loss: 0.793856543302536 | Distill Loss: 0.46828082799911497
2024-12-27 21:36:55,391 - INFO - Cosine Similarity: 0.051237227488309146, Variance: 27.15616798400879
2024-12-27 21:36:55,391 - INFO - Distillation Epoch: 8
2024-12-27 21:36:57,460 - INFO - Epoch: 8 | Train Loss: 0.6278541803359985 | CE Loss: 0.7905286997556686 | Distill Loss: 0.4697484403848648
2024-12-27 21:36:57,501 - INFO - Cosine Similarity: 0.044308632239699365, Variance: 31.0669002532959
2024-12-27 21:36:57,501 - INFO - Distillation Epoch: 9
2024-12-27 21:36:59,577 - INFO - Epoch: 9 | Train Loss: 0.6257013708353043 | CE Loss: 0.784195002913475 | Distill Loss: 0.46886236816644666
2024-12-27 21:36:59,620 - INFO - Cosine Similarity: -0.018598155304789542, Variance: 35.00535583496094
2024-12-27 21:36:59,620 - INFO - Distillation Epoch: 10
2024-12-27 21:37:01,686 - INFO - Epoch: 10 | Train Loss: 0.6263515710830688 | CE Loss: 0.788070821762085 | Distill Loss: 0.46873739957809446
2024-12-27 21:37:01,723 - INFO - Cosine Similarity: 0.014854913763701915, Variance: 38.916404724121094
2024-12-27 21:37:01,723 - INFO - Distillation Epoch: 11
2024-12-27 21:37:03,784 - INFO - Epoch: 11 | Train Loss: 0.6254901021718979 | CE Loss: 0.7777527779340744 | Distill Loss: 0.4699395433068275
2024-12-27 21:37:03,823 - INFO - Cosine Similarity: 0.07711935415863991, Variance: 42.792118072509766
2024-12-27 21:37:03,823 - INFO - Distillation Epoch: 12
2024-12-27 21:37:05,894 - INFO - Epoch: 12 | Train Loss: 0.6246115922927856 | CE Loss: 0.7739926636219024 | Distill Loss: 0.4698130652308464
2024-12-27 21:37:05,926 - INFO - Cosine Similarity: -0.04384693466126919, Variance: 46.75745391845703
2024-12-27 21:37:05,926 - INFO - Distillation Epoch: 13
2024-12-27 21:37:08,006 - INFO - Epoch: 13 | Train Loss: 0.6225836038589477 | CE Loss: 0.7654271632432937 | Distill Loss: 0.46949817091226576
2024-12-27 21:37:08,036 - INFO - Cosine Similarity: 0.05341275092214346, Variance: 50.635353088378906
2024-12-27 21:37:08,036 - INFO - Distillation Epoch: 14
2024-12-27 21:37:10,104 - INFO - Epoch: 14 | Train Loss: 0.6243223696947098 | CE Loss: 0.7727516204118728 | Distill Loss: 0.4697720393538475
2024-12-27 21:37:10,144 - INFO - Cosine Similarity: 0.020068700052797796, Variance: 54.565040588378906
2024-12-27 21:37:10,144 - INFO - Distillation Epoch: 15
2024-12-27 21:37:12,212 - INFO - Epoch: 15 | Train Loss: 0.6243255019187928 | CE Loss: 0.7720176339149475 | Distill Loss: 0.46992197036743166
2024-12-27 21:37:12,244 - INFO - Cosine Similarity: 0.038417597860097887, Variance: 58.47742462158203
2024-12-27 21:37:12,244 - INFO - Distillation Epoch: 16
2024-12-27 21:37:14,312 - INFO - Epoch: 16 | Train Loss: 0.6247219711542129 | CE Loss: 0.7675938993692398 | Distill Loss: 0.4712031915783882
2024-12-27 21:37:14,354 - INFO - Cosine Similarity: -0.04805527590215206, Variance: 62.42915725708008
2024-12-27 21:37:14,354 - INFO - Distillation Epoch: 17
2024-12-27 21:37:16,424 - INFO - Epoch: 17 | Train Loss: 0.6235320568084717 | CE Loss: 0.7554903149604797 | Distill Loss: 0.47243399173021317
2024-12-27 21:37:16,455 - INFO - Cosine Similarity: -0.08041269984096289, Variance: 66.3587646484375
2024-12-27 21:37:16,455 - INFO - Distillation Epoch: 18
2024-12-27 21:37:18,519 - INFO - Epoch: 18 | Train Loss: 0.6233235865831375 | CE Loss: 0.7651658028364181 | Distill Loss: 0.47029042840003965
2024-12-27 21:37:18,558 - INFO - Cosine Similarity: 0.01682340055704117, Variance: 70.23790740966797
2024-12-27 21:37:18,558 - INFO - Distillation Epoch: 19
2024-12-27 21:37:20,634 - INFO - Epoch: 19 | Train Loss: 0.6232023268938065 | CE Loss: 0.7595102101564407 | Distill Loss: 0.4713002845644951
2024-12-27 21:37:20,670 - INFO - Cosine Similarity: 0.011653655581176281, Variance: 74.15878295898438
2024-12-27 21:37:20,670 - INFO - Distillation Epoch: 20
2024-12-27 21:37:22,737 - INFO - Epoch: 20 | Train Loss: 0.6237819910049438 | CE Loss: 0.7591279208660126 | Distill Loss: 0.4719564035534859
2024-12-27 21:37:22,778 - INFO - Cosine Similarity: -0.0314175046980381, Variance: 78.09090423583984
2024-12-27 21:38:07,920 - INFO - Distillation Epoch: 1
2024-12-27 21:38:09,996 - INFO - Epoch: 1 | Train Loss: 0.5988463878631591 | CE Loss: 0.7333221703767776 | Distill Loss: 0.4521819517016411
2024-12-27 21:38:10,020 - INFO - Cosine Similarity: -0.05427564028650522, Variance: 3.915044069290161
2024-12-27 21:38:10,028 - INFO - Distillation Epoch: 2
2024-12-27 21:38:12,103 - INFO - Epoch: 2 | Train Loss: 0.5862801969051361 | CE Loss: 0.6924026340246201 | Distill Loss: 0.44779966324567794
2024-12-27 21:38:12,128 - INFO - Cosine Similarity: 0.018743494432419537, Variance: 7.446041107177734
2024-12-27 21:38:12,128 - INFO - Distillation Epoch: 3
2024-12-27 21:38:14,206 - INFO - Epoch: 3 | Train Loss: 0.5828636109828949 | CE Loss: 0.6741113781929016 | Distill Loss: 0.44804132878780367
2024-12-27 21:38:14,236 - INFO - Cosine Similarity: -0.012123346887528896, Variance: 11.166557312011719
2024-12-27 21:38:14,236 - INFO - Distillation Epoch: 4
2024-12-27 21:38:16,312 - INFO - Epoch: 4 | Train Loss: 0.5807624608278275 | CE Loss: 0.6670704036951065 | Distill Loss: 0.4473483830690384
2024-12-27 21:38:16,343 - INFO - Cosine Similarity: -0.03162718340754509, Variance: 14.88755989074707
2024-12-27 21:38:16,344 - INFO - Distillation Epoch: 5
2024-12-27 21:38:18,446 - INFO - Epoch: 5 | Train Loss: 0.5810653388500213 | CE Loss: 0.6597919821739197 | Distill Loss: 0.44910694658756256
2024-12-27 21:38:18,478 - INFO - Cosine Similarity: 0.0005547920241951943, Variance: 18.634769439697266
2024-12-27 21:38:18,478 - INFO - Distillation Epoch: 6
2024-12-27 21:38:20,555 - INFO - Epoch: 6 | Train Loss: 0.5813711434602737 | CE Loss: 0.6583489090204239 | Distill Loss: 0.4497013479471207
2024-12-27 21:38:20,586 - INFO - Cosine Similarity: 0.021376019343733788, Variance: 22.39316177368164
2024-12-27 21:38:20,586 - INFO - Distillation Epoch: 7
2024-12-27 21:38:22,662 - INFO - Epoch: 7 | Train Loss: 0.5792017221450806 | CE Loss: 0.6507540792226791 | Distill Loss: 0.44905090928077696
2024-12-27 21:38:22,694 - INFO - Cosine Similarity: -0.012391007505357265, Variance: 26.168771743774414
2024-12-27 21:38:22,694 - INFO - Distillation Epoch: 8
2024-12-27 21:38:24,779 - INFO - Epoch: 8 | Train Loss: 0.5788041621446609 | CE Loss: 0.6477342635393143 | Distill Loss: 0.4492573082447052
2024-12-27 21:38:24,819 - INFO - Cosine Similarity: 0.02380030117928982, Variance: 29.919219970703125
2024-12-27 21:38:24,819 - INFO - Distillation Epoch: 9
2024-12-27 21:38:26,911 - INFO - Epoch: 9 | Train Loss: 0.5773935139179229 | CE Loss: 0.6390747517347336 | Distill Loss: 0.4495785653591156
2024-12-27 21:38:26,960 - INFO - Cosine Similarity: 0.021499655023217202, Variance: 33.69287872314453
2024-12-27 21:38:26,960 - INFO - Distillation Epoch: 10
2024-12-27 21:38:29,045 - INFO - Epoch: 10 | Train Loss: 0.5776598036289216 | CE Loss: 0.6397476941347122 | Distill Loss: 0.44971026480197906
2024-12-27 21:38:29,079 - INFO - Cosine Similarity: 0.014369297213852406, Variance: 37.46843338012695
2024-12-27 21:38:29,079 - INFO - Distillation Epoch: 11
2024-12-27 21:38:31,156 - INFO - Epoch: 11 | Train Loss: 0.5758538216352462 | CE Loss: 0.6248701453208924 | Distill Loss: 0.45087979137897494
2024-12-27 21:38:31,187 - INFO - Cosine Similarity: 0.006721198931336403, Variance: 41.24582290649414
2024-12-27 21:38:31,187 - INFO - Distillation Epoch: 12
2024-12-27 21:38:33,270 - INFO - Epoch: 12 | Train Loss: 0.5770343333482743 | CE Loss: 0.6331938713788986 | Distill Loss: 0.45039556324481966
2024-12-27 21:38:33,304 - INFO - Cosine Similarity: -0.005485050100833178, Variance: 45.012813568115234
2024-12-27 21:38:33,304 - INFO - Distillation Epoch: 13
2024-12-27 21:38:35,370 - INFO - Epoch: 13 | Train Loss: 0.5775424331426621 | CE Loss: 0.6362660109996796 | Distill Loss: 0.45028923004865645
2024-12-27 21:38:35,416 - INFO - Cosine Similarity: 0.0036664843559265138, Variance: 48.77631759643555
2024-12-27 21:38:35,416 - INFO - Distillation Epoch: 14
2024-12-27 21:38:37,494 - INFO - Epoch: 14 | Train Loss: 0.5768097311258316 | CE Loss: 0.6254034996032715 | Distill Loss: 0.4517290398478508
2024-12-27 21:38:37,542 - INFO - Cosine Similarity: 0.02590616066008806, Variance: 52.54948806762695
2024-12-27 21:38:37,542 - INFO - Distillation Epoch: 15
2024-12-27 21:38:39,611 - INFO - Epoch: 15 | Train Loss: 0.5762294203042984 | CE Loss: 0.6253240048885346 | Distill Loss: 0.45116461962461474
2024-12-27 21:38:39,650 - INFO - Cosine Similarity: -6.358399987220764e-05, Variance: 56.32524871826172
2024-12-27 21:38:39,650 - INFO - Distillation Epoch: 16
2024-12-27 21:38:41,721 - INFO - Epoch: 16 | Train Loss: 0.5764960080385209 | CE Loss: 0.6256657868623734 | Distill Loss: 0.45136284083127975
2024-12-27 21:38:41,760 - INFO - Cosine Similarity: -0.01960906684398651, Variance: 60.10297775268555
2024-12-27 21:38:41,761 - INFO - Distillation Epoch: 17
2024-12-27 21:38:43,853 - INFO - Epoch: 17 | Train Loss: 0.5747065573930741 | CE Loss: 0.6174105256795883 | Distill Loss: 0.4512244537472725
2024-12-27 21:38:43,879 - INFO - Cosine Similarity: 0.005090571567416191, Variance: 63.866905212402344
2024-12-27 21:38:43,879 - INFO - Distillation Epoch: 18
2024-12-27 21:38:45,961 - INFO - Epoch: 18 | Train Loss: 0.5760985791683197 | CE Loss: 0.6228702038526535 | Distill Loss: 0.45152453929185865
2024-12-27 21:38:45,998 - INFO - Cosine Similarity: 0.026158190332353115, Variance: 67.63612365722656
2024-12-27 21:38:45,998 - INFO - Distillation Epoch: 19
2024-12-27 21:38:48,086 - INFO - Epoch: 19 | Train Loss: 0.5756333708763123 | CE Loss: 0.6200509786605835 | Distill Loss: 0.4516231745481491
2024-12-27 21:38:48,119 - INFO - Cosine Similarity: -0.020654306933283805, Variance: 71.42474365234375
2024-12-27 21:38:48,119 - INFO - Distillation Epoch: 20
2024-12-27 21:38:50,202 - INFO - Epoch: 20 | Train Loss: 0.5743376702070236 | CE Loss: 0.6129794269800186 | Distill Loss: 0.45174178332090376
2024-12-27 21:38:50,232 - INFO - Cosine Similarity: 0.011644289270043373, Variance: 75.1903076171875
2024-12-27 21:39:36,262 - INFO - Distillation Epoch: 1
2024-12-27 21:39:38,324 - INFO - Epoch: 1 | Train Loss: 0.5900899767875671 | CE Loss: 0.7337743014097213 | Distill Loss: 0.4433351084589958
2024-12-27 21:39:38,356 - INFO - Cosine Similarity: -0.036368760652840136, Variance: 3.8773884773254395
2024-12-27 21:39:38,356 - INFO - Distillation Epoch: 2
2024-12-27 21:39:40,416 - INFO - Epoch: 2 | Train Loss: 0.577359077334404 | CE Loss: 0.6988699615001679 | Distill Loss: 0.43758508414030073
2024-12-27 21:39:40,450 - INFO - Cosine Similarity: 0.0121706897392869, Variance: 7.3976731300354
2024-12-27 21:39:40,450 - INFO - Distillation Epoch: 3
2024-12-27 21:39:42,511 - INFO - Epoch: 3 | Train Loss: 0.5728169173002243 | CE Loss: 0.6816556841135025 | Distill Loss: 0.4364857792854309
2024-12-27 21:39:42,544 - INFO - Cosine Similarity: 0.002805434912443161, Variance: 11.103822708129883
2024-12-27 21:39:42,544 - INFO - Distillation Epoch: 4
2024-12-27 21:39:44,613 - INFO - Epoch: 4 | Train Loss: 0.5701132565736771 | CE Loss: 0.6682473629713058 | Distill Loss: 0.43646378070116043
2024-12-27 21:39:44,637 - INFO - Cosine Similarity: -0.0015526305884122848, Variance: 14.841527938842773
2024-12-27 21:39:44,637 - INFO - Distillation Epoch: 5
2024-12-27 21:39:46,721 - INFO - Epoch: 5 | Train Loss: 0.5685727894306183 | CE Loss: 0.6624106377363205 | Distill Loss: 0.4360906586050987
2024-12-27 21:39:46,757 - INFO - Cosine Similarity: 0.019016263261437415, Variance: 18.582679748535156
2024-12-27 21:39:46,757 - INFO - Distillation Epoch: 6
2024-12-27 21:39:48,960 - INFO - Epoch: 6 | Train Loss: 0.5691079705953598 | CE Loss: 0.6611048847436904 | Distill Loss: 0.43688699454069135
2024-12-27 21:39:48,994 - INFO - Cosine Similarity: -0.001515064388513565, Variance: 22.353580474853516
2024-12-27 21:39:48,994 - INFO - Distillation Epoch: 7
2024-12-27 21:39:51,192 - INFO - Epoch: 7 | Train Loss: 0.568358963727951 | CE Loss: 0.6541597455739975 | Distill Loss: 0.4375270068645477
2024-12-27 21:39:51,233 - INFO - Cosine Similarity: 0.0012933015823364258, Variance: 26.12249183654785
2024-12-27 21:39:51,233 - INFO - Distillation Epoch: 8
2024-12-27 21:39:53,443 - INFO - Epoch: 8 | Train Loss: 0.5676255851984024 | CE Loss: 0.65044384598732 | Distill Loss: 0.4375368237495422
2024-12-27 21:39:53,463 - INFO - Cosine Similarity: 0.017736546508967877, Variance: 29.8911190032959
2024-12-27 21:39:53,463 - INFO - Distillation Epoch: 9
2024-12-27 21:39:55,679 - INFO - Epoch: 9 | Train Loss: 0.5678180038928986 | CE Loss: 0.6481927156448364 | Distill Loss: 0.43817944824695587
2024-12-27 21:39:55,721 - INFO - Cosine Similarity: -0.011907632276415826, Variance: 33.67000198364258
2024-12-27 21:39:55,721 - INFO - Distillation Epoch: 10
2024-12-27 21:39:57,933 - INFO - Epoch: 10 | Train Loss: 0.5653374999761581 | CE Loss: 0.6394963264465332 | Distill Loss: 0.43743822574615476
2024-12-27 21:39:57,969 - INFO - Cosine Similarity: 0.0008477993309497833, Variance: 37.44013214111328
2024-12-27 21:39:57,969 - INFO - Distillation Epoch: 11
2024-12-27 21:40:00,165 - INFO - Epoch: 11 | Train Loss: 0.5664880037307739 | CE Loss: 0.6391553819179535 | Distill Loss: 0.4386569201946259
2024-12-27 21:40:00,200 - INFO - Cosine Similarity: -0.002111843973398209, Variance: 41.215614318847656
2024-12-27 21:40:00,200 - INFO - Distillation Epoch: 12
2024-12-27 21:40:02,416 - INFO - Epoch: 12 | Train Loss: 0.5661175280809403 | CE Loss: 0.6342244446277618 | Distill Loss: 0.4392726331949234
2024-12-27 21:40:02,447 - INFO - Cosine Similarity: 0.019459861516952514, Variance: 44.99103546142578
2024-12-27 21:40:02,447 - INFO - Distillation Epoch: 13
2024-12-27 21:40:04,651 - INFO - Epoch: 13 | Train Loss: 0.5649471670389176 | CE Loss: 0.6341598242521286 | Distill Loss: 0.43811519891023637
2024-12-27 21:40:04,686 - INFO - Cosine Similarity: -0.009710624255239964, Variance: 48.76824188232422
2024-12-27 21:40:04,686 - INFO - Distillation Epoch: 14
2024-12-27 21:40:06,877 - INFO - Epoch: 14 | Train Loss: 0.5642381459474564 | CE Loss: 0.62841115295887 | Distill Loss: 0.43855591416358947
2024-12-27 21:40:06,907 - INFO - Cosine Similarity: -0.01738771200180054, Variance: 52.55632400512695
2024-12-27 21:40:06,907 - INFO - Distillation Epoch: 15
2024-12-27 21:40:09,098 - INFO - Epoch: 15 | Train Loss: 0.5653852075338364 | CE Loss: 0.6297671347856522 | Distill Loss: 0.4394317865371704
2024-12-27 21:40:09,131 - INFO - Cosine Similarity: 0.008434911072254182, Variance: 56.313453674316406
2024-12-27 21:40:09,131 - INFO - Distillation Epoch: 16
2024-12-27 21:40:11,313 - INFO - Epoch: 16 | Train Loss: 0.5643758982419967 | CE Loss: 0.6270598024129868 | Distill Loss: 0.43896393179893495
2024-12-27 21:40:11,357 - INFO - Cosine Similarity: 0.02284982055425644, Variance: 60.085792541503906
2024-12-27 21:40:11,357 - INFO - Distillation Epoch: 17
2024-12-27 21:40:13,528 - INFO - Epoch: 17 | Train Loss: 0.5637589365243911 | CE Loss: 0.626127490401268 | Distill Loss: 0.4385334312915802
2024-12-27 21:40:13,566 - INFO - Cosine Similarity: -0.004645250737667084, Variance: 63.8690071105957
2024-12-27 21:40:13,566 - INFO - Distillation Epoch: 18
2024-12-27 21:40:15,706 - INFO - Epoch: 18 | Train Loss: 0.5651505261659622 | CE Loss: 0.628004577755928 | Distill Loss: 0.439549608528614
2024-12-27 21:40:15,746 - INFO - Cosine Similarity: 0.005939248204231262, Variance: 67.64749908447266
2024-12-27 21:40:15,746 - INFO - Distillation Epoch: 19
2024-12-27 21:40:17,939 - INFO - Epoch: 19 | Train Loss: 0.5638869017362594 | CE Loss: 0.6208978503942489 | Distill Loss: 0.4397073298692703
2024-12-27 21:40:17,979 - INFO - Cosine Similarity: 0.0068673379719257355, Variance: 71.42890930175781
2024-12-27 21:40:17,979 - INFO - Distillation Epoch: 20
2024-12-27 21:40:20,165 - INFO - Epoch: 20 | Train Loss: 0.5634517520666122 | CE Loss: 0.6182841807603836 | Distill Loss: 0.4397949129343033
2024-12-27 21:40:20,200 - INFO - Cosine Similarity: -0.0027457062155008317, Variance: 75.20851135253906
2024-12-27 21:41:07,249 - INFO - Distillation Epoch: 1
2024-12-27 21:41:09,421 - INFO - Epoch: 1 | Train Loss: 0.6201301544904709 | CE Loss: 0.759712815284729 | Distill Loss: 0.4681875854730606
2024-12-27 21:41:09,456 - INFO - Cosine Similarity: 0.01793009040411562, Variance: 4.2162322998046875
2024-12-27 21:41:09,456 - INFO - Distillation Epoch: 2
2024-12-27 21:41:11,646 - INFO - Epoch: 2 | Train Loss: 0.6021335572004318 | CE Loss: 0.7167660981416702 | Distill Loss: 0.45878033638000487
2024-12-27 21:41:11,686 - INFO - Cosine Similarity: -0.008148852549493314, Variance: 8.195135116577148
2024-12-27 21:41:11,686 - INFO - Distillation Epoch: 3
2024-12-27 21:41:13,874 - INFO - Epoch: 3 | Train Loss: 0.5994082033634186 | CE Loss: 0.7038282126188278 | Distill Loss: 0.4586425557732582
2024-12-27 21:41:13,906 - INFO - Cosine Similarity: 0.03781659668311477, Variance: 12.286356925964355
2024-12-27 21:41:13,906 - INFO - Distillation Epoch: 4
2024-12-27 21:41:16,093 - INFO - Epoch: 4 | Train Loss: 0.5968945980072021 | CE Loss: 0.6918518602848053 | Distill Loss: 0.4585242196917534
2024-12-27 21:41:16,129 - INFO - Cosine Similarity: 0.027991301938891412, Variance: 16.444469451904297
2024-12-27 21:41:16,129 - INFO - Distillation Epoch: 5
2024-12-27 21:41:18,323 - INFO - Epoch: 5 | Train Loss: 0.5959743440151215 | CE Loss: 0.6919353187084198 | Distill Loss: 0.4575872778892517
2024-12-27 21:41:18,356 - INFO - Cosine Similarity: 0.03420243784785271, Variance: 20.602676391601562
2024-12-27 21:41:18,356 - INFO - Distillation Epoch: 6
2024-12-27 21:41:20,532 - INFO - Epoch: 6 | Train Loss: 0.595842233300209 | CE Loss: 0.6840953975915909 | Distill Loss: 0.4590231478214264
2024-12-27 21:41:20,572 - INFO - Cosine Similarity: -0.007002409268170595, Variance: 24.786418914794922
2024-12-27 21:41:20,572 - INFO - Distillation Epoch: 7
2024-12-27 21:41:22,766 - INFO - Epoch: 7 | Train Loss: 0.5945362597703934 | CE Loss: 0.6754024207592011 | Distill Loss: 0.4594557657837868
2024-12-27 21:41:22,804 - INFO - Cosine Similarity: -0.019278273172676563, Variance: 28.95639419555664
2024-12-27 21:41:22,804 - INFO - Distillation Epoch: 8
2024-12-27 21:41:24,991 - INFO - Epoch: 8 | Train Loss: 0.5950169384479522 | CE Loss: 0.6786481589078903 | Distill Loss: 0.45928730070590973
2024-12-27 21:41:25,021 - INFO - Cosine Similarity: -0.02345709055662155, Variance: 33.130332946777344
2024-12-27 21:41:25,021 - INFO - Distillation Epoch: 9
2024-12-27 21:41:27,219 - INFO - Epoch: 9 | Train Loss: 0.5940677404403687 | CE Loss: 0.6711403340101242 | Distill Loss: 0.4598396733403206
2024-12-27 21:41:27,255 - INFO - Cosine Similarity: 0.059913181513547895, Variance: 37.268123626708984
2024-12-27 21:41:27,255 - INFO - Distillation Epoch: 10
2024-12-27 21:41:29,444 - INFO - Epoch: 10 | Train Loss: 0.5932657122612 | CE Loss: 0.6671993255615234 | Distill Loss: 0.4598258510231972
2024-12-27 21:41:29,479 - INFO - Cosine Similarity: -0.046031998470425606, Variance: 41.48980712890625
2024-12-27 21:41:29,479 - INFO - Distillation Epoch: 11
2024-12-27 21:41:31,663 - INFO - Epoch: 11 | Train Loss: 0.5920964926481247 | CE Loss: 0.6607615321874618 | Distill Loss: 0.4599441811442375
2024-12-27 21:41:31,697 - INFO - Cosine Similarity: 0.09481868669390678, Variance: 45.59843826293945
2024-12-27 21:41:31,697 - INFO - Distillation Epoch: 12
2024-12-27 21:41:33,891 - INFO - Epoch: 12 | Train Loss: 0.5928851872682571 | CE Loss: 0.6609415709972382 | Distill Loss: 0.4606968730688095
2024-12-27 21:41:33,921 - INFO - Cosine Similarity: -0.058172551169991496, Variance: 49.8365592956543
2024-12-27 21:41:33,921 - INFO - Distillation Epoch: 13
2024-12-27 21:41:36,121 - INFO - Epoch: 13 | Train Loss: 0.5915154337882995 | CE Loss: 0.6527213305234909 | Distill Loss: 0.4609711691737175
2024-12-27 21:41:36,153 - INFO - Cosine Similarity: 0.030188338737934826, Variance: 53.96608352661133
2024-12-27 21:41:36,153 - INFO - Distillation Epoch: 14
2024-12-27 21:41:38,333 - INFO - Epoch: 14 | Train Loss: 0.5916381299495697 | CE Loss: 0.6580353200435638 | Distill Loss: 0.46003106236457825
2024-12-27 21:41:38,376 - INFO - Cosine Similarity: 0.009135880647227168, Variance: 58.154052734375
2024-12-27 21:41:38,376 - INFO - Distillation Epoch: 15
2024-12-27 21:41:40,563 - INFO - Epoch: 15 | Train Loss: 0.5912748515605927 | CE Loss: 0.6518750220537186 | Distill Loss: 0.4608998477458954
2024-12-27 21:41:40,597 - INFO - Cosine Similarity: -0.07396190203726291, Variance: 62.34111404418945
2024-12-27 21:41:40,597 - INFO - Distillation Epoch: 16
2024-12-27 21:41:42,783 - INFO - Epoch: 16 | Train Loss: 0.5909202218055725 | CE Loss: 0.6486109673976899 | Distill Loss: 0.4611980214715004
2024-12-27 21:41:42,813 - INFO - Cosine Similarity: -0.0280201680958271, Variance: 66.48556518554688
2024-12-27 21:41:42,813 - INFO - Distillation Epoch: 17
2024-12-27 21:41:45,006 - INFO - Epoch: 17 | Train Loss: 0.5912005305290222 | CE Loss: 0.6561815053224563 | Distill Loss: 0.4599642246961594
2024-12-27 21:41:45,030 - INFO - Cosine Similarity: -0.010496613662689924, Variance: 70.64559173583984
2024-12-27 21:41:45,030 - INFO - Distillation Epoch: 18
2024-12-27 21:41:47,221 - INFO - Epoch: 18 | Train Loss: 0.5908970177173615 | CE Loss: 0.6483696162700653 | Distill Loss: 0.46122309416532514
2024-12-27 21:41:47,256 - INFO - Cosine Similarity: 0.06307100467383861, Variance: 74.79779815673828
2024-12-27 21:41:47,256 - INFO - Distillation Epoch: 19
2024-12-27 21:41:49,446 - INFO - Epoch: 19 | Train Loss: 0.5919651508331298 | CE Loss: 0.6545262545347214 | Distill Loss: 0.4610598996281624
2024-12-27 21:41:49,480 - INFO - Cosine Similarity: 0.022473864257335663, Variance: 78.9718017578125
2024-12-27 21:41:49,480 - INFO - Distillation Epoch: 20
2024-12-27 21:41:51,663 - INFO - Epoch: 20 | Train Loss: 0.5907845795154572 | CE Loss: 0.6471127092838287 | Distill Loss: 0.4613620325922966
2024-12-27 21:41:51,706 - INFO - Cosine Similarity: 0.014027884230017662, Variance: 83.1435546875
2024-12-27 21:42:38,582 - INFO - Distillation Epoch: 1
2024-12-27 21:42:40,781 - INFO - Epoch: 1 | Train Loss: 0.6832334071397781 | CE Loss: 0.995659077167511 | Distill Loss: 0.48410159200429914
2024-12-27 21:42:40,819 - INFO - Cosine Similarity: -0.0543672826141119, Variance: 3.9005236625671387
2024-12-27 21:42:40,819 - INFO - Distillation Epoch: 2
2024-12-27 21:42:43,022 - INFO - Epoch: 2 | Train Loss: 0.659442999958992 | CE Loss: 0.9272825717926025 | Distill Loss: 0.4739864856004715
2024-12-27 21:42:43,050 - INFO - Cosine Similarity: -0.02958202166482806, Variance: 7.688995361328125
2024-12-27 21:42:43,050 - INFO - Distillation Epoch: 3
2024-12-27 21:42:45,231 - INFO - Epoch: 3 | Train Loss: 0.6548028528690338 | CE Loss: 0.9025324374437332 | Distill Loss: 0.47429635375738144
2024-12-27 21:42:45,265 - INFO - Cosine Similarity: 0.024262627959251402, Variance: 11.581588745117188
2024-12-27 21:42:45,265 - INFO - Distillation Epoch: 4
2024-12-27 21:42:47,403 - INFO - Epoch: 4 | Train Loss: 0.6541378498077393 | CE Loss: 0.8881576627492904 | Distill Loss: 0.4765063181519508
2024-12-27 21:42:47,436 - INFO - Cosine Similarity: 0.011314802616834641, Variance: 15.532278060913086
2024-12-27 21:42:47,436 - INFO - Distillation Epoch: 5
2024-12-27 21:42:49,551 - INFO - Epoch: 5 | Train Loss: 0.6519696176052093 | CE Loss: 0.8805920720100403 | Distill Loss: 0.47585119903087614
2024-12-27 21:42:49,579 - INFO - Cosine Similarity: 0.017480372823774813, Variance: 19.472972869873047
2024-12-27 21:42:49,579 - INFO - Distillation Epoch: 6
2024-12-27 21:42:51,665 - INFO - Epoch: 6 | Train Loss: 0.6522096008062362 | CE Loss: 0.8803423792123795 | Distill Loss: 0.476141120493412
2024-12-27 21:42:51,701 - INFO - Cosine Similarity: -0.0022760670632123946, Variance: 23.436077117919922
2024-12-27 21:42:51,701 - INFO - Distillation Epoch: 7
2024-12-27 21:42:53,845 - INFO - Epoch: 7 | Train Loss: 0.6507984906435013 | CE Loss: 0.8701559543609619 | Distill Loss: 0.4767672955989838
2024-12-27 21:42:53,877 - INFO - Cosine Similarity: 0.026246398501098157, Variance: 27.381948471069336
2024-12-27 21:42:53,877 - INFO - Distillation Epoch: 8
2024-12-27 21:42:56,002 - INFO - Epoch: 8 | Train Loss: 0.6511962831020355 | CE Loss: 0.8704519182443619 | Distill Loss: 0.4771058961749077
2024-12-27 21:42:56,035 - INFO - Cosine Similarity: -0.021934413770213722, Variance: 31.34975814819336
2024-12-27 21:42:56,035 - INFO - Distillation Epoch: 9
2024-12-27 21:42:58,168 - INFO - Epoch: 9 | Train Loss: 0.6506548374891281 | CE Loss: 0.86800297498703 | Distill Loss: 0.4770542412996292
2024-12-27 21:42:58,196 - INFO - Cosine Similarity: -0.028397069685161112, Variance: 35.311363220214844
2024-12-27 21:42:58,196 - INFO - Distillation Epoch: 10
2024-12-27 21:43:00,388 - INFO - Epoch: 10 | Train Loss: 0.6513957738876343 | CE Loss: 0.8734010964632034 | Distill Loss: 0.4767155542969704
2024-12-27 21:43:00,436 - INFO - Cosine Similarity: 0.02773851826786995, Variance: 39.24713897705078
2024-12-27 21:43:00,436 - INFO - Distillation Epoch: 11
2024-12-27 21:43:02,580 - INFO - Epoch: 11 | Train Loss: 0.6504646301269531 | CE Loss: 0.8614076435565948 | Distill Loss: 0.47818309217691424
2024-12-27 21:43:02,616 - INFO - Cosine Similarity: 0.019048439152538777, Variance: 43.21228790283203
2024-12-27 21:43:02,616 - INFO - Distillation Epoch: 12
2024-12-27 21:43:04,749 - INFO - Epoch: 12 | Train Loss: 0.6488582730293274 | CE Loss: 0.8583705991506576 | Distill Loss: 0.4771841481328011
2024-12-27 21:43:04,781 - INFO - Cosine Similarity: -0.012170865014195443, Variance: 47.178226470947266
2024-12-27 21:43:04,782 - INFO - Distillation Epoch: 13
2024-12-27 21:43:07,008 - INFO - Epoch: 13 | Train Loss: 0.6490995645523071 | CE Loss: 0.8595585525035858 | Distill Loss: 0.47718785107135775
2024-12-27 21:43:07,032 - INFO - Cosine Similarity: 0.029820393398404123, Variance: 51.11539840698242
2024-12-27 21:43:07,032 - INFO - Distillation Epoch: 14
2024-12-27 21:43:09,268 - INFO - Epoch: 14 | Train Loss: 0.6498140841722488 | CE Loss: 0.8511270314455033 | Distill Loss: 0.4795886754989624
2024-12-27 21:43:09,304 - INFO - Cosine Similarity: 0.013300631241872907, Variance: 55.07865524291992
2024-12-27 21:43:09,304 - INFO - Distillation Epoch: 15
2024-12-27 21:43:11,507 - INFO - Epoch: 15 | Train Loss: 0.6500495731830597 | CE Loss: 0.8562457114458084 | Distill Loss: 0.47880042940378187
2024-12-27 21:43:11,540 - INFO - Cosine Similarity: 0.024268686957657336, Variance: 59.02875518798828
2024-12-27 21:43:11,540 - INFO - Distillation Epoch: 16
2024-12-27 21:43:13,736 - INFO - Epoch: 16 | Train Loss: 0.6498582094907761 | CE Loss: 0.8548464775085449 | Distill Loss: 0.4788889139890671
2024-12-27 21:43:13,766 - INFO - Cosine Similarity: 0.028031011298298835, Variance: 62.9895133972168
2024-12-27 21:43:13,774 - INFO - Distillation Epoch: 17
2024-12-27 21:43:15,957 - INFO - Epoch: 17 | Train Loss: 0.6504099100828171 | CE Loss: 0.8491631984710694 | Distill Loss: 0.48057726174592974
2024-12-27 21:43:16,000 - INFO - Cosine Similarity: 0.016301481425762175, Variance: 66.95841217041016
2024-12-27 21:43:16,000 - INFO - Distillation Epoch: 18
2024-12-27 21:43:18,189 - INFO - Epoch: 18 | Train Loss: 0.6497165977954864 | CE Loss: 0.8512286484241486 | Distill Loss: 0.47947086840868
2024-12-27 21:43:18,216 - INFO - Cosine Similarity: -0.04487709105014801, Variance: 70.94155883789062
2024-12-27 21:43:18,216 - INFO - Distillation Epoch: 19
2024-12-27 21:43:20,417 - INFO - Epoch: 19 | Train Loss: 0.6477897435426712 | CE Loss: 0.8449179619550705 | Distill Loss: 0.4788061499595642
2024-12-27 21:43:20,450 - INFO - Cosine Similarity: 0.008247152902185917, Variance: 74.88042449951172
2024-12-27 21:43:20,450 - INFO - Distillation Epoch: 20
2024-12-27 21:43:22,650 - INFO - Epoch: 20 | Train Loss: 0.6478849679231644 | CE Loss: 0.8442681223154068 | Distill Loss: 0.47903133630752565
2024-12-27 21:43:22,680 - INFO - Cosine Similarity: 0.017238799016922712, Variance: 78.84066772460938
